<?xml version="1.0" encoding="UTF-8" standalone="no"?>
<tt xmlns:tt="http://www.w3.org/ns/ttml" xmlns:ttm="http://www.w3.org/ns/ttml#metadata" xmlns:ttp="http://www.w3.org/ns/ttml#parameter" xmlns:tts="http://www.w3.org/ns/ttml#styling" ttp:tickRate="10000000" ttp:timeBase="media" xmlns="http://www.w3.org/ns/ttml">
<head>
<ttp:profile use="http://netflix.com/ttml/profile/dfxp-ls-sdh"/>
<styling>
<style tts:color="white" tts:fontSize="100%" tts:fontStyle="italic" tts:fontWeight="normal" xml:id="style_1"/>
<style tts:backgroundColor="transparent" tts:color="white" tts:fontSize="100%" tts:fontStyle="italic" tts:fontWeight="normal" xml:id="style_2"/>
<style tts:backgroundColor="transparent" tts:color="white" tts:fontSize="100%" tts:fontWeight="normal" xml:id="style_3"/>
<style tts:color="white" tts:fontSize="100%" tts:fontWeight="normal" xml:id="style_4"/>
</styling>
<layout>
<region tts:displayAlign="after" tts:extent="80.00% 80.00%" tts:origin="10.00% 10.00%" tts:textAlign="center" xml:id="region_1"/>
<region tts:displayAlign="before" tts:extent="80.00% 80.00%" tts:origin="10.00% 10.00%" tts:textAlign="center" xml:id="region_2"/>
</layout>
</head>
<body>
<div xml:space="preserve">
<p begin="160400000t" end="194800000t" region="region_1" xml:id="subtitle0"><span style="style_4">"My husband and I are deeply touched</span><br/><span style="style_4">by our welcome here."</span></p>
<p begin="195600000t" end="216800000t" region="region_1" xml:id="subtitle1"><span style="style_4">-Ma'am?</span><br/><span style="style_4">-Yes. How long do we have?</span></p>
<p begin="217600000t" end="230400000t" region="region_1" xml:id="subtitle2"><span style="style_4">We land in ten minutes.</span></p>
<p begin="238400000t" end="249200000t" region="region_1" xml:id="subtitle3"><span style="style_4">No. Martin.</span></p>
<p begin="256800000t" end="282000000t" region="region_1" xml:id="subtitle4"><span style="style_4">-Will there be a microphone?</span><br/><span style="style_4">-I'm sure, ma'am.</span></p>
<p begin="282800000t" end="301200000t" region="region_1" xml:id="subtitle5"><span style="style_4">"Little more than 50 years ago..."</span></p>
<p begin="434400000t" end="446800000t" region="region_1" xml:id="subtitle6"><span style="style_4">[brass band plays]</span></p>
<p begin="666000000t" end="714000000t" region="region_1" xml:id="subtitle7"><span style="style_3">"My husband and I are deeply touched</span><br/><span style="style_3">by our welcome here this morning.</span></p>
<p begin="726400000t" end="762800000t" region="region_1" xml:id="subtitle8"><span style="style_3">Little more than 50 years ago,</span><br/><span style="style_3">Nairobi was a savage place,</span></p>
<p begin="773200000t" end="798000000t" region="region_1" xml:id="subtitle9"><span style="style_3">the home of wild animals</span><br/><span style="style_3">and uninhabited</span></p>
<p begin="798800000t" end="833200000t" region="region_1" xml:id="subtitle10"><span style="style_3">except for the occasional band</span><br/><span style="style_3">of nomadic herdsmen.</span></p>
<p begin="834000000t" end="866000000t" region="region_1" xml:id="subtitle11"><span style="style_3">Now, it is a modern, vibrant city,</span></p>
<p begin="866800001t" end="896800001t" region="region_1" xml:id="subtitle12"><span style="style_3">a striking tribute</span><br/><span style="style_3">to the men and women of all races,</span></p>
<p begin="897600000t" end="928000000t" region="region_1" xml:id="subtitle13"><span style="style_3">who have made it a great center</span><br/><span style="style_3">of commerce and finance.</span></p>
<p begin="937600000t" end="972400000t" region="region_1" xml:id="subtitle14"><span style="style_3">Now, it remains only for me</span><br/><span style="style_3">to pass on the apologies</span></p>
<p begin="973200000t" end="995200000t" region="region_1" xml:id="subtitle15"><span style="style_3">of my father, King George..."</span></p>
<p begin="1066800001t" end="1110000000t" region="region_1" xml:id="subtitle16"><span style="style_3">Who is, no doubt, very jealous indeed</span><br/><span style="style_3">that I have come in his place.</span></p>
<p begin="1110800000t" end="1130800000t" region="region_1" xml:id="subtitle17"><span style="style_3">He's getting stronger every day.</span></p>
<p begin="1142000000t" end="1168000000t" region="region_1" xml:id="subtitle18"><span style="style_3">And he will be here</span><br/><span style="style_3">with you all again very soon.</span></p>
<p begin="1234400000t" end="1262000000t" region="region_1" xml:id="subtitle19"><span style="style_4">Your Royal Highness, may I present</span></p>
<p begin="1262800000t" end="1299600000t" region="region_1" xml:id="subtitle20"><span style="style_4">Senior Chief Waruhiu wa Kung'u</span><br/><span style="style_4">of the Kikuyu.</span></p>
<p begin="1300399999t" end="1327600000t" region="region_1" xml:id="subtitle21"><span style="style_4">-Hello.</span><br/><span style="style_4">-Chief Sironka of the Kipsigis.</span></p>
<p begin="1328400000t" end="1338400000t" region="region_1" xml:id="subtitle22"><span style="style_4">-Hello.</span><br/><span style="style_4">-Good morning.</span></p>
<p begin="1339200000t" end="1362400000t" region="region_1" xml:id="subtitle23"><span style="style_4">-Lembui of the Maasai.</span><br/><span style="style_4">-Yes, hello.</span></p>
<p begin="1363200000t" end="1384000000t" region="region_1" xml:id="subtitle24"><span style="style_4">-Pelipel of the Turkana.</span><br/><span style="style_4">-Such a pleasure.</span></p>
<p begin="1384800000t" end="1417600000t" region="region_1" xml:id="subtitle25"><span style="style_4">Oh, gosh, look, I've got that one,</span><br/><span style="style_4">and that one, actually.</span></p>
<p begin="1423200000t" end="1445200000t" region="region_1" xml:id="subtitle26"><span style="style_4">Oh, Christ, I've got that one too.</span><br/><span style="style_4">Look!</span></p>
<p begin="1455200000t" end="1486400000t" region="region_1" xml:id="subtitle27"><span style="style_4">Oh, come off it, where did you steal</span><br/><span style="style_4">that one from, eh?</span></p>
<p begin="1487200000t" end="1515200000t" region="region_1" xml:id="subtitle28"><span style="style_4">Independence is sweeping</span><br/><span style="style_4">across the continent.</span></p>
<p begin="1526000000t" end="1558400000t" region="region_1" xml:id="subtitle29"><span style="style_4">Their support is important</span><br/><span style="style_4">more than ever.</span></p>
<p begin="1559200000t" end="1590000000t" region="region_1" xml:id="subtitle30"><span style="style_4">-Yes, thank you.</span><br/><span style="style_4">-Oh, like the hat.</span></p>
<p begin="1628800000t" end="1656400000t" region="region_1" xml:id="subtitle31"><span style="style_4">It's not a hat. It's a crown.</span></p>
<p begin="2513600000t" end="2529200000t" region="region_1" xml:id="subtitle32"><span style="style_4">Breathe in, Your Majesty.</span></p>
<p begin="2576800000t" end="2588400000t" region="region_1" xml:id="subtitle33"><span style="style_4">And out.</span></p>
<p begin="2637200000t" end="2648000000t" region="region_1" xml:id="subtitle34"><span style="style_4">Well, well.</span></p>
<p begin="2662000000t" end="2688400000t" region="region_1" xml:id="subtitle35"><span style="style_4">I tell you, I woke up this morning</span><br/><span style="style_4">feeling like a new man.</span></p>
<p begin="2701600000t" end="2720400000t" region="region_1" xml:id="subtitle36"><span style="style_4">I think you should enjoy it, sir.</span></p>
<p begin="2745200000t" end="2767200000t" region="region_1" xml:id="subtitle37"><span style="style_4">Enjoy every minute while you can.</span></p>
<p begin="2783200000t" end="2797600000t" region="region_1" xml:id="subtitle38"><span style="style_4">Well, I intend to.</span></p>
<p begin="2804400000t" end="2834800000t" region="region_1" xml:id="subtitle39"><span style="style_4">And I'll head straight to Sandringham</span><br/><span style="style_4">if you give me the all-clear to shoot.</span></p>
<p begin="2835600000t" end="2849200000t" region="region_1" xml:id="subtitle40"><span style="style_4">Consider it given.</span></p>
<p begin="2860800000t" end="2885600000t" region="region_1" xml:id="subtitle41"><span style="style_4">-[bell ringing]</span><br/><span style="style_4">-[horn beeping]</span></p>
<p begin="2945200000t" end="2973200000t" region="region_1" xml:id="subtitle42"><span style="style_4">-Sorry, ma'am, can I help you?</span><br/><span style="style_4">-Oh, Venetia Scott. I'm new.</span></p>
<p begin="2974000000t" end="3015200000t" region="region_1" xml:id="subtitle43"><span style="style_4">It's all right. She's with me.</span><br/><span style="style_4">Come along. Thank you.</span></p>
<p begin="3047600000t" end="3065600000t" region="region_1" xml:id="subtitle44"><span style="style_4">-He's awake.</span><br/><span style="style_4">-Yes, sir.</span></p>
<p begin="3080000000t" end="3108800000t" region="region_1" xml:id="subtitle45"><span style="style_4">Actually, he's asked to see you.</span></p>
<p begin="3210400000t" end="3240000000t" region="region_1" xml:id="subtitle46"><span style="style_4">Oh. [grunts]</span></p>
<p begin="3315600000t" end="3329200000t" region="region_1" xml:id="subtitle47"><span style="style_4">Uh... Um...</span></p>
<p begin="3400000000t" end="3429600000t" region="region_1" xml:id="subtitle48"><span style="style_4">-Prime Minister?</span><br/><span style="style_4">-[Churchill] Is that the new girl?</span></p>
<p begin="3441600000t" end="3493600000t" region="region_1" xml:id="subtitle49"><span style="style_4">-Yes, sir. Venetia.</span><br/><span style="style_4">-Louisa?</span></p>
<p begin="3503600000t" end="3522400000t" region="region_1" xml:id="subtitle50"><span style="style_4">-Venetia.</span><br/><span style="style_4">-Venetia.</span></p>
<p begin="3523200000t" end="3570000000t" region="region_1" xml:id="subtitle51"><span style="style_4">Have they told you terrible things,</span><br/><span style="style_4">your colleagues downstairs?</span></p>
<p begin="3582000000t" end="3600000000t" region="region_1" xml:id="subtitle52"><span style="style_4">Go on. Be candid.</span></p>
<p begin="3608800000t" end="3654400000t" region="region_1" xml:id="subtitle53"><span style="style_4">It is said... you can be difficult.</span></p>
<p begin="3655200000t" end="3678000000t" region="region_1" xml:id="subtitle54"><span style="style_4">I can be a monster.</span><br/><span style="style_4">Did they say that?</span></p>
<p begin="3678800000t" end="3700400000t" region="region_1" xml:id="subtitle55"><span style="style_4">-Yes, sir.</span><br/><span style="style_4">-It's true.</span></p>
<p begin="3701200000t" end="3727600000t" region="region_1" xml:id="subtitle56"><span style="style_4">But you need to be a monster</span><br/><span style="style_4">to defeat Hitler.</span></p>
<p begin="3734800000t" end="3764400000t" region="region_1" xml:id="subtitle57"><span style="style_4">-Did Jock give you my box?</span><br/><span style="style_4">-He did, sir.</span></p>
<p begin="3765200000t" end="3775200000t" region="region_1" xml:id="subtitle58"><span style="style_4">What's in it?</span></p>
<p begin="3788000000t" end="3826400000t" region="region_1" xml:id="subtitle59"><span style="style_4">-You'd like me to open it?</span><br/><span style="style_4">-Unless you have X-ray vision,</span></p>
<p begin="3827200000t" end="3874800000t" region="region_1" xml:id="subtitle60"><span style="style_4">you will need to open it, so as</span><br/><span style="style_4">to be able to tell me what's in it.</span></p>
<p begin="3902400000t" end="3912400000t" region="region_1" xml:id="subtitle61"><span style="style_4">Well?</span></p>
<p begin="3926000000t" end="3953200000t" region="region_1" xml:id="subtitle62"><span style="style_4">-Some papers about rationing.</span><br/><span style="style_4">-What else?</span></p>
<p begin="3954000000t" end="3970800000t" region="region_1" xml:id="subtitle63"><span style="style_4">Some papers from the Exchequer.</span></p>
<p begin="3971600001t" end="4014000000t" region="region_1" xml:id="subtitle64"><span style="style_4">Anything from the Foreign Office?</span><br/><span style="style_4">About America or the Soviet Union?</span></p>
<p begin="4014800000t" end="4037200000t" region="region_1" xml:id="subtitle65"><span style="style_4">-No, sir.</span><br/><span style="style_4">-Oh, very well.</span></p>
<p begin="4042400000t" end="4084400000t" region="region_1" xml:id="subtitle66"><span style="style_4">Then start with the Exchequer.</span><br/><span style="style_4">Read it aloud.</span></p>
<p begin="4085200000t" end="4119600000t" region="region_1" xml:id="subtitle67"><span style="style_4">Don't be alarmed</span><br/><span style="style_4">if you hear no response.</span></p>
<p begin="4120400000t" end="4146800000t" region="region_1" xml:id="subtitle68"><span style="style_4">I shall be making mental notes.</span></p>
<p begin="4147600000t" end="4174400000t" region="region_1" xml:id="subtitle69"><span style="style_4">-"The economic situation--</span><br/><span style="style_4">-What?</span></p>
<p begin="4256400000t" end="4310800000t" region="region_1" xml:id="subtitle70"><span style="style_4">"The economic situation we have</span><br/><span style="style_4">inherited is worse than 1949...</span></p>
<p begin="4326000000t" end="4347600000t" region="region_1" xml:id="subtitle71"><span style="style_4">and, in many ways, worse-- [yelps]</span></p>
<p begin="4368400000t" end="4397600000t" region="region_1" xml:id="subtitle72"><span style="style_4">worse than 1947.</span></p>
<p begin="4419200000t" end="4439600000t" region="region_1" xml:id="subtitle73"><span style="style_4">Confidence in Sterling is impaired.</span></p>
<p begin="4444800000t" end="4482400000t" region="region_1" xml:id="subtitle74"><span style="style_4">And now our latest estimates</span><br/><span style="style_4">suggest that in 1952..."</span></p>
<p begin="4483200000t" end="4516800000t" region="region_1" xml:id="subtitle75"><span style="style_4">...the United Kingdom will have</span><br/><span style="style_4">a deficit on its general balance</span></p>
<p begin="4517600000t" end="4571200000t" region="region_1" xml:id="subtitle76"><span style="style_4">of overseas payments of between</span><br/><span style="style_4">five and 600 million pounds.</span></p>
<p begin="4572000000t" end="4620000000t" region="region_1" xml:id="subtitle77"><span style="style_4">Given these circumstances, I'd be</span><br/><span style="style_4">interested to hear the PM's views</span></p>
<p begin="4626000000t" end="4668000000t" region="region_1" xml:id="subtitle78"><span style="style_4">regarding the chances for recovery.</span></p>
<p begin="4768000000t" end="4797200000t" region="region_1" xml:id="subtitle79"><span style="style_4">Either we get rid of him now</span><br/><span style="style_4">or we lose the next election</span></p>
<p begin="4798000000t" end="4826400000t" region="region_1" xml:id="subtitle80"><span style="style_4">and, quite possibly,</span><br/><span style="style_4">lose power for a whole generation.</span></p>
<p begin="4827200000t" end="4854800000t" region="region_1" xml:id="subtitle81"><span style="style_4">You must act, Anthony!</span><br/><span style="style_4">This is your time.</span></p>
<p begin="4855600000t" end="4888800000t" region="region_1" xml:id="subtitle82"><span style="style_4">The country needs</span><br/><span style="style_4">a younger, more dynamic man.</span></p>
<p begin="4889600000t" end="4918400000t" region="region_1" xml:id="subtitle83"><span style="style_4">And what do you expect me to do? Hmm?</span></p>
<p begin="4950800000t" end="4968000000t" region="region_1" xml:id="subtitle84"><span style="style_4">He's the party leader.</span></p>
<p begin="4978400000t" end="5022000000t" region="region_1" xml:id="subtitle85"><span style="style_4">And he became party leader</span><br/><span style="style_4">on our recommendation.</span></p>
<p begin="5036000000t" end="5057600000t" region="region_1" xml:id="subtitle86"><span style="style_4">I can't just push him out.</span></p>
<p begin="5058400000t" end="5089600000t" region="region_1" xml:id="subtitle87"><span style="style_4">Then you must go and see</span><br/><span style="style_4">the one person who can.</span></p>
<p begin="5154800000t" end="5170800000t" region="region_1" xml:id="subtitle88"><span style="style_4">[cheering]</span></p>
<p begin="5416400000t" end="5441600000t" region="region_1" xml:id="subtitle89"><span style="style_4">[clapping and chanting]</span></p>
<p begin="5518000000t" end="5553600000t" region="region_1" xml:id="subtitle90"><span style="style_4">-Welcome to Sagana Lodge, ma'am.</span><br/><span style="style_4">-Thank you very much.</span></p>
<p begin="5592400000t" end="5602400000t" region="region_1" xml:id="subtitle91"><span style="style_4">Hello.</span></p>
<p begin="5609600000t" end="5637600000t" region="region_1" xml:id="subtitle92"><span style="style_4">Are those for me?</span><br/><span style="style_4">Thank you very much.</span></p>
<p begin="5689600000t" end="5710400000t" region="region_1" xml:id="subtitle93"><span style="style_2">-Karibu.</span><br/><span style="style_4">-Thank you.</span></p>
<p begin="5734800000t" end="5773200000t" region="region_1" xml:id="subtitle94"><span style="style_4">Apparently, there's a large breeding</span><br/><span style="style_4">herd of elephants at Treetops.</span></p>
<p begin="5774000000t" end="5805200000t" region="region_1" xml:id="subtitle95"><span style="style_4">-So we've got to get there early.</span><br/><span style="style_4">-Not too early, I hope.</span></p>
<p begin="5830400000t" end="5867600000t" region="region_1" xml:id="subtitle96"><span style="style_4">And why? What else have you got</span><br/><span style="style_4">in mind for our little holiday?</span></p>
<p begin="5881200000t" end="5903600000t" region="region_1" xml:id="subtitle97"><span style="style_4">Why does everybody think,</span><br/><span style="style_4">just because we're royal,</span></p>
<p begin="5904400000t" end="5931600000t" region="region_1" xml:id="subtitle98"><span style="style_4">we like fine dining?</span><br/><span style="style_4">Don't they realize we're savages?</span></p>
<p begin="5932400000t" end="5955600000t" region="region_1" xml:id="subtitle99"><span style="style_4">Good for nothing</span><br/><span style="style_4">but school dinners and nursery food.</span></p>
<p begin="5956400000t" end="5984000000t" region="region_1" xml:id="subtitle100"><span style="style_4">It's all right, you can use your</span><br/><span style="style_4">fingers.</span></p>
<p begin="5984800000t" end="6016000000t" region="region_1" xml:id="subtitle101"><span style="style_4">-Philip.</span><br/><span style="style_4">-Look, stop, watch.</span></p>
<p begin="6128400000t" end="6138400000t" region="region_1" xml:id="subtitle102"><span style="style_4">Ma'am.</span></p>
<p begin="6160800000t" end="6171600000t" region="region_1" xml:id="subtitle103"><span style="style_4">Your Royal Highness.</span></p>
<p begin="6181600000t" end="6191600000t" region="region_1" xml:id="subtitle104"><span style="style_4">Kiss me.</span></p>
<p begin="6218800000t" end="6230000000t" region="region_1" xml:id="subtitle105"><span style="style_4">Come on.</span></p>
<p begin="6248400000t" end="6288800000t" region="region_1" xml:id="subtitle106"><span style="style_4">His Majesty will return</span><br/><span style="style_4">from the shoot at 4 p.m.</span></p>
<p begin="6487600000t" end="6518000000t" region="region_1" xml:id="subtitle107"><span style="style_4">-Good afternoon, sir.</span><br/><span style="style_4">-Good afternoon.</span></p>
<p begin="6518800000t" end="6544800000t" region="region_1" xml:id="subtitle108"><span style="style_4">His Majesty wondered</span><br/><span style="style_4">if you'd mind accompanying him</span></p>
<p begin="6545600000t" end="6568800000t" region="region_1" xml:id="subtitle109"><span style="style_4">on the shoot at Beecher's Club today.</span></p>
<p begin="6577200000t" end="6596000000t" region="region_1" xml:id="subtitle110"><span style="style_4">No, not at all.</span></p>
<p begin="6596800000t" end="6626000000t" region="region_1" xml:id="subtitle111"><span style="style_4">Still rather wet underfoot, I'm</span><br/><span style="style_4">afraid, after the storms yesterday,</span></p>
<p begin="6626800000t" end="6644800000t" region="region_1" xml:id="subtitle112"><span style="style_4">but we can provide you</span><br/><span style="style_4">with Wellington boots.</span></p>
<p begin="6645600000t" end="6672800000t" region="region_1" xml:id="subtitle113"><span style="style_4">-There's no need to worry.</span><br/><span style="style_4">-What size are you, sir?</span></p>
<p begin="6673600000t" end="6686400000t" region="region_1" xml:id="subtitle114"><span style="style_4">Nine and a half.</span></p>
<p begin="6698000000t" end="6744000000t" region="region_1" xml:id="subtitle115"><span style="style_4">Though my riding boots are a ten,</span><br/><span style="style_4">and my trench boots were an 11.</span></p>
<p begin="6758800000t" end="6775600000t" region="region_1" xml:id="subtitle116"><span style="style_4">Make of that what you will.</span></p>
<p begin="6776400000t" end="6788400000t" region="region_1" xml:id="subtitle117"><span style="style_4">[shouting]</span></p>
<p begin="6882800000t" end="6912000000t" region="region_1" xml:id="subtitle118"><span style="style_4">Much of this</span><br/><span style="style_4">is just a function of age.</span></p>
<p begin="6932800000t" end="6949200000t" region="region_1" xml:id="subtitle119"><span style="style_4">He focuses almost entirely</span></p>
<p begin="6950000000t" end="6986400000t" region="region_1" xml:id="subtitle120"><span style="style_4">on issues relating to America</span><br/><span style="style_4">and the Soviet Union,</span></p>
<p begin="6987200000t" end="7008000000t" region="region_1" xml:id="subtitle121"><span style="style_4">so important domestic matters...</span></p>
<p begin="7033600000t" end="7060000000t" region="region_1" xml:id="subtitle122"><span style="style_4">-are falling behind.</span><br/><span style="style_4">-[coughing]</span></p>
<p begin="7107600000t" end="7127200000t" region="region_1" xml:id="subtitle123"><span style="style_4">What do you suggest I do?</span></p>
<p begin="7128000000t" end="7155600000t" region="region_1" xml:id="subtitle124"><span style="style_4">Well, as sovereign, of course,</span><br/><span style="style_4">there is nothing you can do</span></p>
<p begin="7156400000t" end="7178000000t" region="region_1" xml:id="subtitle125"><span style="style_4">from a constitutional standpoint.</span></p>
<p begin="7200400000t" end="7257600000t" region="region_1" xml:id="subtitle126"><span style="style_4">But, as a friend... as Albert Windsor,</span></p>
<p begin="7258400000t" end="7298000000t" region="region_1" xml:id="subtitle127"><span style="style_4">you are the one person I can think of</span><br/><span style="style_4">to whom he might listen.</span></p>
<p begin="7306400000t" end="7363200000t" region="region_1" xml:id="subtitle128"><span style="style_4">Well, that is where we run</span><br/><span style="style_4">into difficulties, I'm afraid.</span></p>
<p begin="7364000000t" end="7406800000t" region="region_1" xml:id="subtitle129"><span style="style_4">I no longer am Albert Windsor.</span></p>
<p begin="7407600000t" end="7474400001t" region="region_1" xml:id="subtitle130"><span style="style_4">That person was murdered by his</span><br/><span style="style_4">elder brother... when he abdicated.</span></p>
<p begin="7475200000t" end="7502800000t" region="region_1" xml:id="subtitle131"><span style="style_4">And, of course,</span><br/><span style="style_4">Albert Windsor would dearly love</span></p>
<p begin="7503600000t" end="7557600000t" region="region_1" xml:id="subtitle132"><span style="style_4">to say to his old friend,</span><br/><span style="style_4">Winston Churchill, "Take a step back.</span></p>
<p begin="7558400000t" end="7597600000t" region="region_1" xml:id="subtitle133"><span style="style_4">Put your feet up. Let the younger</span><br/><span style="style_4">generation have a go now."</span></p>
<p begin="7616000000t" end="7634000000t" region="region_1" xml:id="subtitle134"><span style="style_4">But he is no longer with us</span></p>
<p begin="7634800000t" end="7680800000t" region="region_1" xml:id="subtitle135"><span style="style_4">and that void has been filled</span><br/><span style="style_4">by George the VI</span></p>
<p begin="7681600000t" end="7715200000t" region="region_1" xml:id="subtitle136"><span style="style_4">who, it turns out,</span><br/><span style="style_4">is quite the stickler,</span></p>
<p begin="7716000000t" end="7769600000t" region="region_1" xml:id="subtitle137"><span style="style_4">and... [clears throat]</span><br/><span style="style_4">no more allow the sovereign</span></p>
<p begin="7770400000t" end="7816000000t" region="region_1" xml:id="subtitle138"><span style="style_4">to interfere with the Prime Minister</span><br/><span style="style_4">than stand for office himself.</span></p>
<p begin="7816800000t" end="7844800000t" region="region_1" xml:id="subtitle139"><span style="style_4">Even when it's in</span><br/><span style="style_4">the national interest, sir?</span></p>
<p begin="7845600000t" end="7885600000t" region="region_1" xml:id="subtitle140"><span style="style_4">The national interests?</span><br/><span style="style_4">Or Anthony Eden's interest?</span></p>
<p begin="7998800000t" end="8014000000t" region="region_1" xml:id="subtitle141"><span style="style_4">[King George coughs]</span></p>
<p begin="8028000000t" end="8054000000t" region="region_1" xml:id="subtitle142"><span style="style_4">The reason I agreed to grant you</span><br/><span style="style_4">an audience,</span></p>
<p begin="8054800000t" end="8084800000t" region="region_1" xml:id="subtitle143"><span style="style_4">not to hear your grievances</span><br/><span style="style_4">about Mr. Churchill</span></p>
<p begin="8085600000t" end="8105600000t" region="region_1" xml:id="subtitle144"><span style="style_4">but to communicate mine about you.</span></p>
<p begin="8121600000t" end="8133200000t" region="region_1" xml:id="subtitle145"><span style="style_4">Sir?</span></p>
<p begin="8144800000t" end="8168800000t" region="region_1" xml:id="subtitle146"><span style="style_4">The PM will step down in time.</span></p>
<p begin="8182800000t" end="8211200000t" region="region_1" xml:id="subtitle147"><span style="style_4">And until then, as sovereign,</span></p>
<p begin="8212000000t" end="8270800000t" region="region_1" xml:id="subtitle148"><span style="style_4">I do have the right to be consulted,</span><br/><span style="style_4">to encourage, to warn.</span></p>
<p begin="8281200000t" end="8347200000t" region="region_1" xml:id="subtitle149"><span style="style_4">It is better to be patient and get</span><br/><span style="style_4">what you desire in the right time...</span></p>
<p begin="8360400000t" end="8401200000t" region="region_1" xml:id="subtitle150"><span style="style_4">than have high office thrust upon you</span><br/><span style="style_4">when you are not ready.</span></p>
<p begin="8422000000t" end="8442400000t" region="region_1" xml:id="subtitle151"><span style="style_4">I speak from personal experience.</span></p>
<p begin="8472800000t" end="8486000000t" region="region_1" xml:id="subtitle152"><span style="style_4">Foreign Secretary.</span></p>
<p begin="8496000000t" end="8516000000t" region="region_1" xml:id="subtitle153"><span style="style_4">-Your Majesty.</span><br/><span style="style_4">-Sir.</span></p>
<p begin="8606000000t" end="8618000000t" region="region_1" xml:id="subtitle154"><span style="style_4">Shall we begin to walk back, sir?</span></p>
<p begin="8924400000t" end="8958400000t" region="region_1" xml:id="subtitle155"><span style="style_4">Use the accelerator,</span><br/><span style="style_4">we'll be all right. Thank you.</span></p>
<p begin="8959200000t" end="8976000000t" region="region_1" xml:id="subtitle156"><span style="style_4">-Are we on foot from here?</span><br/><span style="style_4">-Philip. Philip.</span></p>
<p begin="8976800000t" end="9003200000t" region="region_1" xml:id="subtitle157"><span style="style_4">-Looks that way, sir.</span><br/><span style="style_4">-Thank you. Thank you.</span></p>
<p begin="9004000000t" end="9021200000t" region="region_1" xml:id="subtitle158"><span style="style_4">-Your Highness.</span><br/><span style="style_4">-Thank you.</span></p>
<p begin="9032800000t" end="9053600000t" region="region_1" xml:id="subtitle159"><span style="style_4">I'm your guide.</span><br/><span style="style_4">I'll take you to Treetops.</span></p>
<p begin="9054400000t" end="9075200000t" region="region_1" xml:id="subtitle160"><span style="style_4">[Philip] Jolly good. Thank you.</span></p>
<p begin="9076000000t" end="9107200000t" region="region_1" xml:id="subtitle161"><span style="style_4">Pass me my rifle. Thank you.</span><br/><span style="style_4">And the shells.</span></p>
<p begin="9160000000t" end="9196800000t" region="region_1" xml:id="subtitle162"><span style="style_4">[guide] But I must ask you to proceed</span><br/><span style="style_4">in total silence from here on.</span></p>
<p begin="9197600000t" end="9216000000t" region="region_1" xml:id="subtitle163"><span style="style_4">Do not speak</span><br/><span style="style_4">unless absolutely necessary</span></p>
<p begin="9216800000t" end="9237600000t" region="region_1" xml:id="subtitle164"><span style="style_4">and then, only using a low voice.</span></p>
<p begin="9238400000t" end="9262400000t" region="region_1" xml:id="subtitle165"><span style="style_4">Along the way, we</span><br/><span style="style_4">may have to use some hand signals.</span></p>
<p begin="9268000000t" end="9289200000t" region="region_1" xml:id="subtitle166"><span style="style_4">This means stop and this means</span><br/><span style="style_4">freeze.</span></p>
<p begin="9290000000t" end="9326000000t" region="region_1" xml:id="subtitle167"><span style="style_4">We'll move in small groups, single</span><br/><span style="style_4">file, maximum three at a time.</span></p>
<p begin="9326800000t" end="9355200000t" region="region_1" xml:id="subtitle168"><span style="style_4">It's alright. We'll be fine.</span><br/><span style="style_4">After you, darling.</span></p>
<p begin="9356000000t" end="9377600000t" region="region_1" xml:id="subtitle169"><span style="style_4">[guide] Stay close, please, arms length.</span></p>
<p begin="9550400000t" end="9588000000t" region="region_1" xml:id="subtitle170"><span style="style_2">Tembo! </span><span style="style_3">[repeating]</span></p>
<p begin="9592800000t" end="9604800000t" region="region_1" xml:id="subtitle171"><span style="style_4">White flag.</span></p>
<p begin="9630000000t" end="9641200000t" region="region_1" xml:id="subtitle172"><span style="style_4">Go now!</span></p>
<p begin="9777600000t" end="9803200000t" region="region_1" xml:id="subtitle173"><span style="style_4">[softly] Well, well, well, look at you.</span></p>
<p begin="9838800000t" end="9853600000t" region="region_1" xml:id="subtitle174"><span style="style_4">[guide] Move slowly around me.</span></p>
<p begin="9879600000t" end="9901600000t" region="region_1" xml:id="subtitle175"><span style="style_4">They'll drop the ladder for you</span><br/><span style="style_4">and I'll keep him distracted.</span></p>
<p begin="9902400000t" end="9929200000t" region="region_1" xml:id="subtitle176"><span style="style_4">No, no, no.</span><br/><span style="style_4">You stay with the Princess.</span></p>
<p begin="9930000000t" end="9955200000t" region="region_1" xml:id="subtitle177"><span style="style_4">-Philip!</span><br/><span style="style_4">-Elizabeth, go. Go!</span></p>
<p begin="9956000000t" end="9984400000t" region="region_1" xml:id="subtitle178"><span style="style_4">Right, Your Highness.</span><br/><span style="style_4">Stay close. Hold onto my jacket.</span></p>
<p begin="10074800000t" end="10114800000t" region="region_1" xml:id="subtitle179"><span style="style_4">It's all right, Elizabeth.</span><br/><span style="style_4">Easy, easy, hey, hey, hey!</span></p>
<p begin="10115600000t" end="10158400000t" region="region_1" xml:id="subtitle180"><span style="style_4">Hey, hey, hey! Over here! Over here!</span></p>
<p begin="10159200000t" end="10177200000t" region="region_1" xml:id="subtitle181"><span style="style_4">Here I am.</span></p>
<p begin="10191200000t" end="10210000000t" region="region_1" xml:id="subtitle182"><span style="style_4">Your Highness, very slowly.</span></p>
<p begin="10283199999t" end="10308399999t" region="region_1" xml:id="subtitle183"><span style="style_4">Easy, easy, stay with me.</span></p>
<p begin="10309200000t" end="10326800000t" region="region_1" xml:id="subtitle184"><span style="style_4">Now keep going, Your Highness,</span><br/><span style="style_4">keep going. Quickly.</span></p>
<p begin="10327600000t" end="10371199999t" region="region_1" xml:id="subtitle185"><span style="style_4">Hey, hey, stay with me. Away! Away!</span></p>
<p begin="10404000000t" end="10443599999t" region="region_1" xml:id="subtitle186"><span style="style_4">Back away. Back you go.</span></p>
<p begin="10450799999t" end="10467600000t" region="region_1" xml:id="subtitle187"><span style="style_4">Easy.</span></p>
<p begin="10487200000t" end="10500400000t" region="region_1" xml:id="subtitle188"><span style="style_4">You're the king.</span></p>
<p begin="10532000000t" end="10542000000t" region="region_1" xml:id="subtitle189"><span style="style_4">Good boy.</span></p>
<p begin="10586000000t" end="10622000000t" region="region_1" xml:id="subtitle190"><span style="style_4">Christ. [chuckles]</span></p>
<p begin="10666800000t" end="10678400000t" region="region_1" xml:id="subtitle191"><span style="style_4">-Excuse me, old chap.</span><br/><span style="style_4">-Sir.</span></p>
<p begin="10684800000t" end="10698400000t" region="region_1" xml:id="subtitle192"><span style="style_4">How can you do that?</span></p>
<p begin="10725200000t" end="10748800000t" region="region_1" xml:id="subtitle193"><span style="style_4">-You're a bloody idiot.</span><br/><span style="style_4">-I am.</span></p>
<p begin="10782400000t" end="10792400000t" region="region_1" xml:id="subtitle194"><span style="style_4">Thank you.</span></p>
<p begin="10833600000t" end="10859200000t" region="region_1" xml:id="subtitle195"><span style="style_4">-I've been thinking.</span><br/><span style="style_4">-Uh-oh.</span></p>
<p begin="10892800000t" end="10927600000t" region="region_1" xml:id="subtitle196"><span style="style_4">If Papa's condition</span><br/><span style="style_4">should continue to improve,</span></p>
<p begin="10928400000t" end="10958000000t" region="region_1" xml:id="subtitle197"><span style="style_4">well, I thought</span><br/><span style="style_4">I'd ask if we might return to Malta.</span></p>
<p begin="10964400000t" end="10996800000t" region="region_1" xml:id="subtitle198"><span style="style_4">-You can resume your Naval career.</span><br/><span style="style_4">-Really?</span></p>
<p begin="10997600000t" end="11012000000t" region="region_1" xml:id="subtitle199"><span style="style_4">Hmm.</span></p>
<p begin="11032800000t" end="11056800000t" region="region_1" xml:id="subtitle200"><span style="style_4">I know you've missed our life there.</span></p>
<p begin="11069200000t" end="11079200000t" region="region_1" xml:id="subtitle201"><span style="style_4">I have.</span></p>
<p begin="11096400000t" end="11130000000t" region="region_1" xml:id="subtitle202"><span style="style_4">Well, I have too. Very much.</span></p>
<p begin="11178400000t" end="11192000000t" region="region_1" xml:id="subtitle203"><span style="style_4">I'll write to Papa.</span></p>
<p begin="11299600000t" end="11310400000t" region="region_1" xml:id="subtitle204"><span style="style_4">-No.</span><br/><span style="style_4">-Yes.</span></p>
<p begin="11311200000t" end="11319200000t" region="region_1" xml:id="subtitle205"><span style="style_4">-No.</span><br/><span style="style_4">-Yes.</span></p>
<p begin="11320000000t" end="11334800000t" region="region_1" xml:id="subtitle206"><span style="style_4">-Absolutely not.</span><br/><span style="style_4">-Absolutely so.</span></p>
<p begin="11335600000t" end="11352000000t" region="region_1" xml:id="subtitle207"><span style="style_4">-No, no! No!</span><br/><span style="style_4">-Come on. Just one.</span></p>
<p begin="11352800000t" end="11374000000t" region="region_1" xml:id="subtitle208"><span style="style_4">-Come on. I just want a sloppy one.</span><br/><span style="style_4">-No. There's never just one!</span></p>
<p begin="11374800000t" end="11394800000t" region="region_1" xml:id="subtitle209"><span style="style_4">-There is.</span><br/><span style="style_4">-No!</span></p>
<p begin="11395600000t" end="11425600000t" region="region_1" xml:id="subtitle210"><span style="style_3">-No!</span><br/><span style="style_3">-Shh.</span><span style="style_2"> Tembo. Tembo.</span></p>
<p begin="11558000000t" end="11572000000t" region="region_1" xml:id="subtitle211"><span style="style_4">[Elizabeth gasps]</span></p>
<p begin="11803600000t" end="11838000000t" region="region_1" xml:id="subtitle212"><span style="style_4">-Thank you.</span><br/><span style="style_4">-Thank you.</span></p>
<p begin="11838800000t" end="11850400000t" region="region_1" xml:id="subtitle213"><span style="style_2">Karibu.</span></p>
<p begin="11892800000t" end="11922000000t" region="region_1" xml:id="subtitle214"><span style="style_4">Anyone not here, speak out!</span></p>
<p begin="11922800000t" end="11935600000t" region="region_1" xml:id="subtitle215"><span style="style_4">[gentle chuckling]</span></p>
<p begin="11960000000t" end="11978000000t" region="region_1" xml:id="subtitle216"><span style="style_4">-Right.</span><br/><span style="style_4">-Morning, gentlemen. Here we are.</span></p>
<p begin="11978800000t" end="12039200000t" region="region_1" xml:id="subtitle217"><span style="style_4">Eight guns today, numbering</span><br/><span style="style_4">from the right, moving up two each...</span></p>
<p begin="12051200000t" end="12072000000t" region="region_1" xml:id="subtitle218"><span style="style_4">each drive.</span></p>
<p begin="12072800000t" end="12100000000t" region="region_1" xml:id="subtitle219"><span style="style_4">So, if you draw one or eight,</span></p>
<p begin="12100800000t" end="12137200000t" region="region_1" xml:id="subtitle220"><span style="style_4">not to worry, you'll be</span><br/><span style="style_4">in the thick of it soon enough.</span></p>
<p begin="12166000000t" end="12211200000t" region="region_1" xml:id="subtitle221"><span style="style_4">Two short blasts on the horn</span><br/><span style="style_4">will indicate the drive's over.</span></p>
<p begin="12245200000t" end="12274400000t" region="region_1" xml:id="subtitle222"><span style="style_4">So, when you're ready, into the</span><br/><span style="style_4">vehicles. Thank you very much.</span></p>
<p begin="12308000000t" end="12331200000t" region="region_1" xml:id="subtitle223"><span style="style_4">-Hello.</span><br/><span style="style_4">-Room for one more?</span></p>
<p begin="12336800000t" end="12348800000t" region="region_1" xml:id="subtitle224"><span style="style_4">Always.</span></p>
<p begin="12386000000t" end="12408400000t" region="region_1" xml:id="subtitle225"><span style="style_4">-Right then.</span><br/><span style="style_4">-Easy on the clutch,</span></p>
<p begin="12409200000t" end="12433600000t" region="region_1" xml:id="subtitle226"><span style="style_4">eyes on the road, not too fast.</span></p>
<p begin="12434400000t" end="12457200000t" region="region_1" xml:id="subtitle227"><span style="style_4">Don't worry.</span><br/><span style="style_4">I'll be gentle with you, Papa.</span></p>
<p begin="12556000000t" end="12604800000t" region="region_1" xml:id="subtitle228"><span style="style_3">♪ </span><span style="style_2">Couldn't sleep and wouldn't sleep </span><span style="style_3">♪</span></p>
<p begin="12605600000t" end="12657200000t" region="region_1" xml:id="subtitle229"><span style="style_3">♪ </span><span style="style_2">When love came and told me</span><br/><span style="style_2">I shouldn't sleep </span><span style="style_3">♪</span></p>
<p begin="12658000000t" end="12727200000t" region="region_1" xml:id="subtitle230"><span style="style_3">♪ </span><span style="style_2">Bewitched, bothered</span><br/><span style="style_2">And bewildered, am I? </span><span style="style_3">♪</span></p>
<p begin="12770400000t" end="12803600000t" region="region_1" xml:id="subtitle231"><span style="style_3">♪ </span><span style="style_2">Lost my heart, but what of it? </span><span style="style_3">♪</span></p>
<p begin="12824800000t" end="12877200000t" region="region_1" xml:id="subtitle232"><span style="style_3">-♪ </span><span style="style_2">He is cold, I agree </span><span style="style_3">♪</span><br/><span style="style_2">-</span><span style="style_3">♪ </span><span style="style_2">I agree </span><span style="style_3">♪</span></p>
<p begin="12878000000t" end="12923200000t" region="region_1" xml:id="subtitle233"><span style="style_2">-</span><span style="style_3">♪ </span><span style="style_2">He can laugh but I love him </span><span style="style_3">♪</span><br/><span style="style_2">-</span><span style="style_3">♪ </span><span style="style_2">He can laugh but I love him </span><span style="style_3">♪</span></p>
<p begin="12924000000t" end="12980400000t" region="region_1" xml:id="subtitle234"><span style="style_2">-</span><span style="style_3">♪ </span><span style="style_2">Although the laugh's on me </span><span style="style_3">♪</span><br/><span style="style_2">-</span><span style="style_3">♪ </span><span style="style_2">On me </span><span style="style_3">♪</span></p>
<p begin="12981200000t" end="13038000000t" region="region_1" xml:id="subtitle235"><span style="style_3">♪ </span><span style="style_2">I'll sing to him</span><br/><span style="style_2">Each spring to him </span><span style="style_3">♪</span></p>
<p begin="13038800001t" end="13088400000t" region="region_1" xml:id="subtitle236"><span style="style_3">♪ </span><span style="style_2">And long for the day</span><br/><span style="style_2">When I cling to him </span><span style="style_3">♪</span></p>
<p begin="13098400000t" end="13151600000t" region="region_1" xml:id="subtitle237"><span style="style_3">♪ </span><span style="style_2">Bewitched, bothered</span><br/><span style="style_2">And bewildered </span><span style="style_3">♪</span></p>
<p begin="13166800000t" end="13206800000t" region="region_1" xml:id="subtitle238"><span style="style_3">♪ </span><span style="style_2">Am I? </span><span style="style_3">♪</span></p>
<p begin="13235600000t" end="13245600000t" region="region_1" xml:id="subtitle239"><span style="style_4">[applause]</span></p>
<p begin="13323200000t" end="13337600000t" region="region_1" xml:id="subtitle240"><span style="style_4">Bravo!</span></p>
<p begin="13417200000t" end="13447200000t" region="region_1" xml:id="subtitle241"><span style="style_3">[man on TV] </span><span style="style_2">The crowd's cheers heralded</span><br/><span style="style_2">the arrival of the King's car,</span></p>
<p begin="13448000000t" end="13480000000t" region="region_1" xml:id="subtitle242"><span style="style_2">bringing Their Majesties</span><br/><span style="style_2">and Princess Margaret to the airport</span></p>
<p begin="13480800000t" end="13508000000t" region="region_1" xml:id="subtitle243"><span style="style_2">for a last farewell</span><br/><span style="style_2">to the Royal travelers.</span></p>
<p begin="13508800000t" end="13525600000t" region="region_1" xml:id="subtitle244"><span style="style_2">Princess Elizabeth</span><br/><span style="style_2">and the Duke of Edinburgh</span></p>
<p begin="13526400000t" end="13549200000t" region="region_1" xml:id="subtitle245"><span style="style_2">were off on a Commonwealth journey.</span></p>
<p begin="13550000000t" end="13583600000t" region="region_1" xml:id="subtitle246"><span style="style_2">Nineteen hours later,</span><br/><span style="style_2">the Royal plane landed at Nairobi.</span></p>
<p begin="13584400000t" end="13609200000t" region="region_1" xml:id="subtitle247"><span style="style_2">Ahead of them lay a 30,000-mile trip</span></p>
<p begin="13610000000t" end="13646000000t" region="region_1" xml:id="subtitle248"><span style="style_2">that will take them,</span><br/><span style="style_2">in five months, to four continents.</span></p>
<p begin="13646800000t" end="13662800000t" region="region_1" xml:id="subtitle249"><span style="style_2">The journey which,</span><br/><span style="style_2">but for his illness,</span></p>
<p begin="13663600000t" end="13682400000t" region="region_1" xml:id="subtitle250"><span style="style_2">the King himself</span><br/><span style="style_2">would have undertaken,</span></p>
<p begin="13683200000t" end="13701200000t" region="region_1" xml:id="subtitle251"><span style="style_2">was almost underway.</span></p>
<p begin="13702000000t" end="13731600000t" region="region_1" xml:id="subtitle252"><span style="style_2">And, from there, the Royal couple</span><br/><span style="style_2">will travel to Sagana Lodge...</span></p>
<p begin="13954400000t" end="13967200000t" region="region_1" xml:id="subtitle253"><span style="style_3">[knock on door]</span></p>
<p begin="14043200000t" end="14083600000t" region="region_1" xml:id="subtitle254"><span style="style_4">Good morning, Your Majesty.</span><br/><span style="style_4">7:30, sir.</span></p>
<p begin="14126400000t" end="14136800000t" region="region_1" xml:id="subtitle255"><span style="style_4">Sir?</span></p>
<p begin="14459600000t" end="14475600000t" region="region_1" xml:id="subtitle256"><span style="style_4">Stay there.</span></p>
<p begin="14627600000t" end="14667600000t" region="region_1" xml:id="subtitle257"><span style="style_4">[whispers] I regret to inform you.</span><br/><span style="style_4">The King has just passed away.</span></p>
<p begin="14693200000t" end="14706400000t" region="region_1" xml:id="subtitle258"><span style="style_4">[gasps]</span></p>
<p begin="14734800000t" end="14765200000t" region="region_1" xml:id="subtitle259"><span style="style_4">No! No, no, no!</span></p>
<p begin="14766000000t" end="14784400000t" region="region_1" xml:id="subtitle260"><span style="style_4">[sobs]</span></p>
<p begin="15015200000t" end="15049200000t" region="region_1" xml:id="subtitle261"><span style="style_4">[woman wails]</span></p>
<p begin="15411200000t" end="15430800000t" region="region_1" xml:id="subtitle262"><span style="style_4">Call the Foreign Secretary.</span></p>
<p begin="15440000000t" end="15450000000t" region="region_1" xml:id="subtitle263"><span style="style_4">Tell him...</span></p>
<p begin="15464800000t" end="15506000000t" region="region_1" xml:id="subtitle264"><span style="style_4">Hyde Park Corner. He'll understand.</span></p>
<p begin="15565200000t" end="15614000000t" region="region_1" xml:id="subtitle265"><span style="style_4">-Has the Princess been notified?</span><br/><span style="style_4">-If you mean the new Queen?</span></p>
<p begin="15614800000t" end="15631200000t" region="region_1" xml:id="subtitle266"><span style="style_4">My understanding is not.</span></p>
<p begin="15632000000t" end="15661600000t" region="region_1" xml:id="subtitle267"><span style="style_4">Then I suggest we do so</span><br/><span style="style_4">before it breaks on the wires.</span></p>
<p begin="15662400000t" end="15706000000t" region="region_1" xml:id="subtitle268"><span style="style_4">We're trying. We're not exactly sure</span><br/><span style="style_4">where she is at the moment.</span></p>
<p begin="15706800000t" end="15730400000t" region="region_1" xml:id="subtitle269"><span style="style_4">We're trying to contact</span><br/><span style="style_4">the Governor in Nairobi.</span></p>
<p begin="16379200000t" end="16389200000t" region="region_1" xml:id="subtitle270"><span style="style_4">[Philip] Let's go!</span></p>
<p begin="16444000000t" end="16487200000t" region="region_1" xml:id="subtitle271"><span style="style_1">-</span><span style="style_4">[man] </span><span style="style_1">We need to go.</span><br/><span style="style_4">-We can't. We haven't had the all-clear.</span></p>
<p begin="16488000000t" end="16509600000t" region="region_1" xml:id="subtitle272"><span style="style_2">You think any other reporters</span><br/><span style="style_2">anywhere in the world</span></p>
<p begin="16510400000t" end="16531200000t" region="region_1" xml:id="subtitle273"><span style="style_2">will be waiting for an "all-clear"?</span></p>
<p begin="16532000000t" end="16552800000t" region="region_1" xml:id="subtitle274"><span style="style_4">I've had the BBC on the phone again.</span></p>
<p begin="16553600000t" end="16590800000t" region="region_1" xml:id="subtitle275"><span style="style_4">The news is breaking everywhere.</span><br/><span style="style_4">They can't keep holding.</span></p>
<p begin="16591600000t" end="16634800000t" region="region_1" xml:id="subtitle276"><span style="style_4">-And no news on the Princess?</span><br/><span style="style_4">-No, sir. Is it a "yes" to the BBC?</span></p>
<p begin="16657200000t" end="16667200000t" region="region_1" xml:id="subtitle277"><span style="style_4">It is.</span></p>
<p begin="16729200000t" end="16742400000t" region="region_1" xml:id="subtitle278"><span style="style_4">And God help her.</span></p>
<p begin="16774400000t" end="16788800000t" region="region_1" xml:id="subtitle279"><span style="style_4">They keep trying to start the engine.</span></p>
<p begin="16801200000t" end="16825600000t" region="region_1" xml:id="subtitle280"><span style="style_4">All they have to do is make sure</span><br/><span style="style_4">the fan is off and wait.</span></p>
<p begin="16832400000t" end="16846800000t" region="region_1" xml:id="subtitle281"><span style="style_4">No! Stop!</span></p>
<p begin="16858800001t" end="16895200000t" region="region_1" xml:id="subtitle282"><span style="style_4">She's just-- She's overheated.</span><br/><span style="style_4">No, can I have that? Thank you.</span></p>
<p begin="16896000000t" end="16909200000t" region="region_1" xml:id="subtitle283"><span style="style_4">All you have to do...</span></p>
<p begin="16933200000t" end="16965600000t" region="region_1" xml:id="subtitle284"><span style="style_4">Is wait. It's all right.</span><br/><span style="style_4">I was a mechanic during the war.</span></p>
<p begin="17023200000t" end="17042800000t" region="region_1" xml:id="subtitle285"><span style="style_4">This is London.</span></p>
<p begin="17050400000t" end="17089200000t" region="region_1" xml:id="subtitle286"><span style="style_2">It is with the greatest sorrow that</span><br/><span style="style_2">we make the following announcement.</span></p>
<p begin="17090000000t" end="17121200000t" region="region_1" xml:id="subtitle287"><span style="style_2">It was announced from Sandringham</span><br/><span style="style_2">at 10:45 today...</span></p>
<p begin="17122000000t" end="17141200000t" region="region_1" xml:id="subtitle288"><span style="style_3">[speaking French]</span></p>
<p begin="17365600000t" end="17382400000t" region="region_1" xml:id="subtitle289"><span style="style_4">[phone ringing]</span></p>
<p begin="17383200000t" end="17413200000t" region="region_1" xml:id="subtitle290"><span style="style_4">-And then drive to Nanyuki.</span><br/><span style="style_4">-Nanyuki.</span></p>
<p begin="17414000000t" end="17438000000t" region="region_1" xml:id="subtitle291"><span style="style_4">Nanyuki, sorry.</span><br/><span style="style_4">In a closed car arriving at 10:30.</span></p>
<p begin="17438800000t" end="17464400000t" region="region_1" xml:id="subtitle292"><span style="style_4">[man] Morris! Reuters for you.</span></p>
<p begin="17490400000t" end="17501600000t" region="region_1" xml:id="subtitle293"><span style="style_4">-Yes.</span><br/><span style="style_4">-10:45, sorry.</span></p>
<p begin="17502400000t" end="17528800000t" region="region_1" xml:id="subtitle294"><span style="style_4">There'll be a demonstration</span><br/><span style="style_4">by units of the African Rifles.</span></p>
<p begin="17529600000t" end="17541600000t" region="region_1" xml:id="subtitle295"><span style="style_4">Christ.</span></p>
<p begin="17552400000t" end="17568000000t" region="region_1" xml:id="subtitle296"><span style="style_4">Hold on, would you?</span></p>
<p begin="17568800000t" end="17616400000t" region="region_1" xml:id="subtitle297"><span style="style_4">13:00 drive to Nanyuki airfield</span><br/><span style="style_4">and board East African Airways C47</span></p>
<p begin="17617200000t" end="17641200000t" region="region_1" xml:id="subtitle298"><span style="style_4">departing on a 13:30</span><br/><span style="style_4">scheduled flight to...</span></p>
<p begin="17654400000t" end="17679200000t" region="region_1" xml:id="subtitle299"><span style="style_3">[man] </span><span style="style_2">As flags across the nation</span><br/><span style="style_2">are lowered in tribute,</span></p>
<p begin="17680000000t" end="17713600000t" region="region_1" xml:id="subtitle300"><span style="style_2">and news spreads</span><br/><span style="style_2">throughout our cities and villages,</span></p>
<p begin="17714400000t" end="17746400000t" region="region_1" xml:id="subtitle301"><span style="style_2">crowds gather</span><br/><span style="style_2">to mourn King George VI.</span></p>
<p begin="17759600000t" end="17789600000t" region="region_1" xml:id="subtitle302"><span style="style_2">We are comforted by the knowledge</span><br/><span style="style_2">that he spent his final hours</span></p>
<p begin="17790400000t" end="17830000000t" region="region_1" xml:id="subtitle303"><span style="style_2">in the happy company of his wife</span><br/><span style="style_2">and youngest daughter.</span></p>
<p begin="17830800000t" end="17869200000t" region="region_1" xml:id="subtitle304"><span style="style_2">For it is as a devoted family man</span><br/><span style="style_2">that we, as a nation,</span></p>
<p begin="17870000000t" end="17893200000t" region="region_1" xml:id="subtitle305"><span style="style_2">shall best remember him.</span></p>
<p begin="17894000000t" end="17906400000t" region="region_1" xml:id="subtitle306"><span style="style_4">They don't know.</span></p>
<p begin="17944400000t" end="17967600000t" region="region_1" xml:id="subtitle307"><span style="style_4">Sagana. Now, man!</span></p>
<p begin="18184000000t" end="18228400000t" region="region_1" xml:id="subtitle308"><span style="style_3">-[woman]</span><span style="style_2"> </span><span style="style_3">How was Treetops?</span><br/><span style="style_3">-It was wonderful. We saw elephants.</span></p>
<p begin="18229200000t" end="18255200000t" region="region_1" xml:id="subtitle309"><span style="style_4">-There is fresh lemonade.</span><br/><span style="style_4">-Oh, that looks delicious.</span></p>
<p begin="18256000000t" end="18276400000t" region="region_1" xml:id="subtitle310"><span style="style_4">-Welcome back, ma'am.</span><br/><span style="style_4">-Thank you.</span></p>
<p begin="18277200000t" end="18299600000t" region="region_1" xml:id="subtitle311"><span style="style_4">Let's go. Let's drive, shall we?</span></p>
<p begin="18330400000t" end="18365200000t" region="region_1" xml:id="subtitle312"><span style="style_4">Ready? Steady? Go.</span></p>
<p begin="18585600000t" end="18601200000t" region="region_1" xml:id="subtitle313"><span style="style_4">Princess Elizabeth?</span></p>
<p begin="18617200000t" end="18640000000t" region="region_1" xml:id="subtitle314"><span style="style_4">-The Princess?</span><br/><span style="style_4">-[speaks Swahili]</span></p>
<p begin="18640800000t" end="18652000000t" region="region_1" xml:id="subtitle315"><span style="style_4">In here?</span></p>
<p begin="18820000000t" end="18842800000t" region="region_1" xml:id="subtitle316"><span style="style_2">Mhesihimwa,</span><span style="style_4"> Duke.</span></p>
<p begin="19003200000t" end="19036800000t" region="region_1" xml:id="subtitle317"><span style="style_4">-Excuse me, sir.</span><br/><span style="style_4">-What is it, Martin?</span></p>
<p begin="19282800000t" end="19322800000t" region="region_1" xml:id="subtitle318"><span style="style_3">[man on radio] </span><span style="style_2">The profound sense</span><br/><span style="style_2">of grief felt amongst his people today</span></p>
<p begin="19323600000t" end="19340000000t" region="region_1" xml:id="subtitle319"><span style="style_2">stems from their respect.</span></p>
<p begin="19342000000t" end="19376800000t" region="region_1" xml:id="subtitle320"><span style="style_4">-I'm very happy to--</span><br/><span style="style_4">-No, no, no.</span></p>
<p begin="19377600000t" end="19414800000t" region="region_1" xml:id="subtitle321"><span style="style_4">-I should be the one to tell her.</span><br/><span style="style_4">-Yes, sir.</span></p>
<p begin="19924400000t" end="19964400000t" region="region_1" xml:id="subtitle322"><span style="style_3">[man on radio] </span><span style="style_2">The King, who retired</span><br/><span style="style_2">to rest last night in his usual health,</span></p>
<p begin="19965200000t" end="19986000000t" region="region_1" xml:id="subtitle323"><span style="style_2">passed peacefully away in his sleep.</span></p>
<p begin="19986800000t" end="19996800000t" region="region_1" xml:id="subtitle324"><span style="style_4">[Elizabeth sobs]</span></p>
<p begin="19997600000t" end="20028400000t" region="region_1" xml:id="subtitle325"><span style="style_2">The BBC offers profound sympathy</span><br/><span style="style_2">to Her Majesty the Queen</span></p>
<p begin="20029200000t" end="20044400000t" region="region_1" xml:id="subtitle326"><span style="style_2">and the Royal family.</span></p>
<p begin="20559200000t" end="20602000000t" region="region_1" xml:id="subtitle327"><span style="style_4">Your Royal Highness,</span><br/><span style="style_4">this stage of the embalming process...</span></p>
<p begin="20612800000t" end="20627199999t" region="region_1" xml:id="subtitle328"><span style="style_4">it may distress you.</span></p>
<p begin="20896000000t" end="20910000000t" region="region_1" xml:id="subtitle329"><span style="style_4">Your Royal Highness.</span></p>
<p begin="21025600000t" end="21044400000t" region="region_1" xml:id="subtitle330"><span style="style_4">[sobs]</span></p>
<p begin="21082800000t" end="21105600000t" region="region_1" xml:id="subtitle331"><span style="style_4">[sobs loudly]</span></p>
<p begin="21146400000t" end="21154400000t" region="region_1" xml:id="subtitle332"><span style="style_4">For you, sir.</span></p>
<p begin="21585200000t" end="21607200000t" region="region_1" xml:id="subtitle333"><span style="style_4">They're going to send you away,</span><br/><span style="style_4">but I won't let them.</span></p>
<p begin="21608000000t" end="21639600000t" region="region_1" xml:id="subtitle334"><span style="style_4">I'm going to tell my mother</span><br/><span style="style_4">not to send you. I won't.</span></p>
<p begin="21652400000t" end="21671600000t" region="region_1" xml:id="subtitle335"><span style="style_4">[sobs]</span></p>
<p begin="21792000000t" end="21803600000t" region="region_1" xml:id="subtitle336"><span style="style_4">It's all right.</span></p>
<p begin="21874400000t" end="21906000000t" region="region_1" xml:id="subtitle337"><span style="style_4">You're not going. I won't let you go.</span></p>
<p begin="21993600000t" end="22009600000t" region="region_1" xml:id="subtitle338"><span style="style_4">Ma'am, may I have a word?</span></p>
<p begin="22126400000t" end="22164400000t" region="region_1" xml:id="subtitle339"><span style="style_4">It appears Miss MacDonald neglected</span><br/><span style="style_4">to pack a black dress.</span></p>
<p begin="22165200000t" end="22179200000t" region="region_1" xml:id="subtitle340"><span style="style_4">We've called ahead to London</span></p>
<p begin="22180000000t" end="22210800000t" region="region_1" xml:id="subtitle341"><span style="style_4">and something will be brought</span><br/><span style="style_4">onto the plane before you disembark.</span></p>
<p begin="22218400000t" end="22228400000t" region="region_1" xml:id="subtitle342"><span style="style_4">Right.</span></p>
<p begin="22243600000t" end="22300000000t" region="region_1" xml:id="subtitle343"><span style="style_4">And a word of warning, ma'am.</span><br/><span style="style_4">A good many journalists outside.</span></p>
<p begin="22336400000t" end="22376800000t" region="region_1" xml:id="subtitle344"><span style="style_4">Royal correspondents mostly,</span><br/><span style="style_4">assigned to cover the tour.</span></p>
<p begin="22407200000t" end="22425200000t" region="region_1" xml:id="subtitle345"><span style="style_4">-Should I say something?</span><br/><span style="style_4">-No.</span></p>
<p begin="22426000000t" end="22439600000t" region="region_1" xml:id="subtitle346"><span style="style_4">That won't be necessary.</span></p>
<p begin="22450400000t" end="22490800000t" region="region_1" xml:id="subtitle347"><span style="style_4">Though it would help if we could</span><br/><span style="style_4">decide here and now on your name.</span></p>
<p begin="22507200000t" end="22551200000t" region="region_1" xml:id="subtitle348"><span style="style_4">-My name?</span><br/><span style="style_4">-Yes, ma'am. Your regnal name.</span></p>
<p begin="22552000000t" end="22600000000t" region="region_1" xml:id="subtitle349"><span style="style_4">That is the name you'll take</span><br/><span style="style_4">as Queen. Your father took George.</span></p>
<p begin="22600800000t" end="22619600000t" region="region_1" xml:id="subtitle350"><span style="style_4">Obviously his name is...</span></p>
<p begin="22626800000t" end="22644400000t" region="region_1" xml:id="subtitle351"><span style="style_4">was, Albert.</span></p>
<p begin="22662400000t" end="22704800000t" region="region_1" xml:id="subtitle352"><span style="style_4">And, before he abdicated,</span><br/><span style="style_4">your uncle took Edward, of course.</span></p>
<p begin="22705600000t" end="22724800000t" region="region_1" xml:id="subtitle353"><span style="style_4">His name was David.</span></p>
<p begin="22725600000t" end="22749600000t" region="region_1" xml:id="subtitle354"><span style="style_4">-What's wrong with my name?</span><br/><span style="style_4">-Nothing.</span></p>
<p begin="22816000000t" end="22856400000t" region="region_1" xml:id="subtitle355"><span style="style_4">Well, then, let's not overcomplicate</span><br/><span style="style_4">matters unnecessarily.</span></p>
<p begin="22874000000t" end="22890400000t" region="region_1" xml:id="subtitle356"><span style="style_4">My name is Elizabeth.</span></p>
<p begin="22906800000t" end="22928000000t" region="region_1" xml:id="subtitle357"><span style="style_4">Then, long live Queen Elizabeth.</span></p>
<p begin="23100800000t" end="23121200000t" region="region_1" xml:id="subtitle358"><span style="style_4">So sorry about the dress, ma'am.</span></p>
<p begin="23170000000t" end="23180400000t" region="region_1" xml:id="subtitle359"><span style="style_4">All right.</span></p>
<p begin="23196000000t" end="23209600000t" region="region_1" xml:id="subtitle360"><span style="style_4">Ready when you are, ma'am.</span></p>
<p begin="23313200000t" end="23327600000t" region="region_1" xml:id="subtitle361"><span style="style_4">[cameras click]</span></p>
<p begin="23482000000t" end="23497600000t" region="region_1" xml:id="subtitle362"><span style="style_2">Shauri mbya kabisa.</span></p>
<p begin="23586800000t" end="23603200000t" region="region_1" xml:id="subtitle363"><span style="style_3">[cameras click]</span></p>
<p begin="24756000000t" end="24772000000t" region="region_1" xml:id="subtitle364"><span style="style_3">[child chants in Swahili]</span></p>
<p begin="24850400000t" end="24863600000t" region="region_1" xml:id="subtitle365"><span style="style_4">[chants in Swahili]</span></p>
<p begin="25141200000t" end="25171600000t" region="region_1" xml:id="subtitle366"><span style="style_4">-It's the middle of the night.</span><br/><span style="style_4">-I couldn't sleep.</span></p>
<p begin="25172400000t" end="25203600000t" region="region_1" xml:id="subtitle367"><span style="style_4">No one in the country can sleep.</span></p>
<p begin="25214000000t" end="25236800000t" region="region_1" xml:id="subtitle368"><span style="style_4">I know one shouldn't believe</span><br/><span style="style_4">everything one hears...</span></p>
<p begin="25237600000t" end="25247600000t" region="region_1" xml:id="subtitle369"><span style="style_4">But?</span></p>
<p begin="25262000000t" end="25283600000t" region="region_1" xml:id="subtitle370"><span style="style_4">I was speaking</span><br/><span style="style_4">with Jock Colville's wife.</span></p>
<p begin="25284400000t" end="25303200000t" region="region_1" xml:id="subtitle371"><span style="style_4">-Mary. Margaret.</span><br/><span style="style_4">-Margaret.</span></p>
<p begin="25304000000t" end="25355600000t" region="region_1" xml:id="subtitle372"><span style="style_4">She said that Anthony went to see</span><br/><span style="style_4">the King ten days ago.</span></p>
<p begin="25356400000t" end="25372000000t" region="region_1" xml:id="subtitle373"><span style="style_4">What for?</span></p>
<p begin="25372800000t" end="25402000000t" region="region_1" xml:id="subtitle374"><span style="style_4">To express his concern</span><br/><span style="style_4">about your age.</span></p>
<p begin="25402800000t" end="25439600000t" region="region_1" xml:id="subtitle375"><span style="style_4">Your leadership. Your incapacity.</span></p>
<p begin="25445600000t" end="25479600000t" region="region_1" xml:id="subtitle376"><span style="style_4">-To ask him to bid you stand down.</span><br/><span style="style_4">-That's impossible.</span></p>
<p begin="25480400000t" end="25506400000t" region="region_1" xml:id="subtitle377"><span style="style_4">The King would never engage</span><br/><span style="style_4">in such treachery.</span></p>
<p begin="25507200000t" end="25548000000t" region="region_1" xml:id="subtitle378"><span style="style_4">And Anthony would never dare.</span><br/><span style="style_4">I've been like a father to him.</span></p>
<p begin="25548800000t" end="25579600000t" region="region_1" xml:id="subtitle379"><span style="style_4">I groomed him every step of the way.</span></p>
<p begin="25613600000t" end="25647600000t" region="region_1" xml:id="subtitle380"><span style="style_4">Well, ignore me, then.</span></p>
<p begin="25660400000t" end="25676000000t" region="region_1" xml:id="subtitle381"><span style="style_4">It's probably nothing.</span></p>
<p begin="25689200000t" end="25706000000t" region="region_1" xml:id="subtitle382"><span style="style_4">Come on, it's probably nothing.</span></p>
<p begin="25723200000t" end="25770000000t" region="region_1" xml:id="subtitle383"><span style="style_4">-What are you up to?</span><br/><span style="style_4">-It's my eulogy for the King.</span></p>
<p begin="25770800000t" end="25812800000t" region="region_1" xml:id="subtitle384"><span style="style_4">It's broadcast tomorrow</span><br/><span style="style_4">and the right words keep eluding me.</span></p>
<p begin="25813600000t" end="25856400000t" region="region_1" xml:id="subtitle385"><span style="style_4">-They'll want you to fail, you know.</span><br/><span style="style_4">-[sighs] I know.</span></p>
<p begin="25857200000t" end="25891600000t" region="region_1" xml:id="subtitle386"><span style="style_4">Anything less than perfect</span><br/><span style="style_4">will be a disaster.</span></p>
<p begin="25920400000t" end="25940000000t" region="region_1" xml:id="subtitle387"><span style="style_4">Anthony, eh?</span></p>
<p begin="26036400000t" end="26055200000t" region="region_1" xml:id="subtitle388"><span style="style_4">I can't sleep.</span></p>
<p begin="26066800000t" end="26076800000t" region="region_1" xml:id="subtitle389"><span style="style_4">No.</span></p>
<p begin="26269200000t" end="26281200000t" region="region_1" xml:id="subtitle390"><span style="style_4">I'm sorry.</span></p>
<p begin="26304800000t" end="26317200000t" region="region_1" xml:id="subtitle391"><span style="style_4">You're sorry?</span></p>
<p begin="26344400000t" end="26361600000t" region="region_1" xml:id="subtitle392"><span style="style_4">I'm sorry.</span></p>
<p begin="26362400000t" end="26381200000t" region="region_1" xml:id="subtitle393"><span style="style_4">I thought we'd have longer.</span></p>
<p begin="26399200000t" end="26442400000t" region="region_1" xml:id="subtitle394"><span style="style_4">Ma'am. Three hours to go now.</span></p>
<p begin="26514000000t" end="26554400000t" region="region_1" xml:id="subtitle395"><span style="style_4">-What do you think will happen?</span><br/><span style="style_4">-When?</span></p>
<p begin="26581200000t" end="26596000000t" region="region_1" xml:id="subtitle396"><span style="style_4">When we land.</span></p>
<p begin="26619600000t" end="26634400000t" region="region_1" xml:id="subtitle397"><span style="style_4">What will happen then?</span></p>
<p begin="26717600000t" end="26730400000t" region="region_1" xml:id="subtitle398"><span style="style_4">-Morning.</span><br/><span style="style_4">-Morning.</span></p>
<p begin="26731200000t" end="26761200000t" region="region_1" xml:id="subtitle399"><span style="style_4">The PM will not be joining us</span><br/><span style="style_4">this morning.</span></p>
<p begin="26762000000t" end="26804400000t" region="region_1" xml:id="subtitle400"><span style="style_4">He is very much tired</span><br/><span style="style_4">from all the emotion of yesterday.</span></p>
<p begin="26805200000t" end="26830800000t" region="region_1" xml:id="subtitle401"><span style="style_4">-So, where is he?</span><br/><span style="style_4">-He's still asleep.</span></p>
<p begin="26846400000t" end="26893200000t" region="region_1" xml:id="subtitle402"><span style="style_4">So, in his absence, as deputy,</span><br/><span style="style_4">I will preside.</span></p>
<p begin="26932800001t" end="26954800000t" region="region_1" xml:id="subtitle403"><span style="style_4">-The Queen's flight--</span><br/><span style="style_4">-Wait a minute, Anthony.</span></p>
<p begin="26955600000t" end="26998000000t" region="region_1" xml:id="subtitle404"><span style="style_4">If you're presiding over the meeting</span><br/><span style="style_4">on behalf of the PM,</span></p>
<p begin="27014400000t" end="27038000000t" region="region_1" xml:id="subtitle405"><span style="style_4">shouldn't you be sitting</span><br/><span style="style_4">in the appropriate chair?</span></p>
<p begin="27038800000t" end="27060000000t" region="region_1" xml:id="subtitle406"><span style="style_4">I don't think that's entirely necessary.</span></p>
<p begin="27176800000t" end="27188800000t" region="region_1" xml:id="subtitle407"><span style="style_4">Very well.</span></p>
<p begin="27322000000t" end="27365200000t" region="region_1" xml:id="subtitle408"><span style="style_4">So, the Queen's flight</span><br/><span style="style_4">is now over Italy,</span></p>
<p begin="27366000000t" end="27416400000t" region="region_1" xml:id="subtitle409"><span style="style_4">having left the El Adem airfield</span><br/><span style="style_4">in Libya at five this morning.</span></p>
<p begin="27454800000t" end="27471600000t" region="region_1" xml:id="subtitle410"><span style="style_4">Sorry to disturb.</span></p>
<p begin="27525200000t" end="27550000000t" region="region_1" xml:id="subtitle411"><span style="style_4">May I just say how very sorry I am</span></p>
<p begin="27550800000t" end="27570800000t" region="region_1" xml:id="subtitle412"><span style="style_4">that we'll not be working</span><br/><span style="style_4">together anymore.</span></p>
<p begin="27576400000t" end="27590000000t" region="region_1" xml:id="subtitle413"><span style="style_4">Why?</span></p>
<p begin="27590800000t" end="27622000000t" region="region_1" xml:id="subtitle414"><span style="style_4">I have to give way</span><br/><span style="style_4">to Sir Tommy Lascelles.</span></p>
<p begin="27622800000t" end="27669200000t" region="region_1" xml:id="subtitle415"><span style="style_4">As private secretary to the</span><br/><span style="style_4">sovereign, he's my senior.</span></p>
<p begin="27677200000t" end="27708800000t" region="region_1" xml:id="subtitle416"><span style="style_4">This is where I have to stand aside</span><br/><span style="style_4">for the great man.</span></p>
<p begin="27709600000t" end="27740800000t" region="region_1" xml:id="subtitle417"><span style="style_4">Martin... so sorry.</span></p>
<p begin="27815600000t" end="27825600000t" region="region_1" xml:id="subtitle418"><span style="style_4">Ma'am.</span></p>
<p begin="27854000000t" end="27872800001t" region="region_1" xml:id="subtitle419"><span style="style_4">[Philip] What a nightmare.</span></p>
<p begin="27878400000t" end="27914400000t" region="region_1" xml:id="subtitle420"><span style="style_4">Charteris at least had one foot</span><br/><span style="style_4">in the real world.</span></p>
<p begin="27915200000t" end="27953600000t" region="region_1" xml:id="subtitle421"><span style="style_4">And was your man, our man,</span><br/><span style="style_4">on our side.</span></p>
<p begin="27970400000t" end="27982400000t" region="region_1" xml:id="subtitle422"><span style="style_4">Whereas Tommy Lascelles...</span></p>
<p begin="27992800001t" end="28016800000t" region="region_1" xml:id="subtitle423"><span style="style_1">he's stuck in the land</span><br/><span style="style_1">that time forgot.</span></p>
<p begin="28032000000t" end="28049600000t" region="region_1" xml:id="subtitle424"><span style="style_4">[door opens]</span></p>
<p begin="28059200000t" end="28100000000t" region="region_1" xml:id="subtitle425"><span style="style_4">-[Peter] You asked to see me, sir.</span><br/><span style="style_4">-I did.</span></p>
<p begin="28119600000t" end="28148000000t" region="region_1" xml:id="subtitle426"><span style="style_4">-Will you sit?</span><br/><span style="style_4">-Thank you, sir.</span></p>
<p begin="28167600000t" end="28205600000t" region="region_1" xml:id="subtitle427"><span style="style_4">I'd assumed that following the death</span><br/><span style="style_4">of His Late Majesty,</span></p>
<p begin="28206400000t" end="28244400000t" region="region_1" xml:id="subtitle428"><span style="style_4">you would,</span><br/><span style="style_4">at the earliest appropriate moment,</span></p>
<p begin="28245200000t" end="28273200000t" region="region_1" xml:id="subtitle429"><span style="style_4">be resuming your duties</span><br/><span style="style_4">with the Royal Air Force.</span></p>
<p begin="28274000000t" end="28285200000t" region="region_1" xml:id="subtitle430"><span style="style_4">Yes, sir.</span></p>
<p begin="28308000000t" end="28327600000t" region="region_1" xml:id="subtitle431"><span style="style_4">I mentioned this to the Queen...</span></p>
<p begin="28345200000t" end="28379600000t" region="region_1" xml:id="subtitle432"><span style="style_4">the Queen Mother, this morning,</span><br/><span style="style_4">who then asked me,</span></p>
<p begin="28380400000t" end="28406000000t" region="region_1" xml:id="subtitle433"><span style="style_4">quite unusually,</span><br/><span style="style_4">to ask you whether you might like</span></p>
<p begin="28406800000t" end="28438000000t" region="region_1" xml:id="subtitle434"><span style="style_4">-to reconsider such a departure.</span><br/><span style="style_4">-Oh, sir?</span></p>
<p begin="28438800000t" end="28472000000t" region="region_1" xml:id="subtitle435"><span style="style_4">She felt that you had enjoyed</span><br/><span style="style_4">an uncommonly close association</span></p>
<p begin="28472800000t" end="28510000000t" region="region_1" xml:id="subtitle436"><span style="style_4">with her late husband</span><br/><span style="style_4">and earned not just his trust,</span></p>
<p begin="28510800000t" end="28530400000t" region="region_1" xml:id="subtitle437"><span style="style_4">but the trust and affection</span><br/><span style="style_4">of the family.</span></p>
<p begin="28532800000t" end="28545600000t" region="region_1" xml:id="subtitle438"><span style="style_4">Thank you, sir.</span></p>
<p begin="28546400000t" end="28577200000t" region="region_1" xml:id="subtitle439"><span style="style_4">In the light of this, she wondered</span><br/><span style="style_4">whether you might consider</span></p>
<p begin="28578000000t" end="28592400000t" region="region_1" xml:id="subtitle440"><span style="style_4">staying on in a new role,</span></p>
<p begin="28593200000t" end="28631200000t" region="region_1" xml:id="subtitle441"><span style="style_4">as comptroller of the Queen Mother's</span><br/><span style="style_4">household.</span></p>
<p begin="28632000000t" end="28655200000t" region="region_1" xml:id="subtitle442"><span style="style_4">-I see.</span><br/><span style="style_4">-A kind and generous offer.</span></p>
<p begin="28656000000t" end="28684400000t" region="region_1" xml:id="subtitle443"><span style="style_4">As befits the widow of a kind...</span></p>
<p begin="28697200000t" end="28714000000t" region="region_1" xml:id="subtitle444"><span style="style_4">and generous man.</span></p>
<p begin="28730800000t" end="28748400000t" region="region_1" xml:id="subtitle445"><span style="style_4">But, while I'm sure you're flattered,</span></p>
<p begin="28749200000t" end="28767200000t" region="region_1" xml:id="subtitle446"><span style="style_4">I don't expect you to accept</span><br/><span style="style_4">the post.</span></p>
<p begin="28768000000t" end="28791200000t" region="region_1" xml:id="subtitle447"><span style="style_4">Hence my discouragement of the offer.</span></p>
<p begin="28792000000t" end="28820400000t" region="region_1" xml:id="subtitle448"><span style="style_4">I didn't want Her Majesty to suffer</span><br/><span style="style_4">the embarrassment of a refusal.</span></p>
<p begin="28821200000t" end="28839600000t" region="region_1" xml:id="subtitle449"><span style="style_4">Why would I not accept, sir?</span></p>
<p begin="28846400000t" end="28873200000t" region="region_1" xml:id="subtitle450"><span style="style_4">Well, you're asking</span><br/><span style="style_4">the wrong question, Townsend.</span></p>
<p begin="28874000000t" end="28891600000t" region="region_1" xml:id="subtitle451"><span style="style_4">Why would you?</span></p>
<p begin="28892400000t" end="28915200000t" region="region_1" xml:id="subtitle452"><span style="style_4">You're a decorated war hero,</span><br/><span style="style_4">still in your prime,</span></p>
<p begin="28916000000t" end="28937200000t" region="region_1" xml:id="subtitle453"><span style="style_4">and comptroller of the Queen Mother's</span><br/><span style="style_4">household</span></p>
<p begin="28938000000t" end="28956400000t" region="region_1" xml:id="subtitle454"><span style="style_4">has no military associations.</span></p>
<p begin="28957200000t" end="28976800000t" region="region_1" xml:id="subtitle455"><span style="style_4">It would take you away</span><br/><span style="style_4">from your wife and children.</span></p>
<p begin="28988800000t" end="29002400000t" region="region_1" xml:id="subtitle456"><span style="style_4">After all, the person</span></p>
<p begin="29003200000t" end="29046800000t" region="region_1" xml:id="subtitle457"><span style="style_4">with whom you enjoyed the uncommonly</span><br/><span style="style_4">close understanding is deceased.</span></p>
<p begin="29104400000t" end="29126800000t" region="region_1" xml:id="subtitle458"><span style="style_4">Unless I'm missing something.</span></p>
<p begin="29136400000t" end="29153200000t" region="region_1" xml:id="subtitle459"><span style="style_4">Unless, there is someone else</span></p>
<p begin="29154000000t" end="29182000000t" region="region_1" xml:id="subtitle460"><span style="style_4">with whom you enjoy</span><br/><span style="style_4">an uncommonly close understanding,</span></p>
<p begin="29182800000t" end="29207600000t" region="region_1" xml:id="subtitle461"><span style="style_4">which would make accepting this post</span><br/><span style="style_4">more attractive.</span></p>
<p begin="29226400000t" end="29246000000t" region="region_1" xml:id="subtitle462"><span style="style_4">I don't know</span><br/><span style="style_4">what you're referring to.</span></p>
<p begin="29246800000t" end="29267200000t" region="region_1" xml:id="subtitle463"><span style="style_4">Don't you, Group Captain Townsend?</span></p>
<p begin="29268000000t" end="29296400000t" region="region_1" xml:id="subtitle464"><span style="style_4">Husband and father.</span></p>
<p begin="29316400000t" end="29327600000t" region="region_1" xml:id="subtitle465"><span style="style_4">No, sir.</span></p>
<p begin="29419200000t" end="29434800000t" region="region_1" xml:id="subtitle466"><span style="style_4">You're probably telling yourself</span></p>
<p begin="29435600000t" end="29484400000t" region="region_1" xml:id="subtitle467"><span style="style_4">that because no one has confronted</span><br/><span style="style_4">you about it, that no one can know.</span></p>
<p begin="29490800000t" end="29528000000t" region="region_1" xml:id="subtitle468"><span style="style_4">Allow me to disabuse you</span><br/><span style="style_4">of that delusion.</span></p>
<p begin="29528800000t" end="29564400000t" region="region_1" xml:id="subtitle469"><span style="style_4">Within the close community</span><br/><span style="style_4">of those that serve the family,</span></p>
<p begin="29565200000t" end="29605600000t" region="region_1" xml:id="subtitle470"><span style="style_4">I regret to tell you,</span><br/><span style="style_4">that talk, ugly talk,</span></p>
<p begin="29606400000t" end="29638800000t" region="region_1" xml:id="subtitle471"><span style="style_4">unbecoming tittle-tattle</span><br/><span style="style_4">is of little else.</span></p>
<p begin="29639600000t" end="29675600000t" region="region_1" xml:id="subtitle472"><span style="style_4">Now I'm well aware of the toll</span><br/><span style="style_4">that round-the-clock service</span></p>
<p begin="29676400000t" end="29706000000t" region="region_1" xml:id="subtitle473"><span style="style_4">takes on the private lives</span><br/><span style="style_4">of those that serve.</span></p>
<p begin="29706800000t" end="29772400000t" region="region_1" xml:id="subtitle474"><span style="style_4">I am also aware of the feelings</span><br/><span style="style_4">generated by continued close proximity</span></p>
<p begin="29773200000t" end="29800400000t" region="region_1" xml:id="subtitle475"><span style="style_4">to the people you are working for,</span><br/><span style="style_4">but I would hate you</span></p>
<p begin="29801200000t" end="29835200000t" region="region_1" xml:id="subtitle476"><span style="style_4">to mistake those feelings</span><br/><span style="style_4">for anything else.</span></p>
<p begin="29948400000t" end="29973200000t" region="region_1" xml:id="subtitle477"><span style="style_4">Will you thank the Queen Mother</span><br/><span style="style_4">for her kind offer?</span></p>
<p begin="30029600000t" end="30054000000t" region="region_1" xml:id="subtitle478"><span style="style_4">I should be delighted to accept.</span></p>
<p begin="30054800000t" end="30087200000t" region="region_1" xml:id="subtitle479"><span style="style_4">There's no rush.</span><br/><span style="style_4">Take your time to think it over.</span></p>
<p begin="30094000000t" end="30123600000t" region="region_1" xml:id="subtitle480"><span style="style_4">Seventy-two hours... a week.</span></p>
<p begin="30124400000t" end="30148000000t" region="region_1" xml:id="subtitle481"><span style="style_4">I want you to make</span><br/><span style="style_4">the right decision.</span></p>
<p begin="30148800000t" end="30189200000t" region="region_1" xml:id="subtitle482"><span style="style_4">I already have, sir.</span><br/><span style="style_4">The answer is yes.</span></p>
<p begin="30498400000t" end="30536400000t" region="region_1" xml:id="subtitle483"><span style="style_4">-Gentlemen.</span><br/><span style="style_4">-Winston.</span></p>
<p begin="30537200000t" end="30556400000t" region="region_1" xml:id="subtitle484"><span style="style_4">Impeccable timing.</span></p>
<p begin="30602000000t" end="30619200000t" region="region_1" xml:id="subtitle485"><span style="style_4">That's the one.</span></p>
<p begin="30712400000t" end="30736800000t" region="region_1" xml:id="subtitle486"><span style="style_4">Your Majesty,</span><br/><span style="style_4">I've been asked to give you this.</span></p>
<p begin="30752000000t" end="30774400000t" region="region_2" xml:id="subtitle487"><span style="style_4">And this, Ma'am,</span><br/><span style="style_4">from Her Majesty Queen Mary.</span></p>
<p begin="30775200000t" end="30786000000t" region="region_1" xml:id="subtitle488"><span style="style_4">Thank you.</span></p>
<p begin="30823600000t" end="30856400000t" region="region_1" xml:id="subtitle489"><span style="style_4">Thank you, Charteris.</span><br/><span style="style_4">I'll take over from here.</span></p>
<p begin="30917600000t" end="30933200000t" region="region_1" xml:id="subtitle490"><span style="style_4">-Thank you, Martin.</span><br/><span style="style_4">-Thank you, sir.</span></p>
<p begin="30983600000t" end="30996400000t" region="region_1" xml:id="subtitle491"><span style="style_4">Your Majesty.</span></p>
<p begin="31017600000t" end="31030400000t" region="region_1" xml:id="subtitle492"><span style="style_4">Martin...</span></p>
<p begin="31220000000t" end="31244800000t" region="region_1" xml:id="subtitle493"><span style="style_3">[Queen Mary] </span><span style="style_2">Dearest Lilibet,</span></p>
<p begin="31245600000t" end="31276400000t" region="region_1" xml:id="subtitle494"><span style="style_2">I know how you loved your papa,</span><br/><span style="style_2">my son.</span></p>
<p begin="31285200000t" end="31325600000t" region="region_1" xml:id="subtitle495"><span style="style_2">And I know you will be as devastated</span><br/><span style="style_2">as I am by this loss.</span></p>
<p begin="31337200000t" end="31370800000t" region="region_1" xml:id="subtitle496"><span style="style_2">But you must put those sentiments</span><br/><span style="style_2">to one side now,</span></p>
<p begin="31371600000t" end="31395600000t" region="region_1" xml:id="subtitle497"><span style="style_2">for duty calls.</span></p>
<p begin="31401200000t" end="31440800000t" region="region_1" xml:id="subtitle498"><span style="style_2">The grief for your father's death</span><br/><span style="style_2">will be felt far and wide.</span></p>
<p begin="31441600000t" end="31471600000t" region="region_1" xml:id="subtitle499"><span style="style_2">Your people will need</span><br/><span style="style_2">your strength and leadership.</span></p>
<p begin="31527600000t" end="31570000000t" region="region_1" xml:id="subtitle500"><span style="style_2">I have seen three great monarchies</span><br/><span style="style_2">brought down through their failure</span></p>
<p begin="31570800000t" end="31602800000t" region="region_1" xml:id="subtitle501"><span style="style_2">to separate personal indulgences</span><br/><span style="style_2">from duty.</span></p>
<p begin="31622800000t" end="31661600000t" region="region_1" xml:id="subtitle502"><span style="style_2">You must not allow yourself</span><br/><span style="style_2">to make similar mistakes.</span></p>
<p begin="31670400000t" end="31722000000t" region="region_1" xml:id="subtitle503"><span style="style_2">And while you mourn your father,</span><br/><span style="style_2">you must also mourn someone else.</span></p>
<p begin="31732000000t" end="31754400000t" region="region_1" xml:id="subtitle504"><span style="style_2">Elizabeth Mountbatten.</span></p>
<p begin="31760000000t" end="31825600000t" region="region_1" xml:id="subtitle505"><span style="style_2">For she has now been replaced</span><br/><span style="style_2">by another person, Elizabeth Regina.</span></p>
<p begin="31860800000t" end="31908400000t" region="region_1" xml:id="subtitle506"><span style="style_2">The two Elizabeths will frequently be</span><br/><span style="style_2">in conflict with one another.</span></p>
<p begin="31919200000t" end="31970000000t" region="region_1" xml:id="subtitle507"><span style="style_2">The fact is, the Crown must win.</span></p>
<p begin="31986000000t" end="32018400000t" region="region_1" xml:id="subtitle508"><span style="style_2">Must always win.</span></p>
<p begin="32048800000t" end="32065200000t" region="region_1" xml:id="subtitle509"><span style="style_4">-Ready, ma'am?</span><br/><span style="style_4">-It's all right.</span></p>
<p begin="32066000000t" end="32081200000t" region="region_1" xml:id="subtitle510"><span style="style_4">I'll escort her down from here.</span></p>
<p begin="32082000000t" end="32113200000t" region="region_1" xml:id="subtitle511"><span style="style_4">No, sir. If you don't mind,</span><br/><span style="style_4">the Crown takes precedence.</span></p>
<p begin="32402000000t" end="32416000000t" region="region_1" xml:id="subtitle512"><span style="style_4">Stand by, everybody.</span></p>
<p begin="32625200000t" end="32646800000t" region="region_1" xml:id="subtitle513"><span style="style_3">[man on radio] </span><span style="style_2">This is London.</span></p>
<p begin="32652000000t" end="32687600000t" region="region_1" xml:id="subtitle514"><span style="style_4">[man] Three, two, one.</span></p>
<p begin="32963600000t" end="33030800000t" region="region_1" xml:id="subtitle515"><span style="style_4">When the death of the King was</span><br/><span style="style_4">announced to us yesterday morning,</span></p>
<p begin="33031600000t" end="33080000000t" region="region_1" xml:id="subtitle516"><span style="style_4">there struck a deep</span><br/><span style="style_4">and somber note in our lives,</span></p>
<p begin="33080800000t" end="33112000000t" region="region_1" xml:id="subtitle517"><span style="style_1">which resounded far and wide,</span></p>
<p begin="33126400000t" end="33184400000t" region="region_1" xml:id="subtitle518"><span style="style_1">stilled the clatter</span><br/><span style="style_1">and traffic of 20th century life,</span></p>
<p begin="33206800000t" end="33267200000t" region="region_1" xml:id="subtitle519"><span style="style_1">and made countless millions</span><br/><span style="style_1">of human beings around the world</span></p>
<p begin="33268000000t" end="33301600000t" region="region_1" xml:id="subtitle520"><span style="style_1">pause and look around them.</span></p>
<p begin="33333200000t" end="33392000000t" region="region_1" xml:id="subtitle521"><span style="style_2">The King was greatly loved</span><br/><span style="style_2">by all his peoples.</span></p>
<p begin="33404400000t" end="33452400000t" region="region_1" xml:id="subtitle522"><span style="style_4">The greatest shocks ever felt</span><br/><span style="style_4">by this island</span></p>
<p begin="33453200000t" end="33476000000t" region="region_1" xml:id="subtitle523"><span style="style_4">fell upon us in his reign.</span></p>
<p begin="33486800000t" end="33516800000t" region="region_1" xml:id="subtitle524"><span style="style_4">Never, in our long history</span></p>
<p begin="33517600000t" end="33574000000t" region="region_1" xml:id="subtitle525"><span style="style_4">were we exposed to greater perils</span><br/><span style="style_4">of invasion and destruction.</span></p>
<p begin="33619200000t" end="33677200000t" region="region_1" xml:id="subtitle526"><span style="style_2">The late King, who assumed</span><br/><span style="style_2">the heavy burden of the Crown</span></p>
<p begin="33678000000t" end="33701200000t" region="region_1" xml:id="subtitle527"><span style="style_2">when he succeeded his brother,</span></p>
<p begin="33720400000t" end="33757600000t" region="region_1" xml:id="subtitle528"><span style="style_2">lived through every minute</span><br/><span style="style_2">of this struggle</span></p>
<p begin="33771200000t" end="33791200000t" region="region_1" xml:id="subtitle529"><span style="style_2">with a heart that never quavered</span></p>
<p begin="33809600000t" end="33842000000t" region="region_1" xml:id="subtitle530"><span style="style_2">and a spirit undaunted.</span></p>
<p begin="33924000000t" end="33970800000t" region="region_1" xml:id="subtitle531"><span style="style_4">In the end, death came as a friend.</span></p>
<p begin="34005200000t" end="34050800000t" region="region_1" xml:id="subtitle532"><span style="style_2">And after a happy day</span><br/><span style="style_2">of sunshine and sport,</span></p>
<p begin="34051600000t" end="34101200000t" region="region_1" xml:id="subtitle533"><span style="style_2">and after a goodnight</span><br/><span style="style_2">to those who loved him best,</span></p>
<p begin="34102000000t" end="34116800000t" region="region_1" xml:id="subtitle534"><span style="style_2">he fell asleep,</span></p>
<p begin="34129200000t" end="34158400000t" region="region_1" xml:id="subtitle535"><span style="style_2">as every man or woman</span></p>
<p begin="34159200000t" end="34209600000t" region="region_1" xml:id="subtitle536"><span style="style_2">who strives to fear God</span><br/><span style="style_2">and nothing else in the world,</span></p>
<p begin="34210400000t" end="34225200000t" region="region_1" xml:id="subtitle537"><span style="style_2">may hope to do.</span></p>
<p begin="34245600000t" end="34260000000t" region="region_1" xml:id="subtitle538"><span style="style_3">[sobs]</span></p>
<p begin="34412000000t" end="34435200000t" region="region_1" xml:id="subtitle539"><span style="style_2">Now, I must leave</span></p>
<p begin="34436000000t" end="34493200000t" region="region_1" xml:id="subtitle540"><span style="style_2">the treasures of the past</span><br/><span style="style_2">and turn to the future.</span></p>
<p begin="34494000000t" end="34543600000t" region="region_1" xml:id="subtitle541"><span style="style_2">Famous have been the reigns</span><br/><span style="style_2">of our queens.</span></p>
<p begin="34544400000t" end="34574800000t" region="region_1" xml:id="subtitle542"><span style="style_2">Some of the greatest periods</span><br/><span style="style_2">in our history</span></p>
<p begin="34575600000t" end="34603200000t" region="region_1" xml:id="subtitle543"><span style="style_2">have unfolded under their scepters.</span></p>
<p begin="34628400000t" end="34664400000t" region="region_1" xml:id="subtitle544"><span style="style_2">Queen Elizabeth II,</span></p>
<p begin="34665200000t" end="34698000000t" region="region_1" xml:id="subtitle545"><span style="style_2">like her namesake, Queen Elizabeth I,</span></p>
<p begin="34708800000t" end="34772000000t" region="region_1" xml:id="subtitle546"><span style="style_2">did not pass her childhood in any</span><br/><span style="style_2">certain expectation of the Crown.</span></p>
<p begin="34784000000t" end="34816800000t" region="region_1" xml:id="subtitle547"><span style="style_2">This new Elizabethan age</span></p>
<p begin="34817600000t" end="34870400000t" region="region_1" xml:id="subtitle548"><span style="style_2">comes at a time when mankind stands</span><br/><span style="style_2">uncertainly poised...</span></p>
<p begin="34871200000t" end="34883600000t" region="region_1" xml:id="subtitle549"><span style="style_4">Wait.</span></p>
<p begin="34884400000t" end="34918800000t" region="region_1" xml:id="subtitle550"><span style="style_2">...on the edge of catastrophe.</span></p>
<p begin="34952400000t" end="35009600000t" region="region_1" xml:id="subtitle551"><span style="style_4">I, whose youth was passed</span><br/><span style="style_4">in the august, unchallenged</span></p>
<p begin="35010400000t" end="35058800000t" region="region_1" xml:id="subtitle552"><span style="style_4">and tranquil glories</span><br/><span style="style_4">of the Victorian era,</span></p>
<p begin="35059600000t" end="35116800000t" region="region_1" xml:id="subtitle553"><span style="style_1">may well feel the thrill</span><br/><span style="style_1">in invoking once more</span></p>
<p begin="35117600000t" end="35164000000t" region="region_1" xml:id="subtitle554"><span style="style_4">the prayer and the anthem,</span></p>
<p begin="35164800000t" end="35206000000t" region="region_1" xml:id="subtitle555"><span style="style_3">God Save the Queen.</span></p>
<p begin="35220000000t" end="35244800000t" region="region_1" xml:id="subtitle556"><span style="style_4">[all] God Save the Queen.</span></p>
</div>
</body>
</tt>
