<?xml version="1.0" encoding="UTF-8" standalone="no"?>
<tt xmlns:tt="http://www.w3.org/ns/ttml" xmlns:ttm="http://www.w3.org/ns/ttml#metadata" xmlns:ttp="http://www.w3.org/ns/ttml#parameter" xmlns:tts="http://www.w3.org/ns/ttml#styling" ttp:tickRate="10000000" ttp:timeBase="media" xmlns="http://www.w3.org/ns/ttml">
<head>
<ttp:profile use="http://netflix.com/ttml/profile/dfxp-ls-sdh"/>
<styling>
<style tts:color="white" tts:fontSize="100%" tts:fontWeight="normal" xml:id="s1"/>
<style tts:color="white" tts:fontSize="100%" tts:fontStyle="italic" tts:fontWeight="normal" xml:id="s1_1"/>
</styling>
<layout>
<region tts:displayAlign="after" tts:extent="80.00% 80.00%" tts:origin="10.00% 10.00%" tts:textAlign="center" xml:id="bottomCenter"/>
</layout>
</head>
<body>
<div xml:space="preserve">
<p begin="109279169t" end="129299169t" region="bottomCenter" style="s1" xml:id="subtitle0">[theme music playing]</p>
<p begin="1058977919t" end="1075244170t" region="bottomCenter" style="s1" xml:id="subtitle1">[thunder rumbling]</p>
<p begin="1259588330t" end="1273352080t" region="bottomCenter" style="s1" xml:id="subtitle2">[knocking on door]</p>
<p begin="1351770420t" end="1385133750t" region="bottomCenter" style="s1" xml:id="subtitle3">[man] Master Marco.<br/>You requested more salt cakes?</p>
<p begin="1385964580t" end="1409327920t" region="bottomCenter" style="s1" xml:id="subtitle4">Yes.<br/>Thank you.</p>
<p begin="1611189580t" end="1629547920t" region="bottomCenter" style="s1" xml:id="subtitle5">[gatekeeper shouts in foreign language]</p>
<p begin="1630378750t" end="1647896250t" region="bottomCenter" style="s1" xml:id="subtitle6">[palace gates opening]</p>
<p begin="1805133329t" end="1818897079t" region="bottomCenter" style="s1" xml:id="subtitle7">[men groaning]</p>
<p begin="1956954999t" end="1979477499t" region="bottomCenter" style="s1" xml:id="subtitle8">General Aruka advised retreat.</p>
<p begin="1989067079t" end="2029947919t" region="bottomCenter" style="s1" xml:id="subtitle9">I gave the order that we turn and fight...<br/>like Mongols.</p>
<p begin="2030778749t" end="2046624579t" region="bottomCenter" style="s1" xml:id="subtitle10">[Kublai] Mongols do not lose.</p>
<p begin="2082500419t" end="2097094999t" region="bottomCenter" style="s1" xml:id="subtitle11">I have thought of nothing else</p>
<p begin="2097925829t" end="2123371249t" region="bottomCenter" style="s1" xml:id="subtitle12">these past days and nights.</p>
<p begin="2124202079t" end="2152150000t" region="bottomCenter" style="s1" xml:id="subtitle13">A ride preceded by victory<br/>is much shorter.</p>
<p begin="2152980830t" end="2178005830t" region="bottomCenter" style="s1" xml:id="subtitle14">True words such as these<br/>can only be drawn</p>
<p begin="2178846670t" end="2200528330t" region="bottomCenter" style="s1" xml:id="subtitle15">from a well of personal experience.</p>
<p begin="2211789580t" end="2225973750t" region="bottomCenter" style="s1" xml:id="subtitle16">Leave me with my son.</p>
<p begin="2226804580t" end="2243911670t" region="bottomCenter" style="s1" xml:id="subtitle17">Our son...</p>
<p begin="2244742500t" end="2262680420t" region="bottomCenter" style="s1" xml:id="subtitle18">is wounded.</p>
<p begin="2278105830t" end="2292290000t" region="bottomCenter" style="s1" xml:id="subtitle19">Let me see.</p>
<p begin="2293120830t" end="2317315000t" region="bottomCenter" style="s1" xml:id="subtitle20">A scar that will always<br/>remind me of Wuchang...</p>
<p begin="2318145830t" end="2349427080t" region="bottomCenter" style="s1" xml:id="subtitle21">and the men and horses that died there.<br/>That is the only wound.</p>
<p begin="2350267920t" end="2367365000t" region="bottomCenter" style="s1" xml:id="subtitle22">It too will fade.</p>
<p begin="2368195830t" end="2389887500t" region="bottomCenter" style="s1" xml:id="subtitle23">[Kublai]<br/>Empress, please.</p>
<p begin="2390718330t" end="2406153750t" region="bottomCenter" style="s1" xml:id="subtitle24">Go to the healer...</p>
<p begin="2421168750t" end="2443270830t" region="bottomCenter" style="s1" xml:id="subtitle25">Immediately.</p>
<p begin="2499997500t" end="2553801250t" region="bottomCenter" style="s1" xml:id="subtitle26">You will ride to Karakorum...<br/>pay a visit to Ariq.</p>
<p begin="2554632080t" end="2579657080t" region="bottomCenter" style="s1" xml:id="subtitle27">I want to know why<br/>my brother pledged horse and bow,</p>
<p begin="2580497920t" end="2606774170t" region="bottomCenter" style="s1" xml:id="subtitle28">but did not arrive<br/>to support my army.</p>
<p begin="2613030420t" end="2623871250t" region="bottomCenter" style="s1" xml:id="subtitle29">A horse messenger can cover 300--</p>
<p begin="2624702080t" end="2649727080t" region="bottomCenter" style="s1" xml:id="subtitle30">Your horse messenger...</p>
<p begin="2663080420t" end="2694772080t" region="bottomCenter" style="s1" xml:id="subtitle31">did a fine job at Wuchang.<br/>Did he not?</p>
<p begin="2710207500t" end="2731478750t" region="bottomCenter" style="s1" xml:id="subtitle32">Did you even send<br/>a falcon to my brother?</p>
<p begin="2732309580t" end="2760257500t" region="bottomCenter" style="s1" xml:id="subtitle33">Of course I did.</p>
<p begin="2761088330t" end="2776523750t" region="bottomCenter" style="s1" xml:id="subtitle34">[Kublai] Return to me the truth.</p>
<p begin="2804051250t" end="2833250420t" region="bottomCenter" style="s1" xml:id="subtitle35">Go see the healer,<br/>as your mother instructed.</p>
<p begin="2945022080t" end="2964631670t" region="bottomCenter" style="s1" xml:id="subtitle36">[Marco] How are the merchants taxed?</p>
<p begin="2965462500t" end="2983810830t" region="bottomCenter" style="s1" xml:id="subtitle37">They pay a fee for their stalls,</p>
<p begin="2984651670t" end="3018435420t" region="bottomCenter" style="s1" xml:id="subtitle38">and the higher fee is for more traffic,<br/>more customers.</p>
<p begin="3019266250t" end="3033450420t" region="bottomCenter" style="s1" xml:id="subtitle39">More money, eh?</p>
<p begin="3034281250t" end="3052629580t" region="bottomCenter" style="s1" xml:id="subtitle40">Are there ever holdouts?</p>
<p begin="3053470420t" end="3075572500t" region="bottomCenter" style="s1" xml:id="subtitle41">Inside the Imperial Wall?<br/>[chuckles]</p>
<p begin="3076403330t" end="3097674580t" region="bottomCenter" style="s1" xml:id="subtitle42">Very rare.</p>
<p begin="3098515420t" end="3115192080t" region="bottomCenter" style="s1" xml:id="subtitle43">Too good a thing they have here.</p>
<p begin="3116032920t" end="3139806670t" region="bottomCenter" style="s1" xml:id="subtitle44">These vendors know,<br/>they cheat on tribute,</p>
<p begin="3140637500t" end="3166493330t" region="bottomCenter" style="s1" xml:id="subtitle45">they end up peddling outside the wall.</p>
<p begin="3167334170t" end="3196523330t" region="bottomCenter" style="s1" xml:id="subtitle46">[Marco] In Venice, those who do not meet<br/>their obligations are imprisoned.</p>
<p begin="3197364170t" end="3211127920t" region="bottomCenter" style="s1" xml:id="subtitle47">Is it the same here?</p>
<p begin="3211958750t" end="3245742500t" region="bottomCenter" style="s1" xml:id="subtitle48">No, no, no.<br/>Thieves are branded thieves.</p>
<p begin="3246573330t" end="3267434170t" region="bottomCenter" style="s1" xml:id="subtitle49">Marked, they struggle.</p>
<p begin="3268265000t" end="3299125830t" region="bottomCenter" style="s1" xml:id="subtitle50">Their sons beg,<br/>their wives and daughters whore.</p>
<p begin="3299966670t" end="3322068750t" region="bottomCenter" style="s1" xml:id="subtitle51">They live off<br/>Lady Chabi's charity loaves.</p>
<p begin="3322899580t" end="3346673330t" region="bottomCenter" style="s1" xml:id="subtitle52">But they live.</p>
<p begin="3347514170t" end="3360857500t" region="bottomCenter" style="s1" xml:id="subtitle53">Sometimes.</p>
<p begin="3374621249t" end="3412579169t" region="bottomCenter" style="s1" xml:id="subtitle54">Severity of punishment...<br/>not for me to comment on.</p>
<p begin="3413409999t" end="3465131669t" region="bottomCenter" style="s1" xml:id="subtitle55">This is for the Vice Regent Yusuf,<br/>and the wisdom of his Secretariat.</p>
<p begin="3485151669t" end="3498494999t" region="bottomCenter" style="s1" xml:id="subtitle56">[Marco] What is this fabric?</p>
<p begin="3499325829t" end="3511427919t" region="bottomCenter" style="s1" xml:id="subtitle57">Uh, linen.</p>
<p begin="3512258749t" end="3533529999t" region="bottomCenter" style="s1" xml:id="subtitle58">These Jurchen make it in Manchuria.</p>
<p begin="3534360829t" end="3552298749t" region="bottomCenter" style="s1" xml:id="subtitle59">They don't have copper coins<br/>to pay this month.</p>
<p begin="3553129579t" end="3573149579t" region="bottomCenter" style="s1" xml:id="subtitle60">So, I let them pay<br/>with what they have.</p>
<p begin="3573990419t" end="3599015419t" region="bottomCenter" style="s1" xml:id="subtitle61">[speaking Mandarin]</p>
<p begin="3638214579t" end="3654480829t" region="bottomCenter" style="s1" xml:id="subtitle62">[children laughing]</p>
<p begin="3679505829t" end="3693269579t" region="bottomCenter" style="s1" xml:id="subtitle63">Hey. Hey.</p>
<p begin="3694110419t" end="3729145419t" region="bottomCenter" style="s1" xml:id="subtitle64">Can we get rid of these... pissants?</p>
<p begin="3729976249t" end="3749575829t" region="bottomCenter" style="s1" xml:id="subtitle65">These are my children.</p>
<p begin="3750416669t" end="3767093329t" region="bottomCenter" style="s1" xml:id="subtitle66">[laughs]</p>
<p begin="3767934169t" end="3783359579t" region="bottomCenter" style="s1" xml:id="subtitle67">They follow me around like I'm a king.</p>
<p begin="3784200419t" end="3800877079t" region="bottomCenter" style="s1" xml:id="subtitle68">[Marco]<br/>King of a fine brood, sir.</p>
<p begin="3801717919t" end="3842168329t" region="bottomCenter" style="s1" xml:id="subtitle69">With my own Venetian slave, huh?<br/>Pissants!</p>
<p begin="3843009169t" end="3854270419t" region="bottomCenter" style="s1" xml:id="subtitle70">[Sanga laughing]</p>
<p begin="3855101249t" end="3873449579t" region="bottomCenter" style="s1" xml:id="subtitle71">I love that!</p>
<p begin="3912658749t" end="3933509579t" region="bottomCenter" style="s1" xml:id="subtitle72">[Sanga sighs]<br/>Let me put this away.</p>
<p begin="3934350419t" end="3959785829t" region="bottomCenter" style="s1" xml:id="subtitle73">[Marco] Thank you for dinner.<br/>It was delicious.</p>
<p begin="3973139169t" end="3986482499t" region="bottomCenter" style="s1" xml:id="subtitle74">[Sanga] Spices?</p>
<p begin="3987313329t" end="4015261249t" region="bottomCenter" style="s1" xml:id="subtitle75">You wanna talk about spices?</p>
<p begin="4016092079t" end="4027353329t" region="bottomCenter" style="s1" xml:id="subtitle76">These spiceries pay</p>
<p begin="4028194169t" end="4056132079t" region="bottomCenter" style="s1" xml:id="subtitle77">three and a third percent.</p>
<p begin="4056972919t" end="4075321249t" region="bottomCenter" style="s1" xml:id="subtitle78">From the wine they make of the rice...</p>
<p begin="4085331249t" end="4112027919t" region="bottomCenter" style="s1" xml:id="subtitle79">they generate great revenue.</p>
<p begin="4112858749t" end="4129955829t" region="bottomCenter" style="s1" xml:id="subtitle80">Thus, they must pay duty.</p>
<p begin="4130796669t" end="4160826669t" region="bottomCenter" style="s1" xml:id="subtitle81">Untold money to the Khan!</p>
<p begin="4176252079t" end="4186262079t" region="bottomCenter" style="s1" xml:id="subtitle82">What is that, Sanga?</p>
<p begin="4187102919t" end="4198364169t" region="bottomCenter" style="s1" xml:id="subtitle83">Huh?</p>
<p begin="4240906669t" end="4260506249t" region="bottomCenter" style="s1" xml:id="subtitle84">[speaking Persian]</p>
<p begin="4298043750t" end="4313058750t" region="bottomCenter" style="s1" xml:id="subtitle85">This, Marco...</p>
<p begin="4313889580t" end="4338083750t" region="bottomCenter" style="s1" xml:id="subtitle86">they're verses of love.</p>
<p begin="4338914580t" end="4367282920t" region="bottomCenter" style="s1" xml:id="subtitle87">See, I travel to collect.</p>
<p begin="4368113750t" end="4379375000t" region="bottomCenter" style="s1" xml:id="subtitle88">So, when I travel...</p>
<p begin="4380205830t" end="4420245830t" region="bottomCenter" style="s1" xml:id="subtitle89">I leave words of love on paper<br/>for my Goland.</p>
<p begin="4421086670t" end="4435681250t" region="bottomCenter" style="s1" xml:id="subtitle90">So she remembers<br/>she has a husband!</p>
<p begin="4448614170t" end="4464039580t" region="bottomCenter" style="s1" xml:id="subtitle91">[Sanga chuckles]</p>
<p begin="4464880420t" end="4501166670t" region="bottomCenter" style="s1" xml:id="subtitle92">And the Silk Road?<br/>Do we ever travel there to collect taxes?</p>
<p begin="4515761250t" end="4534950420t" region="bottomCenter" style="s1" xml:id="subtitle93">"We"? No.</p>
<p begin="4535781250t" end="4569144580t" region="bottomCenter" style="s1" xml:id="subtitle94">I travel to collect.<br/>Once a fortnight or so.</p>
<p begin="4569985420t" end="4579995420t" region="bottomCenter" style="s1" xml:id="subtitle95">You...</p>
<p begin="4580826250t" end="4615440830t" region="bottomCenter" style="s1" xml:id="subtitle96">are not permitted<br/>to travel outside of Cambulac.</p>
<p begin="4616281670t" end="4630876250t" region="bottomCenter" style="s1" xml:id="subtitle97">Hmm?</p>
<p begin="4631707080t" end="4660485830t" region="bottomCenter" style="s1" xml:id="subtitle98">The wonders of Khan's City is plenty.</p>
<p begin="4661326670t" end="4671747080t" region="bottomCenter" style="s1" xml:id="subtitle99">Hmm?</p>
<p begin="4672587920t" end="4683428750t" region="bottomCenter" style="s1" xml:id="subtitle100">So, please...</p>
<p begin="4684259580t" end="4715540830t" region="bottomCenter" style="s1" xml:id="subtitle101">don't speak of this again...<br/>because I like you.</p>
<p begin="4716381670t" end="4733478750t" region="bottomCenter" style="s1" xml:id="subtitle102">My slave.</p>
<p begin="4734309580t" end="4748914170t" region="bottomCenter" style="s1" xml:id="subtitle103"><span style="s1_1">Salute!</span></p>
<p begin="4776021250t" end="4792707920t" region="bottomCenter" style="s1" xml:id="subtitle104">[Sanga chuckles]</p>
<p begin="4842337500t" end="4869034170t" region="bottomCenter" style="s1" xml:id="subtitle105">[Mei Lin] Noble Tiger traveled<br/>a great distance...</p>
<p begin="4869865000t" end="4895720830t" region="bottomCenter" style="s1" xml:id="subtitle106">and began to find<br/>his eyes growing heavy.</p>
<p begin="4906151250t" end="4947442500t" region="bottomCenter" style="s1" xml:id="subtitle107">Noble Tiger was very sleepy, you see...</p>
<p begin="4948273330t" end="4976641670t" region="bottomCenter" style="s1" xml:id="subtitle108">for he was very old.</p>
<p begin="4977472500t" end="4995820830t" region="bottomCenter" style="s1" xml:id="subtitle109">Did he have no more teeth?</p>
<p begin="4996661670t" end="5026271250t" region="bottomCenter" style="s1" xml:id="subtitle110">[laughs]<br/>He still had teeth...</p>
<p begin="5027102080t" end="5055470420t" region="bottomCenter" style="s1" xml:id="subtitle111">just no longer sharp.</p>
<p begin="5056301250t" end="5106771670t" region="bottomCenter" style="s1" xml:id="subtitle112">And so, Noble Tiger lay himself<br/>under a great banyan tree...</p>
<p begin="5107602500t" end="5135550420t" region="bottomCenter" style="s1" xml:id="subtitle113">and fell into a deep slumber.</p>
<p begin="5136381250t" end="5191436250t" region="bottomCenter" style="s1" xml:id="subtitle114">He had the most beautiful dream<br/>of a long shady path.</p>
<p begin="5192267080t" end="5231896670t" region="bottomCenter" style="s1" xml:id="subtitle115">And as he walked down it...</p>
<p begin="5232727500t" end="5269844580t" region="bottomCenter" style="s1" xml:id="subtitle116">he grew young again<br/>and began a life anew.</p>
<p begin="5287362080t" end="5310725420t" region="bottomCenter" style="s1" xml:id="subtitle117">So, he slept forever?</p>
<p begin="5331155830t" end="5354519170t" region="bottomCenter" style="s1" xml:id="subtitle118">Yes.</p>
<p begin="5355350000t" end="5396220830t" region="bottomCenter" style="s1" xml:id="subtitle119">But all of his friends in the forest<br/>were so happy for him.</p>
<p begin="5397061670t" end="5443768330t" region="bottomCenter" style="s1" xml:id="subtitle120">Then they remembered<br/>all the treasures he left behind.</p>
<p begin="5444609170t" end="5480475000t" region="bottomCenter" style="s1" xml:id="subtitle121">You, Ling Ling,<br/>are the sweetest...</p>
<p begin="5481305830t" end="5520935420t" region="bottomCenter" style="s1" xml:id="subtitle122">greatest treasure<br/>your father ever gifted me.</p>
<p begin="5521766250t" end="5563477920t" region="bottomCenter" style="s1" xml:id="subtitle123">One I will selfishly hoard forever.</p>
<p begin="5564308750t" end="5581826250t" region="bottomCenter" style="s1" xml:id="subtitle124">Hello, Sunflower.</p>
<p begin="5586831250t" end="5598512920t" region="bottomCenter" style="s1" xml:id="subtitle125">Uncle!</p>
<p begin="5609774170t" end="5646891250t" region="bottomCenter" style="s1" xml:id="subtitle126">Uncle's most precious.<br/>Born in the Year of the Monkey.</p>
<p begin="5647722080t" end="5661906250t" region="bottomCenter" style="s1" xml:id="subtitle127">Oh.<br/>[giggles]</p>
<p begin="5662737080t" end="5699023330t" region="bottomCenter" style="s1" xml:id="subtitle128">That's why you're so clever.<br/>Precious and clever.</p>
<p begin="5699864170t" end="5717381670t" region="bottomCenter" style="s1" xml:id="subtitle129">Go. Show the children your new gift.</p>
<p begin="5767842080t" end="5786610830t" region="bottomCenter" style="s1" xml:id="subtitle130">The Emperor is breathing his last</p>
<p begin="5787451670t" end="5819984170t" region="bottomCenter" style="s1" xml:id="subtitle131">and he has requested<br/>the presence of his imperial consort.</p>
<p begin="5829153330t" end="5850845000t" region="bottomCenter" style="s1" xml:id="subtitle132">It is a tragedy<br/>that the fates will not allow him</p>
<p begin="5851675830t" end="5882957080t" region="bottomCenter" style="s1" xml:id="subtitle133">the time to bear witness<br/>to the fall of Kublai Khan.</p>
<p begin="5883797920t" end="5921335420t" region="bottomCenter" style="s1" xml:id="subtitle134">Perhaps the Goddess of Mercy<br/>is sparing him a far worse vision.</p>
<p begin="5957201250t" end="6002246250t" region="bottomCenter" style="s1" xml:id="subtitle135">Men will one day sing<br/>songs about me, sister.</p>
<p begin="6003077080t" end="6033107080t" region="bottomCenter" style="s1" xml:id="subtitle136">Jia Sidao, the prime minister<br/>who vanquished the demon</p>
<p begin="6033947920t" end="6053547500t" region="bottomCenter" style="s1" xml:id="subtitle137">and saved the Song.</p>
<p begin="6066480420t" end="6093587500t" region="bottomCenter" style="s1" xml:id="subtitle138">I will bring my daughter<br/>to say goodbye to her father...</p>
<p begin="6107351250t" end="6122786670t" region="bottomCenter" style="s1" xml:id="subtitle139">and to the Empire.</p>
<p begin="6651645000t" end="6663737080t" region="bottomCenter" style="s1" xml:id="subtitle140">[neighing]</p>
<p begin="7117109999t" end="7133376249t" region="bottomCenter" style="s1" xml:id="subtitle141">I did not mean to startle you.</p>
<p begin="7134207079t" end="7160903749t" region="bottomCenter" style="s1" xml:id="subtitle142">-Are you following me?<br/>-No.</p>
<p begin="7161734579t" end="7187600419t" region="bottomCenter" style="s1" xml:id="subtitle143">I saw you and approached.</p>
<p begin="7223466249t" end="7238481249t" region="bottomCenter" style="s1" xml:id="subtitle144">What are you doing out here?</p>
<p begin="7255578329t" end="7269342079t" region="bottomCenter" style="s1" xml:id="subtitle145">I might ask you the same.</p>
<p begin="7278100829t" end="7292284999t" region="bottomCenter" style="s1" xml:id="subtitle146">There is no citizen of Cambulac</p>
<p begin="7293115829t" end="7318140829t" region="bottomCenter" style="s1" xml:id="subtitle147">foolish enough to look at,<br/>let alone talk to me.</p>
<p begin="7318981669t" end="7333996669t" region="bottomCenter" style="s1" xml:id="subtitle148">Do you know who I am?</p>
<p begin="7350262919t" end="7368611249t" region="bottomCenter" style="s1" xml:id="subtitle149">I know only your protector.</p>
<p begin="7369442079t" end="7391133749t" region="bottomCenter" style="s1" xml:id="subtitle150">And if Za Bing were to<br/>catch you anywhere near me...</p>
<p begin="7391964579t" end="7404897499t" region="bottomCenter" style="s1" xml:id="subtitle151">he would run you through.</p>
<p begin="7426589169t" end="7446188749t" region="bottomCenter" style="s1" xml:id="subtitle152">I trust you will not report me.</p>
<p begin="7462034579t" end="7477890419t" region="bottomCenter" style="s1" xml:id="subtitle153">[bell tolls]</p>
<p begin="7502915419t" end="7522935419t" region="bottomCenter" style="s1" xml:id="subtitle154">So... who are you?</p>
<p begin="7538360829t" end="7566308749t" region="bottomCenter" style="s1" xml:id="subtitle155">I am the Blue Princess<br/>of the Bayaut tribe.</p>
<p begin="7567139579t" end="7599672079t" region="bottomCenter" style="s1" xml:id="subtitle156">You ride as Mongol...<br/>not princess.</p>
<p begin="7600512919t" end="7632624999t" region="bottomCenter" style="s1" xml:id="subtitle157">All Mongol women are born<br/>to the horse and the bow.</p>
<p begin="7653065419t" end="7663485829t" region="bottomCenter" style="s1" xml:id="subtitle158">May I assist you?</p>
<p begin="7664326669t" end="7683926249t" region="bottomCenter" style="s1" xml:id="subtitle159">No.</p>
<p begin="7684757079t" end="7701023329t" region="bottomCenter" style="s1" xml:id="subtitle160">I am simply being polite.</p>
<p begin="7701864169t" end="7733145419t" region="bottomCenter" style="s1" xml:id="subtitle161">Something a noble woman<br/>such as yourself should be tutored in.</p>
<p begin="7733976249t" end="7755667919t" region="bottomCenter" style="s1" xml:id="subtitle162">I need not be polite<br/>to someone like you.</p>
<p begin="7756498749t" end="7778190419t" region="bottomCenter" style="s1" xml:id="subtitle163">[scoffs] Someone like me?</p>
<p begin="7779021249t" end="7796538749t" region="bottomCenter" style="s1" xml:id="subtitle164">Someone beneath me.</p>
<p begin="7847839999t" end="7876618749t" region="bottomCenter" style="s1" xml:id="subtitle165">I will forgive your ignorance<br/>in the ways of your new home.</p>
<p begin="7877449579t" end="7889962079t" region="bottomCenter" style="s1" xml:id="subtitle166">This is not my home.</p>
<p begin="7890802919t" end="7913325419t" region="bottomCenter" style="s1" xml:id="subtitle167">Many before you<br/>have thought the same.</p>
<p begin="7932924999t" end="7947939999t" region="bottomCenter" style="s1" xml:id="subtitle168">You speak from experience.</p>
<p begin="7948770829t" end="7972964999t" region="bottomCenter" style="s1" xml:id="subtitle169">Why do you imagine that?</p>
<p begin="7973795829t" end="8002164169t" region="bottomCenter" style="s1" xml:id="subtitle170">I see behind your words.</p>
<p begin="8002994999t" end="8042204169t" region="bottomCenter" style="s1" xml:id="subtitle171">If you are the Princess of the Bayaut...<br/>where is your Queen?</p>
<p begin="8043034999t" end="8063054999t" region="bottomCenter" style="s1" xml:id="subtitle172">Your King?</p>
<p begin="8074316249t" end="8097259169t" region="bottomCenter" style="s1" xml:id="subtitle173">You're a prisoner...</p>
<p begin="8098089999t" end="8119361249t" region="bottomCenter" style="s1" xml:id="subtitle174">like me.</p>
<p begin="8136458329t" end="8176498329t" region="bottomCenter" style="s1" xml:id="subtitle175">I am kept for royalty.<br/>My future is in some distant palace.</p>
<p begin="8177339169t" end="8202364169t" region="bottomCenter" style="s1" xml:id="subtitle176">You are a slave of the Khan.</p>
<p begin="8222384169t" end="8245317079t" region="bottomCenter" style="s1" xml:id="subtitle177">I am nothing like you.</p>
<p begin="8377118749t" end="8391302919t" region="bottomCenter" style="s1" xml:id="subtitle178">[bell tolls]</p>
<p begin="8415487079t" end="8434255829t" region="bottomCenter" style="s1" xml:id="subtitle179">Try to keep up, if you can.</p>
<p begin="8824235420t" end="8841332500t" region="bottomCenter" style="s1" xml:id="subtitle180">[bell tolling]</p>
<p begin="9075316250t" end="9116607500t" region="bottomCenter" style="s1" xml:id="subtitle181">It won't be you who gets cattle-branded,<br/>Princess.</p>
<p begin="9129120000t" end="9139130000t" region="bottomCenter" style="s1" xml:id="subtitle182">[thudding]</p>
<p begin="9536196670t" end="9556627080t" region="bottomCenter" style="s1" xml:id="subtitle183">[growling]</p>
<p begin="9630040420t" end="9658398750t" region="bottomCenter" style="s1" xml:id="subtitle184">[Kublai]<br/>You've been particularly busy of late.</p>
<p begin="9675085420t" end="9697607920t" region="bottomCenter" style="s1" xml:id="subtitle185">How goes your horse riding?</p>
<p begin="9724715000t" end="9752242500t" region="bottomCenter" style="s1" xml:id="subtitle186">You hold your tongue from me again? Hmm?</p>
<p begin="9761832080t" end="9790200420t" region="bottomCenter" style="s1" xml:id="subtitle187">How shall I tell of the<br/>Mongolian pony, Sire?</p>
<p begin="9791031250t" end="9816887080t" region="bottomCenter" style="s1" xml:id="subtitle188">He is a fine and hardy breed.</p>
<p begin="9817727920t" end="9872782920t" region="bottomCenter" style="s1" xml:id="subtitle189">Unlike some steeds in Europe...<br/>he needs not rest nor... coddling.</p>
<p begin="9873613750t" end="9889880000t" region="bottomCenter" style="s1" xml:id="subtitle190">Good.</p>
<p begin="9890710830t" end="9918238330t" region="bottomCenter" style="s1" xml:id="subtitle191">Because you ride to Karakorum today<br/>with my son Jingim.</p>
<p begin="9919079170t" end="9955365420t" region="bottomCenter" style="s1" xml:id="subtitle192">Bring me back a report,<br/>with fresh eyes.</p>
<p begin="9956196250t" end="9969960000t" region="bottomCenter" style="s1" xml:id="subtitle193">Let me see, Latin...</p>
<p begin="9979139170t" end="10005415420t" region="bottomCenter" style="s1" xml:id="subtitle194">the way things truly are<br/>in the kingdom of my brother.</p>
<p begin="10014584580t" end="10033353330t" region="bottomCenter" style="s1" xml:id="subtitle195">By your will, Sire.</p>
<p begin="10076316250t" end="10091331250t" region="bottomCenter" style="s1" xml:id="subtitle196">[men urging horses]</p>
<p begin="10715284580t" end="10726545830t" region="bottomCenter" style="s1" xml:id="subtitle197">My nephew.</p>
<p begin="10727386670t" end="10740309580t" region="bottomCenter" style="s1" xml:id="subtitle198">Uncle.</p>
<p begin="10752411670t" end="10779098330t" region="bottomCenter" style="s1" xml:id="subtitle199">[Ariq] I'm honored<br/>that my older brother has sent you.</p>
<p begin="10779939170t" end="10796205420t" region="bottomCenter" style="s1" xml:id="subtitle200">We will kill a sheep...</p>
<p begin="10797036250t" end="10808297500t" region="bottomCenter" style="s1" xml:id="subtitle201">and drink airag.</p>
<p begin="10809128330t" end="10825815000t" region="bottomCenter" style="s1" xml:id="subtitle202">Come.</p>
<p begin="10890880000t" end="10919658750t" region="bottomCenter" style="s1" xml:id="subtitle203">[Jingim] You're in the heartland<br/>of Lord Genghis now.</p>
<p begin="10920489580t" end="10973462500t" region="bottomCenter" style="s1" xml:id="subtitle204">Beware, Polo.<br/>Your words can get you killed.</p>
<p begin="10974293330t" end="10993902920t" region="bottomCenter" style="s1" xml:id="subtitle205">Wait out here.</p>
<p begin="11055624580t" end="11082741670t" region="bottomCenter" style="s1" xml:id="subtitle206">[Ariq] This one they call<br/>the "Cricket Minister..."</p>
<p begin="11083572500t" end="11112351250t" region="bottomCenter" style="s1" xml:id="subtitle207">how many soldiers did he<br/>have lying in wait at Wuchang?</p>
<p begin="11113182080t" end="11129448330t" region="bottomCenter" style="s1" xml:id="subtitle208">Not enough to defeat a Mongol army...</p>
<p begin="11130289170t" end="11160319170t" region="bottomCenter" style="s1" xml:id="subtitle209">had our reinforcements arrived.</p>
<p begin="11161150000t" end="11177416250t" region="bottomCenter" style="s1" xml:id="subtitle210">You did not attack without me?</p>
<p begin="11178247080t" end="11199938750t" region="bottomCenter" style="s1" xml:id="subtitle211">I was almost killed!</p>
<p begin="11200769580t" end="11237896670t" region="bottomCenter" style="s1" xml:id="subtitle212">My general, Aruka,<br/>has passed to the Blue Sky!</p>
<p begin="11238727500t" end="11262921670t" region="bottomCenter" style="s1" xml:id="subtitle213">The rains cut off passage<br/>of the Blue Horde.</p>
<p begin="11263752500t" end="11276265000t" region="bottomCenter" style="s1" xml:id="subtitle214">You should have sent word.</p>
<p begin="11277095830t" end="11298787500t" region="bottomCenter" style="s1" xml:id="subtitle215">I did.</p>
<p begin="11299618330t" end="11330489170t" region="bottomCenter" style="s1" xml:id="subtitle216">My best rider... Duwa.</p>
<p begin="11331320000t" end="11355924580t" region="bottomCenter" style="s1" xml:id="subtitle217">They captured him outside of Wuchang.</p>
<p begin="11356765420t" end="11381370000t" region="bottomCenter" style="s1" xml:id="subtitle218">Tied his head to his horse...</p>
<p begin="11382200830t" end="11398467080t" region="bottomCenter" style="s1" xml:id="subtitle219">let it run home.</p>
<p begin="11399307920t" end="11425584170t" region="bottomCenter" style="s1" xml:id="subtitle220">Right to his <span style="s1_1">ger...</span></p>
<p begin="11426415000t" end="11441850420t" region="bottomCenter" style="s1" xml:id="subtitle221">and his children.</p>
<p begin="11554042500t" end="11572390830t" region="bottomCenter" style="s1" xml:id="subtitle222">[men grunting]</p>
<p begin="11694602920t" end="11707115420t" region="bottomCenter" style="s1" xml:id="subtitle223">[sheep bleating]</p>
<p begin="11757996250t" end="11768426670t" region="bottomCenter" style="s1" xml:id="subtitle224">May I see?</p>
<p begin="11784272500t" end="11800959170t" region="bottomCenter" style="s1" xml:id="subtitle225">[horse neighing]</p>
<p begin="11830148330t" end="11861429580t" region="bottomCenter" style="s1" xml:id="subtitle226">They are... magnificent beasts.</p>
<p begin="12084152080t" end="12117105000t" region="bottomCenter" style="s1" xml:id="subtitle227">When you were a child,<br/>I called you Altai.</p>
<p begin="12134202080t" end="12185923750t" region="bottomCenter" style="s1" xml:id="subtitle228">After the mountains me<br/>and your father hunted as boys.</p>
<p begin="12186754580t" end="12229717500t" region="bottomCenter" style="s1" xml:id="subtitle229">Kublai insisted on a Chinese name.<br/>Jingim.</p>
<p begin="12265172920t" end="12287695420t" region="bottomCenter" style="s1" xml:id="subtitle230">Remind me of its meaning.</p>
<p begin="12297705420t" end="12307715420t" region="bottomCenter" style="s1" xml:id="subtitle231">Golden.</p>
<p begin="12319387080t" end="12330237920t" region="bottomCenter" style="s1" xml:id="subtitle232">Golden.</p>
<p begin="12342330000t" end="12365272920t" region="bottomCenter" style="s1" xml:id="subtitle233">You are his golden one, nephew.</p>
<p begin="12375282920t" end="12420327920t" region="bottomCenter" style="s1" xml:id="subtitle234">One day, they may call you...<br/>"Jingim Khan."</p>
<p begin="12436173750t" end="12448686250t" region="bottomCenter" style="s1" xml:id="subtitle235">But beware...</p>
<p begin="12462870420t" end="12506243750t" region="bottomCenter" style="s1" xml:id="subtitle236">my big brother<br/>is too trusting of outsiders.</p>
<p begin="12507074580t" end="12545032500t" region="bottomCenter" style="s1" xml:id="subtitle237">Persians...<br/>and Chinese...</p>
<p begin="12545863330t" end="12567975420t" region="bottomCenter" style="s1" xml:id="subtitle238">and all kinds of religions.</p>
<p begin="12585903330t" end="12600507920t" region="bottomCenter" style="s1" xml:id="subtitle239">You and me...</p>
<p begin="12601338750t" end="12640547920t" region="bottomCenter" style="s1" xml:id="subtitle240">our blood is the wolf and the deer.</p>
<p begin="12641378750t" end="12679747080t" region="bottomCenter" style="s1" xml:id="subtitle241">Open the gates to outsiders...<br/>secrets will they spill.</p>
<p begin="12761078330t" end="12789857080t" region="bottomCenter" style="s1" xml:id="subtitle242">Who is the Christian<br/>who rides with you?</p>
<p begin="13230297080t" end="13256162920t" region="bottomCenter" style="s1" xml:id="subtitle243">My uncle's troops were cut off<br/>by the spring rains...</p>
<p begin="13256993750t" end="13273260000t" region="bottomCenter" style="s1" xml:id="subtitle244">east of Volga.</p>
<p begin="13274090830t" end="13285772500t" region="bottomCenter" style="s1" xml:id="subtitle245">He sent a horse messenger...</p>
<p begin="13286603330t" end="13304961670t" region="bottomCenter" style="s1" xml:id="subtitle246">but the rebels intercepted.</p>
<p begin="13342909580t" end="13360847500t" region="bottomCenter" style="s1" xml:id="subtitle247">Where is the Latin?</p>
<p begin="13384200830t" end="13398805420t" region="bottomCenter" style="s1" xml:id="subtitle248">[Marco] Sire?</p>
<p begin="13459696249t" end="13481387919t" region="bottomCenter" style="s1" xml:id="subtitle249">What was your impression<br/>of the Old Capital?</p>
<p begin="13499736249t" end="13525592079t" region="bottomCenter" style="s1" xml:id="subtitle250">I found the Great Khan's brother<br/>to be a gracious host,</p>
<p begin="13526432919t" end="13542278749t" region="bottomCenter" style="s1" xml:id="subtitle251">as Prince Jingim reported.</p>
<p begin="13573139579t" end="13583990419t" region="bottomCenter" style="s1" xml:id="subtitle252">Four wives, yes?</p>
<p begin="13584821249t" end="13626943329t" region="bottomCenter" style="s1" xml:id="subtitle253">Five.<br/>He also keeps a large harem...</p>
<p begin="13627784169t" end="13642799169t" region="bottomCenter" style="s1" xml:id="subtitle254">quite young.</p>
<p begin="13657393749t" end="13674080419t" region="bottomCenter" style="s1" xml:id="subtitle255">But not as vast as mine.</p>
<p begin="13674911249t" end="13698684999t" region="bottomCenter" style="s1" xml:id="subtitle256">And nowhere near as charming.</p>
<p begin="13699515829t" end="13718284579t" region="bottomCenter" style="s1" xml:id="subtitle257">Certainly no girls from Kungurat.</p>
<p begin="13719125419t" end="13737053329t" region="bottomCenter" style="s1" xml:id="subtitle258">[court laughing]</p>
<p begin="13779185419t" end="13815882079t" region="bottomCenter" style="s1" xml:id="subtitle259">I have seen my uncle's army, Father.</p>
<p begin="13816722919t" end="13829645829t" region="bottomCenter" style="s1" xml:id="subtitle260">They are ready.</p>
<p begin="13834650829t" end="13866352499t" region="bottomCenter" style="s1" xml:id="subtitle261">Ariq is prepared to join<br/>our attack on Xiangyang.</p>
<p begin="13867183329t" end="13899715829t" region="bottomCenter" style="s1" xml:id="subtitle262">This will not be another Wuchang.</p>
<p begin="13900556669t" end="13915151249t" region="bottomCenter" style="s1" xml:id="subtitle263">[court murmuring]</p>
<p begin="13960616669t" end="13989805829t" region="bottomCenter" style="s1" xml:id="subtitle264">I fear Ariq's horses<br/>will never reach Xiangyang.</p>
<p begin="14048204169t" end="14059875829t" region="bottomCenter" style="s1" xml:id="subtitle265">Speak.</p>
<p begin="14088244169t" end="14115771669t" region="bottomCenter" style="s1" xml:id="subtitle266">Ariq's horses are<br/>in the many thousands, true.</p>
<p begin="14116602499t" end="14137042919t" region="bottomCenter" style="s1" xml:id="subtitle267">Quite fit.</p>
<p begin="14137873749t" end="14174159999t" region="bottomCenter" style="s1" xml:id="subtitle268">But how many days' ride is it from<br/>the Old Capital to the Walled City?</p>
<p begin="14185000829t" end="14210866669t" region="bottomCenter" style="s1" xml:id="subtitle269">Three weeks.<br/>By desert.</p>
<p begin="14265080829t" end="14288444169t" region="bottomCenter" style="s1" xml:id="subtitle270">As the son of a merchant...</p>
<p begin="14289274999t" end="14323889579t" region="bottomCenter" style="s1" xml:id="subtitle271">they do not have the grain supplies<br/>to move that many horses to Xiangyang.</p>
<p begin="14333068749t" end="14371026669t" region="bottomCenter" style="s1" xml:id="subtitle272">The desert alone would<br/>cut their numbers in half.</p>
<p begin="14371857499t" end="14414820419t" region="bottomCenter" style="s1" xml:id="subtitle273">My son, Jingim, just stated that<br/>they are ready to ride into battle.</p>
<p begin="14415651249t" end="14446932499t" region="bottomCenter" style="s1" xml:id="subtitle274">They are ready, yes, Great Khan.</p>
<p begin="14447763329t" end="14476542079t" region="bottomCenter" style="s1" xml:id="subtitle275">But only if that battle<br/>was closer to home.</p>
<p begin="14499905419t" end="14515751249t" region="bottomCenter" style="s1" xml:id="subtitle276">[Jingim] Do you accuse my uncle,</p>
<p begin="14516582079t" end="14537853329t" region="bottomCenter" style="s1" xml:id="subtitle277">brother to the Khan, of treason?</p>
<p begin="14547032499t" end="14582898329t" region="bottomCenter" style="s1" xml:id="subtitle278">I only describe what I see,<br/>as I saw it.</p>
<p begin="14726381669t" end="14746401669t" region="bottomCenter" style="s1" xml:id="subtitle279">Yusuf...</p>
<p begin="14747232499t" end="14782687919t" region="bottomCenter" style="s1" xml:id="subtitle280">dispatch a night rider<br/>to verify the Latin's report.</p>
<p begin="14936591669t" end="14949104169t" region="bottomCenter" style="s1" xml:id="subtitle281">[door closes]</p>
<p begin="15018333329t" end="15061296249t" region="bottomCenter" style="s1" xml:id="subtitle282">You will not be gaining favors<br/>by your charming stories anymore.</p>
<p begin="15077142079t" end="15095079999t" region="bottomCenter" style="s1" xml:id="subtitle283">Not without a tongue.</p>
<p begin="15532186669t" end="15552617079t" region="bottomCenter" style="s1" xml:id="subtitle284">The sword you hid is weak.</p>
<p begin="15553457919t" end="15587241669t" region="bottomCenter" style="s1" xml:id="subtitle285">Your water won't last you two days.</p>
<p begin="15588072499t" end="15619774169t" region="bottomCenter" style="s1" xml:id="subtitle286">But the salt cakes were... delicious.</p>
<p begin="15656060419t" end="15677742079t" region="bottomCenter" style="s1" xml:id="subtitle287">I called Ariq a liar tonight.</p>
<p begin="15678582919t" end="15709443749t" region="bottomCenter" style="s1" xml:id="subtitle288">That was foolish.<br/>Were your words true?</p>
<p begin="15710274579t" end="15726540829t" region="bottomCenter" style="s1" xml:id="subtitle289">Yes.</p>
<p begin="15727381669t" end="15748232499t" region="bottomCenter" style="s1" xml:id="subtitle290">Run now, they will find you.</p>
<p begin="15749063329t" end="15764498749t" region="bottomCenter" style="s1" xml:id="subtitle291">Stay...</p>
<p begin="15765329579t" end="15800364579t" region="bottomCenter" style="s1" xml:id="subtitle292">I can train you to survive in whatever<br/>world you choose to make your home.</p>
<p begin="15801205419t" end="15820804999t" region="bottomCenter" style="s1" xml:id="subtitle293">This is not my home.</p>
<p begin="15821635829t" end="15837491669t" region="bottomCenter" style="s1" xml:id="subtitle294">[Hundred Eyes] I understand.</p>
<p begin="15854168329t" end="15872937079t" region="bottomCenter" style="s1" xml:id="subtitle295">Where did the Khan get you from?</p>
<p begin="15887541669t" end="15902136249t" region="bottomCenter" style="s1" xml:id="subtitle296">I said I would train you...</p>
<p begin="15911725829t" end="15950934999t" region="bottomCenter" style="s1" xml:id="subtitle297">not wallow in nostalgia with you.</p>
<p begin="16199102919t" end="16216620419t" region="bottomCenter" style="s1" xml:id="subtitle298">[grunting]</p>
<p begin="16531935419t" end="16550704169t" region="bottomCenter" style="s1" xml:id="subtitle299">[Marco panting]</p>
<p begin="16563627079t" end="16586990419t" region="bottomCenter" style="s1" xml:id="subtitle300">Why do you think the<br/>sword has a colored sash?</p>
<p begin="16597000419t" end="16610343749t" region="bottomCenter" style="s1" xml:id="subtitle301">To look pretty?</p>
<p begin="16732545829t" end="16758822079t" region="bottomCenter" style="s1" xml:id="subtitle302">[Jingim] He's advanced quickly<br/>to the broadsword.</p>
<p begin="16786769999t" end="16805118329t" region="bottomCenter" style="s1" xml:id="subtitle303">You schooled him well, Hundred Eyes.</p>
<p begin="16820133329t" end="16854337499t" region="bottomCenter" style="s1" xml:id="subtitle304">May I interrupt<br/>the student's training for a word?</p>
<p begin="16855168329t" end="16885618749t" region="bottomCenter" style="s1" xml:id="subtitle305">You're the Prince.<br/>You may kill him, if that's your desire.</p>
<p begin="16898551669t" end="16908561669t" region="bottomCenter" style="s1" xml:id="subtitle306">[drawing sword]</p>
<p begin="16988221249t" end="17027009999t" region="bottomCenter" style="s1" xml:id="subtitle307">Humiliate me<br/>in front of the court again...</p>
<p begin="17027840829t" end="17045358329t" region="bottomCenter" style="s1" xml:id="subtitle308">I will kill you.</p>
<p begin="17145458329t" end="17158811669t" region="bottomCenter" style="s1" xml:id="subtitle309">You were right.</p>
<p begin="17176329169t" end="17192175000t" region="bottomCenter" style="s1" xml:id="subtitle310">Ariq betrayed us.</p>
<p begin="17345247920t" end="17381944580t" region="bottomCenter" style="s1" xml:id="subtitle311">Ariq sends me a treacherous gift.</p>
<p begin="17382785420t" end="17418651250t" region="bottomCenter" style="s1" xml:id="subtitle312">He remembers how much<br/>I love the king of the hunters.</p>
<p begin="17419482080t" end="17455768330t" region="bottomCenter" style="s1" xml:id="subtitle313">Ariq is a dog,<br/>that would eat its own afterbirth.</p>
<p begin="17456609170t" end="17472875420t" region="bottomCenter" style="s1" xml:id="subtitle314">[Kublai chuckles]</p>
<p begin="17473706250t" end="17516248750t" region="bottomCenter" style="s1" xml:id="subtitle315">He has always believed that he<br/>should be Khan of Khans. Not you.</p>
<p begin="17537520000t" end="17563796250t" region="bottomCenter" style="s1" xml:id="subtitle316">Before the sun sets today...</p>
<p begin="17564627080t" end="17596749170t" region="bottomCenter" style="s1" xml:id="subtitle317">I will close down the Gobi trade routes...</p>
<p begin="17597580000t" end="17625527920t" region="bottomCenter" style="s1" xml:id="subtitle318">starve Karakorum.</p>
<p begin="17626358750t" end="17662645000t" region="bottomCenter" style="s1" xml:id="subtitle319">My younger brother will have<br/>no place to go but Siberia.</p>
<p begin="17663475830t" end="17691003330t" region="bottomCenter" style="s1" xml:id="subtitle320">So forgiving, Great Kublai.</p>
<p begin="17691844170t" end="17742725000t" region="bottomCenter" style="s1" xml:id="subtitle321">You slaughter entire cities,<br/>yet you allow Ariq to run to Siberia.</p>
<p begin="17743555830t" end="17759411670t" region="bottomCenter" style="s1" xml:id="subtitle322">I know how to punish my brother.</p>
<p begin="17760242500t" end="17781513750t" region="bottomCenter" style="s1" xml:id="subtitle323">He almost killed your son.</p>
<p begin="17797359580t" end="17827389580t" region="bottomCenter" style="s1" xml:id="subtitle324">Ariq believes he can pleasure<br/>your women better than you.</p>
<p begin="17828230420t" end="17839902080t" region="bottomCenter" style="s1" xml:id="subtitle325">[Kublai chuckles]</p>
<p begin="17840742920t" end="17859511670t" region="bottomCenter" style="s1" xml:id="subtitle326">Does that excite you, Empress?</p>
<p begin="17860342500t" end="17898710830t" region="bottomCenter" style="s1" xml:id="subtitle327">Ariq should be trampled<br/>by 1,000 horses</p>
<p begin="17899551670t" end="17924987080t" region="bottomCenter" style="s1" xml:id="subtitle328">and left on a steppe to rot.</p>
<p begin="17960442500t" end="17996728750t" region="bottomCenter" style="s1" xml:id="subtitle329">That... would excite me.</p>
<p begin="18179411250t" end="18191503330t" region="bottomCenter" style="s1" xml:id="subtitle330">[crickets chirping]</p>
<p begin="18375857500t" end="18391703330t" region="bottomCenter" style="s1" xml:id="subtitle331">[Governor] Ariq Khan?</p>
<p begin="18392544170t" end="18407138750t" region="bottomCenter" style="s1" xml:id="subtitle332">[Jia Sidao]<br/>Kublai's younger brother in the north.</p>
<p begin="18407969580t" end="18444676250t" region="bottomCenter" style="s1" xml:id="subtitle333">We are minting his own currency<br/>for when he is elected Khan of Khans</p>
<p begin="18445507080t" end="18469280830t" region="bottomCenter" style="s1" xml:id="subtitle334">and opens the Silk Road for the Song.</p>
<p begin="18470121670t" end="18494305830t" region="bottomCenter" style="s1" xml:id="subtitle335">Of course, I need the support<br/>of our region's governors.</p>
<p begin="18541853330t" end="18568550000t" region="bottomCenter" style="s1" xml:id="subtitle336">You have my stamp, Sidao.</p>
<p begin="18593575000t" end="18626938330t" region="bottomCenter" style="s1" xml:id="subtitle337">And my command over the Council.</p>
<p begin="18803364580t" end="18822974170t" region="bottomCenter" style="s1" xml:id="subtitle338">[women sobbing]</p>
<p begin="18823805000t" end="18856337500t" region="bottomCenter" style="s1" xml:id="subtitle339">Men grow old,<br/>pearls turn yellow...</p>
<p begin="18857168330t" end="18879690830t" region="bottomCenter" style="s1" xml:id="subtitle340">there is no cure.</p>
<p begin="18880531670t" end="18902213330t" region="bottomCenter" style="s1" xml:id="subtitle341">My condolences, Empress Xie.</p>
<p begin="18912643750t" end="18953104170t" region="bottomCenter" style="s1" xml:id="subtitle342">Eventually, we all<br/>become white ashes, Sidao.</p>
<p begin="18953935000t" end="18989390420t" region="bottomCenter" style="s1" xml:id="subtitle343">But my husband has left a son.</p>
<p begin="18990221250t" end="19024835830t" region="bottomCenter" style="s1" xml:id="subtitle344">Bow to your new Emperor, Zhao Xian.</p>
<p begin="19072803750t" end="19090321250t" region="bottomCenter" style="s1" xml:id="subtitle345">[sighing]</p>
<p begin="19121602500t" end="19157057920t" region="bottomCenter" style="s1" xml:id="subtitle346">With sad news, Empress,<br/>also comes good.</p>
<p begin="19157888750t" end="19189590420t" region="bottomCenter" style="s1" xml:id="subtitle347">We drove the Mongols<br/>back from Wuchang.</p>
<p begin="19190421250t" end="19210020830t" region="bottomCenter" style="s1" xml:id="subtitle348">The barbarians know your Chancellor</p>
<p begin="19210861670t" end="19248399170t" region="bottomCenter" style="s1" xml:id="subtitle349">will never surrender the last<br/>stronghold of the Song dynasty.</p>
<p begin="19255065830t" end="19287598330t" region="bottomCenter" style="s1" xml:id="subtitle350">But they will be back.<br/>We can count on that.</p>
<p begin="19288439170t" end="19321382080t" region="bottomCenter" style="s1" xml:id="subtitle351">I fear you do count on it, Sidao.</p>
<p begin="19322222920t" end="19348499170t" region="bottomCenter" style="s1" xml:id="subtitle352">I fear you thirst for it.</p>
<p begin="19349330000t" end="19365596250t" region="bottomCenter" style="s1" xml:id="subtitle353">[loud clattering]</p>
<p begin="19654635000t" end="19667147500t" region="bottomCenter" style="s1" xml:id="subtitle354">Have you reported all?</p>
<p begin="19667978330t" end="19694675000t" region="bottomCenter" style="s1" xml:id="subtitle355">Yes, Good Minister Ahmad. Yes.</p>
<p begin="19716777080t" end="19731381670t" region="bottomCenter" style="s1" xml:id="subtitle356">You are dismissed, Sanga.</p>
<p begin="19769329580t" end="19782262500t" region="bottomCenter" style="s1" xml:id="subtitle357">Master Marco.</p>
<p begin="19791852080t" end="19826476670t" region="bottomCenter" style="s1" xml:id="subtitle358">Come. Stay.</p>
<p begin="19827307500t" end="19853163330t" region="bottomCenter" style="s1" xml:id="subtitle359">Goodbye, my Venetian slave.</p>
<p begin="19854004170t" end="19875275420t" region="bottomCenter" style="s1" xml:id="subtitle360"><span style="s1_1">Schiavo.</span> Huh?<br/>[chuckles]</p>
<p begin="19890700830t" end="19902382500t" region="bottomCenter" style="s1" xml:id="subtitle361">[Ahmad] So...</p>
<p begin="19903213330t" end="19924484580t" region="bottomCenter" style="s1" xml:id="subtitle362">what is this gift I hear of?</p>
<p begin="19925325420t" end="19960770830t" region="bottomCenter" style="s1" xml:id="subtitle363">The foreign messenger<br/>who can paint pictures with his words.</p>
<p begin="19961611670t" end="19993303330t" region="bottomCenter" style="s1" xml:id="subtitle364">How would you describe<br/>the manner in which...</p>
<p begin="19994144170t" end="20007487500t" region="bottomCenter" style="s1" xml:id="subtitle365">the Uighurs pay their taxes?</p>
<p begin="20017077080t" end="20051701670t" region="bottomCenter" style="s1" xml:id="subtitle366">Always there's a form of ceremony.</p>
<p begin="20052532500t" end="20077557500t" region="bottomCenter" style="s1" xml:id="subtitle367">On their knees...</p>
<p begin="20078388330t" end="20113423330t" region="bottomCenter" style="s1" xml:id="subtitle368">a humble offering,<br/>more as to a god than to a king.</p>
<p begin="20114264170t" end="20132612500t" region="bottomCenter" style="s1" xml:id="subtitle369">And the Jurchens?</p>
<p begin="20133443330t" end="20157637500t" region="bottomCenter" style="s1" xml:id="subtitle370">[Marco] Clever, and a resourceful people.</p>
<p begin="20158468330t" end="20196426250t" region="bottomCenter" style="s1" xml:id="subtitle371">Paying with the work of their hands<br/>when they do not have the coins.</p>
<p begin="20197257080t" end="20229379170t" region="bottomCenter" style="s1" xml:id="subtitle372">[Ahmad] Masters of making linen,<br/>I understand.</p>
<p begin="20230210000t" end="20252732500t" region="bottomCenter" style="s1" xml:id="subtitle373">So if the Jurchens<br/>have been paying in linen,</p>
<p begin="20253563330t" end="20280680420t" region="bottomCenter" style="s1" xml:id="subtitle374">why hasn't Sanga<br/>deposited any such tribute?</p>
<p begin="20314874580t" end="20347827500t" region="bottomCenter" style="s1" xml:id="subtitle375">I did not say<br/>that Sanga collected such linens.</p>
<p begin="20348658330t" end="20392452080t" region="bottomCenter" style="s1" xml:id="subtitle376">Only that the Jurchens are a clever<br/>and resourceful people.</p>
<p begin="20409559170t" end="20431240830t" region="bottomCenter" style="s1" xml:id="subtitle377">You are not the first foreigner...</p>
<p begin="20432081670t" end="20462111670t" region="bottomCenter" style="s1" xml:id="subtitle378">who has had to learn<br/>to subsist in this kingdom.</p>
<p begin="20462942500t" end="20491721250t" region="bottomCenter" style="s1" xml:id="subtitle379">I found my way here as a child...</p>
<p begin="20492552080t" end="20528007500t" region="bottomCenter" style="s1" xml:id="subtitle380">raised in the household<br/>of the Great Khan.</p>
<p begin="20528838330t" end="20575134580t" region="bottomCenter" style="s1" xml:id="subtitle381">So I know his heart,<br/>and I have his trust.</p>
<p begin="20575975420t" end="20622271670t" region="bottomCenter" style="s1" xml:id="subtitle382">A lie is...<br/>like an assault on his person, but...</p>
<p begin="20623102500t" end="20653963330t" region="bottomCenter" style="s1" xml:id="subtitle383">an honest word?<br/>That is like a shield.</p>
<p begin="20666896250t" end="20688587920t" region="bottomCenter" style="s1" xml:id="subtitle384">So I must ask you again.</p>
<p begin="20689418750t" end="20702762080t" region="bottomCenter" style="s1" xml:id="subtitle385">Did the Jurchens...</p>
<p begin="20703602920t" end="20754063330t" region="bottomCenter" style="s1" xml:id="subtitle386">at any time...<br/>pay their taxes in the form of linen?</p>
<p begin="20774503750t" end="20799528750t" region="bottomCenter" style="s1" xml:id="subtitle387">Perhaps Sanga simply forgot.</p>
<p begin="20829138330t" end="20847496670t" region="bottomCenter" style="s1" xml:id="subtitle388">Indeed.</p>
<p begin="20980539580t" end="21016415420t" region="bottomCenter" style="s1" xml:id="subtitle389">[singing in Mandarin]</p>
<p begin="21224953750t" end="21256655420t" region="bottomCenter" style="s1" xml:id="subtitle390">[Mei Lin speaking English]<br/>Ling Ling... Ling Ling, go with Jing Fei.</p>
<p begin="21277506250t" end="21297946670t" region="bottomCenter" style="s1" xml:id="subtitle391">Come on. Good girl.</p>
<p begin="21324222920t" end="21350909580t" region="bottomCenter" style="s1" xml:id="subtitle392">I will see you very soon, my daughter.</p>
<p begin="21421400000t" end="21439337920t" region="bottomCenter" style="s1" xml:id="subtitle393">My Emperor is dead...</p>
<p begin="21453512080t" end="21483131670t" region="bottomCenter" style="s1" xml:id="subtitle394">but I am still an imperial consort.</p>
<p begin="21528587080t" end="21552360830t" region="bottomCenter" style="s1" xml:id="subtitle395">I do not bed soldiers.</p>
<p begin="21553201670t" end="21588647080t" region="bottomCenter" style="s1" xml:id="subtitle396">Chancellor Jia Sidao<br/>has granted us permission.</p>
<p begin="21847245420t" end="21881029170t" region="bottomCenter" style="s1" xml:id="subtitle397">Two Eels, One Cave.</p>
<p begin="21939417500t" end="21956104170t" region="bottomCenter" style="s1" xml:id="subtitle398">[soldiers chuckling]</p>
<p begin="21966524580t" end="21989047080t" region="bottomCenter" style="s1" xml:id="subtitle399">Do you know this forbidden game?</p>
<p begin="21998646670t" end="22013661670t" region="bottomCenter" style="s1" xml:id="subtitle400">[soldiers speaking indistinctly]</p>
<p begin="22371929580t" end="22383611250t" region="bottomCenter" style="s1" xml:id="subtitle401">[gurgling]</p>
<p begin="22399457080t" end="22416974580t" region="bottomCenter" style="s1" xml:id="subtitle402">[soldiers shouting]</p>
<p begin="22424071670t" end="22435332920t" region="bottomCenter" style="s1" xml:id="subtitle403">[soldiers grunting]</p>
<p begin="22727284580t" end="22767745000t" region="bottomCenter" style="s1" xml:id="subtitle404">[guards shouting in Cantonese]</p>
<p begin="22768575830t" end="22784431670t" region="bottomCenter" style="s1" xml:id="subtitle405">[footsteps approaching]</p>
<p begin="22862840000t" end="22901628750t" region="bottomCenter" style="s1" xml:id="subtitle406">You should be tied to a post and<br/>have your skin sliced from your body.</p>
<p begin="22902459580t" end="22931238330t" region="bottomCenter" style="s1" xml:id="subtitle407">I have bartered<br/>for your political advantage.</p>
<p begin="22932079170t" end="22959606670t" region="bottomCenter" style="s1" xml:id="subtitle408">I will not barter<br/>for the loyalty of your soldiers.</p>
<p begin="22960437500t" end="22972529580t" region="bottomCenter" style="s1" xml:id="subtitle409">[Jia Sidao] It is beneath you...</p>
<p begin="22973370420t" end="22987134170t" region="bottomCenter" style="s1" xml:id="subtitle410">I know.</p>
<p begin="23002980000t" end="23024251250t" region="bottomCenter" style="s1" xml:id="subtitle411">You will travel to Cambulac as defector.</p>
<p begin="23033840830t" end="23046773750t" region="bottomCenter" style="s1" xml:id="subtitle412">They will take you in,</p>
<p begin="23047604580t" end="23068465420t" region="bottomCenter" style="s1" xml:id="subtitle413">and just as you won<br/>the favor of the Emperor of China...</p>
<p begin="23069296250t" end="23096403330t" region="bottomCenter" style="s1" xml:id="subtitle414">you will win the favor<br/>of the Devil himself.</p>
<p begin="23097244170t" end="23116012920t" region="bottomCenter" style="s1" xml:id="subtitle415">Report to me.</p>
<p begin="23116843750t" end="23143540420t" region="bottomCenter" style="s1" xml:id="subtitle416">Everything he says, everything he does,<br/>everything he dreams.</p>
<p begin="23144371250t" end="23161468330t" region="bottomCenter" style="s1" xml:id="subtitle417">[children laughing]</p>
<p begin="23210687500t" end="23224451250t" region="bottomCenter" style="s1" xml:id="subtitle418">Do not worry, sister.</p>
<p begin="23229456250t" end="23244050830t" region="bottomCenter" style="s1" xml:id="subtitle419">While you are away...</p>
<p begin="23244891670t" end="23275332080t" region="bottomCenter" style="s1" xml:id="subtitle420">I will personally care for my Sunflower.</p>
<p begin="23284931670t" end="23299105830t" region="bottomCenter" style="s1" xml:id="subtitle421">I am your blood.</p>
<p begin="23299946670t" end="23321217920t" region="bottomCenter" style="s1" xml:id="subtitle422">We give our blood for the dynasty.</p>
<p begin="23329135830t" end="23359165830t" region="bottomCenter" style="s1" xml:id="subtitle423">Your men...<br/>they laugh at you.</p>
<p begin="23360006670t" end="23381688330t" region="bottomCenter" style="s1" xml:id="subtitle424">They call you the "Cricket Minister."</p>
<p begin="23490547080t" end="23512659170t" region="bottomCenter" style="s1" xml:id="subtitle425">[Marco] I was summoned.</p>
<p begin="23513490000t" end="23524330830t" region="bottomCenter" style="s1" xml:id="subtitle426">[Jingim] Quiet.</p>
<p begin="23553950420t" end="23567714170t" region="bottomCenter" style="s1" xml:id="subtitle427">You may begin.</p>
<p begin="23579385830t" end="23611918330t" region="bottomCenter" style="s1" xml:id="subtitle428">[shouting in Mongolian]</p>
<p begin="23689085420t" end="23723700000t" region="bottomCenter" style="s1" xml:id="subtitle429">The tax collector's deposits<br/>did not match.</p>
<p begin="23724530830t" end="23735381670t" region="bottomCenter" style="s1" xml:id="subtitle430">What?</p>
<p begin="23764991250t" end="23784590830t" region="bottomCenter" style="s1" xml:id="subtitle431">[man shouting in Mongolian]</p>
<p begin="23883439580t" end="23900546670t" region="bottomCenter" style="s1" xml:id="subtitle432">[Jingim]<br/>He was given an honorable death.</p>
<p begin="23910556670t" end="23953509580t" region="bottomCenter" style="s1" xml:id="subtitle433">Rolled up in a carpet so that<br/>Tengri the Sky God did not see his blood.</p>
<p begin="23995641670t" end="24019825830t" region="bottomCenter" style="s1" xml:id="subtitle434">You will be riding into<br/>battle with us, I hear...</p>
<p begin="24020666670t" end="24044850830t" region="bottomCenter" style="s1" xml:id="subtitle435">to give your accounts.</p>
<p begin="24176652500t" end="24210015830t" region="bottomCenter" style="s1" xml:id="subtitle436">[Mei Lin] I love you so much.<br/>I have to go.</p>
<p begin="24210856670t" end="24228374170t" region="bottomCenter" style="s1" xml:id="subtitle437">But I will see you very soon.</p>
<p begin="24229205000t" end="24245050830t" region="bottomCenter" style="s1" xml:id="subtitle438">-[Ling Ling sobbing]<br/>-I love you.</p>
<p begin="24375180830t" end="24397292920t" region="bottomCenter" style="s1" xml:id="subtitle439">[Ling Ling crying]</p>
<p begin="24870675830t" end="24887782920t" region="bottomCenter" style="s1" xml:id="subtitle440">[sighs deeply]</p>
<p begin="25469614170t" end="25489634170t" region="bottomCenter" style="s1" xml:id="subtitle441">[Kublai] Send for Ariq.</p>
<p begin="25501726250t" end="25542597080t" region="bottomCenter" style="s1" xml:id="subtitle442">Put up a <span style="s1_1">ger.</span><br/>Light a fire.</p>
<p begin="25855830000t" end="25867511670t" region="bottomCenter" style="s1" xml:id="subtitle443">[scoffs]</p>
<p begin="25927982080t" end="25938832920t" region="bottomCenter" style="s1" xml:id="subtitle444">[chuckles]</p>
<p begin="25950094170t" end="25969693750t" region="bottomCenter" style="s1" xml:id="subtitle445">Do you remember, older brother...</p>
<p begin="25970524580t" end="25997641670t" region="bottomCenter" style="s1" xml:id="subtitle446">the summer<br/>you chased a deer for six days?</p>
<p begin="25998472500t" end="26033507500t" region="bottomCenter" style="s1" xml:id="subtitle447">You were gone so long,<br/>our mother thought the wolves got you.</p>
<p begin="26034338330t" end="26063537500t" region="bottomCenter" style="s1" xml:id="subtitle448">She made me grind borts<br/>with the women for six more days.</p>
<p begin="26064368330t" end="26074378330t" region="bottomCenter" style="s1" xml:id="subtitle449">[Ariq laughs]</p>
<p begin="26085229170t" end="26111915830t" region="bottomCenter" style="s1" xml:id="subtitle450">Our father woke up drunk and said,</p>
<p begin="26112756670t" end="26142366250t" region="bottomCenter" style="s1" xml:id="subtitle451">"Kublai, why are you<br/>grinding borts like a girl,</p>
<p begin="26143197080t" end="26167811670t" region="bottomCenter" style="s1" xml:id="subtitle452">when you should be<br/>out hunting deer?"</p>
<p begin="26190334170t" end="26204097920t" region="bottomCenter" style="s1" xml:id="subtitle453">Sorkaktani...</p>
<p begin="26219523330t" end="26234127920t" region="bottomCenter" style="s1" xml:id="subtitle454">she was a fine mother.</p>
<p begin="26256230000t" end="26288342080t" region="bottomCenter" style="s1" xml:id="subtitle455">A great mother.<br/>Queen of Mongolia.</p>
<p begin="26348402080t" end="26383437080t" region="bottomCenter" style="s1" xml:id="subtitle456">It was she who taught us<br/>the code of Grandfather Genghis, yes?</p>
<p begin="26384277920t" end="26408051670t" region="bottomCenter" style="s1" xml:id="subtitle457">It was she that taught us<br/>that a true ruler</p>
<p begin="26408882500t" end="26441415000t" region="bottomCenter" style="s1" xml:id="subtitle458">must not lose the loyalty<br/>of his allies and subjects.</p>
<p begin="26451425000t" end="26498972500t" region="bottomCenter" style="s1" xml:id="subtitle459">The Chinese... Saracen...<br/>Christian or Hindi.</p>
<p begin="26507310830t" end="26542345830t" region="bottomCenter" style="s1" xml:id="subtitle460">A wise leader<br/>allows his people their ways.</p>
<p begin="26543186670t" end="26554447920t" region="bottomCenter" style="s1" xml:id="subtitle461">[Ariq] Our father...</p>
<p begin="26555278750t" end="26584888330t" region="bottomCenter" style="s1" xml:id="subtitle462">son of Genghis,<br/>did not agree with such open gates.</p>
<p begin="26585729170t" end="26619512920t" region="bottomCenter" style="s1" xml:id="subtitle463">He drank himself to death.<br/>Behind closed doors.</p>
<p begin="26644948330t" end="26676229580t" region="bottomCenter" style="s1" xml:id="subtitle464">Do you know where I was<br/>those six days?</p>
<p begin="26677070420t" end="26697921250t" region="bottomCenter" style="s1" xml:id="subtitle465">When you were chasing that deer?</p>
<p begin="26712105420t" end="26728371670t" region="bottomCenter" style="s1" xml:id="subtitle466">Making my arrows sharp</p>
<p begin="26729202500t" end="26767160420t" region="bottomCenter" style="s1" xml:id="subtitle467">to go after the wolf<br/>and save my brother.</p>
<p begin="26767991250t" end="26790093330t" region="bottomCenter" style="s1" xml:id="subtitle468">I was four years old.</p>
<p begin="26797190420t" end="26822215420t" region="bottomCenter" style="s1" xml:id="subtitle469">When our brother, Mongke, died...</p>
<p begin="26823046250t" end="26853496670t" region="bottomCenter" style="s1" xml:id="subtitle470">Mongolia elected me Khan of Khans.</p>
<p begin="26854327500t" end="26904797919t" region="bottomCenter" style="s1" xml:id="subtitle471">Not all of Mongolia, brother.<br/>Not the Princes of the Golden Horde.</p>
<p begin="26905628749t" end="26938992079t" region="bottomCenter" style="s1" xml:id="subtitle472">-Not the Chagataid of Persia.<br/>-That is rebellion.</p>
<p begin="26990713749t" end="27010733749t" region="bottomCenter" style="s1" xml:id="subtitle473">We can argue that all night.</p>
<p begin="27023666669t" end="27044517499t" region="bottomCenter" style="s1" xml:id="subtitle474">I do not want to be<br/>Emperor of China.</p>
<p begin="27054107079t" end="27088731669t" region="bottomCenter" style="s1" xml:id="subtitle475">I do not want to be<br/>Ruler of the Face of the Earth.</p>
<p begin="27089562499t" end="27113756669t" region="bottomCenter" style="s1" xml:id="subtitle476">I want to be Khan of Mongolia.</p>
<p begin="27114587499t" end="27135858749t" region="bottomCenter" style="s1" xml:id="subtitle477">They are one and the same, brother.</p>
<p begin="27155047919t" end="27185077919t" region="bottomCenter" style="s1" xml:id="subtitle478">So... it has come to this?</p>
<p begin="27192995829t" end="27221774579t" region="bottomCenter" style="s1" xml:id="subtitle479">Not by my choosing.</p>
<p begin="27245968749t" end="27257650419t" region="bottomCenter" style="s1" xml:id="subtitle480">The way I see it,</p>
<p begin="27258481249t" end="27287259999t" region="bottomCenter" style="s1" xml:id="subtitle481">it is your warriors<br/>setting camp on my land.</p>
<p begin="27299352079t" end="27318961669t" region="bottomCenter" style="s1" xml:id="subtitle482">It's because of that point of view...</p>
<p begin="27319792499t" end="27351494169t" region="bottomCenter" style="s1" xml:id="subtitle483">my warriors set camp on my land.</p>
<p begin="27539592079t" end="27560863329t" region="bottomCenter" style="s1" xml:id="subtitle484">I bid you a good night's rest.</p>
<p begin="27579221669t" end="27608410829t" region="bottomCenter" style="s1" xml:id="subtitle485">I'll see you at sunrise.</p>
<p begin="27890362499t" end="27903295419t" region="bottomCenter" style="s1" xml:id="subtitle486">[sharpening sword]</p>
<p begin="28092644579t" end="28135187079t" region="bottomCenter" style="s1" xml:id="subtitle487">Where do you think<br/>the Venetian merchant is this evening?</p>
<p begin="28165217079t" end="28188580419t" region="bottomCenter" style="s1" xml:id="subtitle488">India? Tabriz?</p>
<p begin="28219441249t" end="28253224999t" region="bottomCenter" style="s1" xml:id="subtitle489">On my Silk Road, chasing riches.</p>
<p begin="28278249999t" end="28304105829t" region="bottomCenter" style="s1" xml:id="subtitle490">I was just about your age when I knew.</p>
<p begin="28324546249t" end="28343735419t" region="bottomCenter" style="s1" xml:id="subtitle491">Knew what, Sire?</p>
<p begin="28344566249t" end="28382934579t" region="bottomCenter" style="s1" xml:id="subtitle492">That I had to become the man<br/>I wished my father was.</p>
<p begin="28431733329t" end="28445917499t" region="bottomCenter" style="s1" xml:id="subtitle493">Tomorrow...</p>
<p begin="28458009579t" end="28480952499t" region="bottomCenter" style="s1" xml:id="subtitle494">watch and remember what you see.</p>
<p begin="28508900419t" end="28523074579t" region="bottomCenter" style="s1" xml:id="subtitle495">Faithfully.</p>
<p begin="28634856249t" end="28661552919t" region="bottomCenter" style="s1" xml:id="subtitle496">[drums playing]</p>
<p begin="29109500419t" end="29123264169t" region="bottomCenter" style="s1" xml:id="subtitle497">[drums stop playing]</p>
<p begin="29567457919t" end="29582472919t" region="bottomCenter" style="s1" xml:id="subtitle498">Tell me.</p>
<p begin="29595395829t" end="29650040419t" region="bottomCenter" style="s1" xml:id="subtitle499">All the way to the horizon.<br/>A sea of men and horses.</p>
<p begin="29650871249t" end="29677147499t" region="bottomCenter" style="s1" xml:id="subtitle500">Ready to break ashore.</p>
<p begin="29690080419t" end="29720941249t" region="bottomCenter" style="s1" xml:id="subtitle501">The Khan has moved<br/>from his guard to the front.</p>
<p begin="29748889169t" end="29758899169t" region="bottomCenter" style="s1" xml:id="subtitle502">Yes.</p>
<p begin="30380349999t" end="30398287919t" region="bottomCenter" style="s1" xml:id="subtitle503">[urges horse]</p>
<p begin="30438738329t" end="30453342919t" region="bottomCenter" style="s1" xml:id="subtitle504">What is he doing now?</p>
<p begin="30467937499t" end="30482952499t" region="bottomCenter" style="s1" xml:id="subtitle505">[Marco] He is riding down.</p>
<p begin="30494634169t" end="30507146669t" region="bottomCenter" style="s1" xml:id="subtitle506">Alone.</p>
<p begin="30507977499t" end="30530920419t" region="bottomCenter" style="s1" xml:id="subtitle507">This is Mongol against Mongol.</p>
<p begin="30531751249t" end="30551350829t" region="bottomCenter" style="s1" xml:id="subtitle508">And only one can win.</p>
<p begin="30570539999t" end="30589729169t" region="bottomCenter" style="s1" xml:id="subtitle509">You best pray that it is our side.</p>
<p begin="30590559999t" end="30606405829t" region="bottomCenter" style="s1" xml:id="subtitle510">[Ariq scoffing]</p>
<p begin="30607246669t" end="30620169579t" region="bottomCenter" style="s1" xml:id="subtitle511">For if we lose...</p>
<p begin="30621010419t" end="30642281669t" region="bottomCenter" style="s1" xml:id="subtitle512">Cambulac will be<br/>burned to the ground...</p>
<p begin="30643112499t" end="30671891249t" region="bottomCenter" style="s1" xml:id="subtitle513">and we will be made into kindling.</p>
<p begin="30694413749t" end="30709428749t" region="bottomCenter" style="s1" xml:id="subtitle514">[urging horse]</p>
<p begin="30741961249t" end="30752802079t" region="bottomCenter" style="s1" xml:id="subtitle515">[falcon screeching]</p>
<p begin="30969268329t" end="30990959999t" region="bottomCenter" style="s1" xml:id="subtitle516">Look where it has ended, brother.</p>
<p begin="31003052079t" end="31026825829t" region="bottomCenter" style="s1" xml:id="subtitle517">You want Mongolia...</p>
<p begin="31027666669t" end="31043092079t" region="bottomCenter" style="s1" xml:id="subtitle518">you come and take it.</p>
<p begin="31059778749t" end="31073122079t" region="bottomCenter" style="s1" xml:id="subtitle519">[Ariq] It is...</p>
<p begin="31082301249t" end="31096485419t" region="bottomCenter" style="s1" xml:id="subtitle520">as it should be.</p>
<p begin="31658296669t" end="31673311669t" region="bottomCenter" style="s1" xml:id="subtitle521">[yelling]</p>
<p begin="31732951249t" end="31748797079t" region="bottomCenter" style="s1" xml:id="subtitle522">[both grunting]</p>
<p begin="32280578329t" end="32295593329t" region="bottomCenter" style="s1" xml:id="subtitle523">[Kublai breathing heavily]</p>
<p begin="32419467079t" end="32431569169t" region="bottomCenter" style="s1" xml:id="subtitle524">[yelling in pain]</p>
<p begin="32478275829t" end="32488706249t" region="bottomCenter" style="s1" xml:id="subtitle525">[yelling]</p>
<p begin="32971268329t" end="32983370419t" region="bottomCenter" style="s1" xml:id="subtitle526">[falcon screeching]</p>
<p begin="33192739579t" end="33211508329t" region="bottomCenter" style="s1" xml:id="subtitle527">Men of Karakorum!</p>
<p begin="33221938749t" end="33237374169t" region="bottomCenter" style="s1" xml:id="subtitle528">It is over!</p>
<p begin="33238204999t" end="33250297079t" region="bottomCenter" style="s1" xml:id="subtitle529">This fight...</p>
<p begin="33251137919t" end="33292008749t" region="bottomCenter" style="s1" xml:id="subtitle530">between Mongols is done!</p>
<p begin="33307444169t" end="33324541249t" region="bottomCenter" style="s1" xml:id="subtitle531">We stand together now!</p>
<p begin="33334551249t" end="33351648329t" region="bottomCenter" style="s1" xml:id="subtitle532">We ride together!</p>
<p begin="33372088749t" end="33403790419t" region="bottomCenter" style="s1" xml:id="subtitle533">Every corner of the land<br/>beneath this Blue Sky,</p>
<p begin="33404621249t" end="33432148749t" region="bottomCenter" style="s1" xml:id="subtitle534">is ours for the taking!</p>
<p begin="33442989579t" end="33465512079t" region="bottomCenter" style="s1" xml:id="subtitle535">Go back to Karakorum.</p>
<p begin="33466352919t" end="33490537079t" region="bottomCenter" style="s1" xml:id="subtitle536">Prepare for war!</p>
<p begin="33499716249t" end="33541427919t" region="bottomCenter" style="s1" xml:id="subtitle537">For soon,<br/>we ride toward the south.</p>
<p begin="33559355829t" end="33576462919t" region="bottomCenter" style="s1" xml:id="subtitle538">[man shouting in foreign language]</p>
<p begin="33906372499t" end="33926392499t" region="bottomCenter" style="s1" xml:id="subtitle539">[theme music playing]</p>
</div>
</body>
</tt>
