<?xml version="1.0" encoding="UTF-8" standalone="no"?>
<tt xmlns:tt="http://www.w3.org/ns/ttml" xmlns:ttm="http://www.w3.org/ns/ttml#metadata" xmlns:ttp="http://www.w3.org/ns/ttml#parameter" xmlns:tts="http://www.w3.org/ns/ttml#styling" ttp:tickRate="10000000" ttp:timeBase="media" xmlns="http://www.w3.org/ns/ttml">
<head>
<ttp:profile use="http://netflix.com/ttml/profile/dfxp-ls-sdh"/>
<styling>
<style tts:color="white" tts:fontSize="100%" tts:fontWeight="normal" xml:id="s1"/>
<style tts:color="white" tts:fontSize="100%" tts:fontStyle="italic" tts:fontWeight="normal" xml:id="s1_1"/>
</styling>
<layout>
<region tts:displayAlign="after" tts:extent="80.00% 80.00%" tts:origin="10.00% 10.00%" tts:textAlign="center" xml:id="bottomCenter"/>
</layout>
</head>
<body>
<div xml:space="preserve">
<p begin="110530419t" end="135135000t" region="bottomCenter" style="s1" xml:id="subtitle0">[theme music playing]</p>
<p begin="1147816670t" end="1161580420t" region="bottomCenter" style="s1" xml:id="subtitle1">Wuchang has fallen.</p>
<p begin="1171590420t" end="1190769580t" region="bottomCenter" style="s1" xml:id="subtitle2">As expected.</p>
<p begin="1212881670t" end="1234983750t" region="bottomCenter" style="s1" xml:id="subtitle3">Wise to withdraw our troops<br/>when we did.</p>
<p begin="1269187920t" end="1284202920t" region="bottomCenter" style="s1" xml:id="subtitle4">What else?</p>
<p begin="1307976670t" end="1339257920t" region="bottomCenter" style="s1" xml:id="subtitle5">My apologies, Empress,<br/>for taking so long to come and visit.</p>
<p begin="1340088750t" end="1369287920t" region="bottomCenter" style="s1" xml:id="subtitle6">I trust your accommodations<br/>have been to your liking?</p>
<p begin="1379297920t" end="1402230830t" region="bottomCenter" style="s1" xml:id="subtitle7">A cell is a cell,<br/>no matter the decor.</p>
<p begin="1403071670t" end="1419748330t" region="bottomCenter" style="s1" xml:id="subtitle8">I could put you in a real cell, Empress,</p>
<p begin="1420589170t" end="1444362920t" region="bottomCenter" style="s1" xml:id="subtitle9">and prove that assumption so very wrong.</p>
<p begin="1466465000t" end="1490659170t" region="bottomCenter" style="s1" xml:id="subtitle10">I feel as if<br/>I may have sprained my wrist.</p>
<p begin="1506925420t" end="1530699170t" region="bottomCenter" style="s1" xml:id="subtitle11">That's what your champion<br/>took out of me.</p>
<p begin="1541119580t" end="1566985420t" region="bottomCenter" style="s1" xml:id="subtitle12">The blind man was more agile,<br/>truth be told.</p>
<p begin="1567816250t" end="1594923330t" region="bottomCenter" style="s1" xml:id="subtitle13">Interesting choice for an assassin.</p>
<p begin="1595764170t" end="1632460830t" region="bottomCenter" style="s1" xml:id="subtitle14">I would have selected<br/>someone with... eyes.</p>
<p begin="1633301670t" end="1663331670t" region="bottomCenter" style="s1" xml:id="subtitle15">Even Fang Zhen seemed surprised by him.</p>
<p begin="1664162500t" end="1688356669t" region="bottomCenter" style="s1" xml:id="subtitle16">Someone had to allow him inside.</p>
<p begin="1700448749t" end="1727976249t" region="bottomCenter" style="s1" xml:id="subtitle17">I wish to see the Emperor.</p>
<p begin="1728807079t" end="1749667919t" region="bottomCenter" style="s1" xml:id="subtitle18">I wish to see Ling.</p>
<p begin="1761759999t" end="1798046249t" region="bottomCenter" style="s1" xml:id="subtitle19">Ling is dancing her days away,</p>
<p begin="1798877079t" end="1833501669t" region="bottomCenter" style="s1" xml:id="subtitle20">and the Emperor is occupied<br/>with complicated matters of state.</p>
<p begin="1843091249t" end="1863942079t" region="bottomCenter" style="s1" xml:id="subtitle21">I will send them your regards.</p>
<p begin="1888556669t" end="1910658749t" region="bottomCenter" style="s1" xml:id="subtitle22">In the meantime,</p>
<p begin="1911489579t" end="1942770829t" region="bottomCenter" style="s1" xml:id="subtitle23">we will continue to detain you<br/>so as to protect you</p>
<p begin="1943611669t" end="1970718749t" region="bottomCenter" style="s1" xml:id="subtitle24">from murderers and assassins<br/>who could strike at any moment.</p>
<p begin="2125042919t" end="2138386249t" region="bottomCenter" style="s1" xml:id="subtitle25">[horseman shouting indistinctly]</p>
<p begin="2150478330t" end="2164242080t" region="bottomCenter" style="s1" xml:id="subtitle26">Father!</p>
<p begin="2165082920t" end="2184682500t" region="bottomCenter" style="s1" xml:id="subtitle27">How fared you at Wuchang?</p>
<p begin="2185513330t" end="2207625420t" region="bottomCenter" style="s1" xml:id="subtitle28">We saw victory, daughter.</p>
<p begin="2248496250t" end="2266844580t" region="bottomCenter" style="s1" xml:id="subtitle29">The sight of you pleases me more.</p>
<p begin="2290207920t" end="2301469170t" region="bottomCenter" style="s1" xml:id="subtitle30">The Khan awaits you.</p>
<p begin="2311479170t" end="2329827500t" region="bottomCenter" style="s1" xml:id="subtitle31">He will wait a moment more.</p>
<p begin="2340257920t" end="2371118750t" region="bottomCenter" style="s1" xml:id="subtitle32">You have represented me well<br/>in the Khan's court.</p>
<p begin="2371949580t" end="2394472080t" region="bottomCenter" style="s1" xml:id="subtitle33">Word is you are as formidable as ever.</p>
<p begin="2404482080t" end="2420748330t" region="bottomCenter" style="s1" xml:id="subtitle34">[Khutulun] On this...</p>
<p begin="2421589170t" end="2458706250t" region="bottomCenter" style="s1" xml:id="subtitle35">word is not as true<br/>as it was even yesterday.</p>
<p begin="2512510000t" end="2533781250t" region="bottomCenter" style="s1" xml:id="subtitle36">I was bested, Father.</p>
<p begin="2553801250t" end="2574241670t" region="bottomCenter" style="s1" xml:id="subtitle37">He must be a formidable wrestler.</p>
<p begin="2585082500t" end="2603020420t" region="bottomCenter" style="s1" xml:id="subtitle38">The Khan's warrior son, Byamba.</p>
<p begin="2619697080t" end="2648065420t" region="bottomCenter" style="s1" xml:id="subtitle39">Do not be displeased, Father.</p>
<p begin="2672670000t" end="2689767080t" region="bottomCenter" style="s1" xml:id="subtitle40">Did you surrender your honor?</p>
<p begin="2704371670t" end="2733560830t" region="bottomCenter" style="s1" xml:id="subtitle41">I surrendered mine to serve yours.</p>
<p begin="2734401670t" end="2774441670t" region="bottomCenter" style="s1" xml:id="subtitle42">You wanted me closer<br/>to the Khan's court, yes?</p>
<p begin="2799466670t" end="2812389580t" region="bottomCenter" style="s1" xml:id="subtitle43">I approve, daughter.</p>
<p begin="2826153330t" end="2843670830t" region="bottomCenter" style="s1" xml:id="subtitle44">You should pursue the warrior.</p>
<p begin="2857855000t" end="2877454580t" region="bottomCenter" style="s1" xml:id="subtitle45">[Kublai] House of Ögödei...</p>
<p begin="2878295420t" end="2893720830t" region="bottomCenter" style="s1" xml:id="subtitle46">[Kublai laughing]</p>
<p begin="2924591670t" end="2947524580t" region="bottomCenter" style="s1" xml:id="subtitle47">Your Golden Horde took Wuchang.</p>
<p begin="2956703750t" end="2989236250t" region="bottomCenter" style="s1" xml:id="subtitle48">As planned, Xiangyang<br/>will not be resupplied.</p>
<p begin="2990067080t" end="3000077080t" region="bottomCenter" style="s1" xml:id="subtitle49">Mmm.</p>
<p begin="3000917920t" end="3021348330t" region="bottomCenter" style="s1" xml:id="subtitle50">Jingim's assault there was bloody.</p>
<p begin="3022189170t" end="3036363330t" region="bottomCenter" style="s1" xml:id="subtitle51">[Kaidu] We fared well, Great Khan.</p>
<p begin="3037204170t" end="3069316250t" region="bottomCenter" style="s1" xml:id="subtitle52">But we had the men<br/>and horses necessary.</p>
<p begin="3078905830t" end="3121448330t" region="bottomCenter" style="s1" xml:id="subtitle53">Their numbers seemed reduced,<br/>but those who remained fought well.</p>
<p begin="3131458330t" end="3157734580t" region="bottomCenter" style="s1" xml:id="subtitle54">We marched the captured here<br/>as slaves for your service.</p>
<p begin="3158575420t" end="3183180000t" region="bottomCenter" style="s1" xml:id="subtitle55">Your Khan is honored,<br/>offers his welcome.</p>
<p begin="3184010830t" end="3215712500t" region="bottomCenter" style="s1" xml:id="subtitle56">Come. Let us raise<br/>a cup in your honor.</p>
<p begin="3287033750t" end="3302048750t" region="bottomCenter" style="s1" xml:id="subtitle57">[door opening]</p>
<p begin="3328325000t" end="3352519170t" region="bottomCenter" style="s1" xml:id="subtitle58">War is on.<br/>We need to escape now.</p>
<p begin="3362108750t" end="3390887499t" region="bottomCenter" style="s1" xml:id="subtitle59">I begged you to leave, Tulga,<br/>to save us.</p>
<p begin="3391718329t" end="3416743329t" region="bottomCenter" style="s1" xml:id="subtitle60">And you said you prayed to join me<br/>in this life or the next.</p>
<p begin="3417584169t" end="3439265829t" region="bottomCenter" style="s1" xml:id="subtitle61">I give you that choice now!</p>
<p begin="3440106669t" end="3462208749t" region="bottomCenter" style="s1" xml:id="subtitle62">I am to leave with<br/>the ladies of the court.</p>
<p begin="3463039579t" end="3473890419t" region="bottomCenter" style="s1" xml:id="subtitle63">They will know I am gone!</p>
<p begin="3501828329t" end="3513930419t" region="bottomCenter" style="s1" xml:id="subtitle64">I cannot go with you.</p>
<p begin="3530607079t" end="3542709169t" region="bottomCenter" style="s1" xml:id="subtitle65">I do not want to!</p>
<p begin="3556052499t" end="3581077499t" region="bottomCenter" style="s1" xml:id="subtitle66">Then we shall live together<br/>in the Blue Sky.</p>
<p begin="3581908329t" end="3594841249t" region="bottomCenter" style="s1" xml:id="subtitle67">[Kokachin gasps]</p>
<p begin="3595672079t" end="3616112499t" region="bottomCenter" style="s1" xml:id="subtitle68">-[door opening]<br/>-[Za Bing] Get away from her!</p>
<p begin="3616943329t" end="3630296669t" region="bottomCenter" style="s1" xml:id="subtitle69">[Za Bing yelling]</p>
<p begin="3656572919t" end="3671587919t" region="bottomCenter" style="s1" xml:id="subtitle70">[Tulga] Kokachin!</p>
<p begin="3672418749t" end="3695772079t" region="bottomCenter" style="s1" xml:id="subtitle71">Za Bing, no!</p>
<p begin="3709125419t" end="3723719999t" region="bottomCenter" style="s1" xml:id="subtitle72">[Za Bing grunts]</p>
<p begin="3724550829t" end="3736652919t" region="bottomCenter" style="s1" xml:id="subtitle73">[Tulga gasping]</p>
<p begin="3737483749t" end="3755421669t" region="bottomCenter" style="s1" xml:id="subtitle74">The skulking is over.</p>
<p begin="3764590829t" end="3789205419t" region="bottomCenter" style="s1" xml:id="subtitle75">There is no love<br/>with the Blue Princess.</p>
<p begin="3790036249t" end="3812138329t" region="bottomCenter" style="s1" xml:id="subtitle76">She harbors no feelings for you.</p>
<p begin="3832158329t" end="3842168329t" region="bottomCenter" style="s1" xml:id="subtitle77">Leave!</p>
<p begin="3854270419t" end="3867613749t" region="bottomCenter" style="s1" xml:id="subtitle78">Now!</p>
<p begin="3900146249t" end="3914740829t" region="bottomCenter" style="s1" xml:id="subtitle79">-Ahh!<br/>-[Kokachin gasps]</p>
<p begin="3948944999t" end="3964790829t" region="bottomCenter" style="s1" xml:id="subtitle80">[Za Bing groaning]</p>
<p begin="3965631669t" end="3976052079t" region="bottomCenter" style="s1" xml:id="subtitle81">Za Bing!</p>
<p begin="3976892919t" end="3992318329t" region="bottomCenter" style="s1" xml:id="subtitle82">Nergüi?</p>
<p begin="3993159169t" end="4003579579t" region="bottomCenter" style="s1" xml:id="subtitle83">What have you done?</p>
<p begin="4004420419t" end="4023599579t" region="bottomCenter" style="s1" xml:id="subtitle84">[guards shouting]</p>
<p begin="4033609579t" end="4048624579t" region="bottomCenter" style="s1" xml:id="subtitle85">[sobbing]</p>
<p begin="4457372920t" end="4473218750t" region="bottomCenter" style="s1" xml:id="subtitle86">[sobbing] I'm sorry.</p>
<p begin="4474049580t" end="4487813330t" region="bottomCenter" style="s1" xml:id="subtitle87">[guards shouting]</p>
<p begin="4488654170t" end="4507002500t" region="bottomCenter" style="s1" xml:id="subtitle88">I'm sorry.</p>
<p begin="4518263750t" end="4528273750t" region="bottomCenter" style="s1" xml:id="subtitle89">I'm sorry.</p>
<p begin="4636301670t" end="4648814170t" region="bottomCenter" style="s1" xml:id="subtitle90">[Ling Ling sniffling]</p>
<p begin="4674670000t" end="4685510830t" region="bottomCenter" style="s1" xml:id="subtitle91">[yelps]</p>
<p begin="4718043330t" end="4728473750t" region="bottomCenter" style="s1" xml:id="subtitle92">[whimpering]</p>
<p begin="4755170420t" end="4768093330t" region="bottomCenter" style="s1" xml:id="subtitle93">Barbarians.</p>
<p begin="4779354580t" end="4795210420t" region="bottomCenter" style="s1" xml:id="subtitle94">[healer] I must break the bones again</p>
<p begin="4812727920t" end="4828153330t" region="bottomCenter" style="s1" xml:id="subtitle95">to make them right.</p>
<p begin="4939935000t" end="4949945000t" region="bottomCenter" style="s1" xml:id="subtitle96">Do it.</p>
<p begin="4982057080t" end="4992487500t" region="bottomCenter" style="s1" xml:id="subtitle97">Heal her.</p>
<p begin="4993318330t" end="5005000000t" region="bottomCenter" style="s1" xml:id="subtitle98">[Ling Ling sniffling]</p>
<p begin="5111776670t" end="5130125000t" region="bottomCenter" style="s1" xml:id="subtitle99">Will you come out?</p>
<p begin="5142637500t" end="5183928750t" region="bottomCenter" style="s1" xml:id="subtitle100">Or just cling to the shadows<br/>like a snake?</p>
<p begin="5223137920t" end="5241065830t" region="bottomCenter" style="s1" xml:id="subtitle101">[Ahmad] Snakes are not<br/>attracted to shadows.</p>
<p begin="5241906670t" end="5258172920t" region="bottomCenter" style="s1" xml:id="subtitle102">A rat then.</p>
<p begin="5467962500t" end="5496741250t" region="bottomCenter" style="s1" xml:id="subtitle103">Have the Great Khan's troops<br/>reached my home yet?</p>
<p begin="5530104580t" end="5555970420t" region="bottomCenter" style="s1" xml:id="subtitle104">They would slow their march<br/>as they approach.</p>
<p begin="5568482920t" end="5604348750t" region="bottomCenter" style="s1" xml:id="subtitle105">Let your people suffer<br/>the horror of anticipation.</p>
<p begin="5636881250t" end="5685680000t" region="bottomCenter" style="s1" xml:id="subtitle106">Wuchang first?<br/>As you tried before.</p>
<p begin="5709453750t" end="5736981250t" region="bottomCenter" style="s1" xml:id="subtitle107">Kaidu of the Golden Horde<br/>has led the assault.</p>
<p begin="5737812080t" end="5770344580t" region="bottomCenter" style="s1" xml:id="subtitle108">And succeeded<br/>where my brother Jingim failed.</p>
<p begin="5790364580t" end="5812056250t" region="bottomCenter" style="s1" xml:id="subtitle109">I have a place<br/>in the royal family.</p>
<p begin="5832076250t" end="5877121250t" region="bottomCenter" style="s1" xml:id="subtitle110">Are you a whore's son?<br/>That would explain your interest in me.</p>
<p begin="5885880000t" end="5921745830t" region="bottomCenter" style="s1" xml:id="subtitle111">My interest in you is self-interest.</p>
<p begin="5922586670t" end="5961375420t" region="bottomCenter" style="s1" xml:id="subtitle112">I have nothing to offer you now.</p>
<p begin="6051465420t" end="6068142080t" region="bottomCenter" style="s1" xml:id="subtitle113">[door opens]</p>
<p begin="6079403330t" end="6091915830t" region="bottomCenter" style="s1" xml:id="subtitle114">[door closes]</p>
<p begin="6182846670t" end="6194107920t" region="bottomCenter" style="s1" xml:id="subtitle115">[Ahmad] You called for me?</p>
<p begin="6194938750t" end="6217040830t" region="bottomCenter" style="s1" xml:id="subtitle116">I thought you would have<br/>left for the war camp.</p>
<p begin="6217881670t" end="6247491250t" region="bottomCenter" style="s1" xml:id="subtitle117">I want to know of the assassin's condition<br/>before I depart.</p>
<p begin="6248322080t" end="6273347080t" region="bottomCenter" style="s1" xml:id="subtitle118">-Will she recover?<br/>-Still uncertain.</p>
<p begin="6278772500t" end="6295869580t" region="bottomCenter" style="s1" xml:id="subtitle119">Has she offered anything of worth?</p>
<p begin="6296710420t" end="6348011670t" region="bottomCenter" style="s1" xml:id="subtitle120">No, Empress. Nothing of note.<br/>Just mumbled worry for her daughter.</p>
<p begin="6364688330t" end="6400564170t" region="bottomCenter" style="s1" xml:id="subtitle121">Binding linen.<br/>Her daughter resides with us.</p>
<p begin="6438932500t" end="6477721250t" region="bottomCenter" style="s1" xml:id="subtitle122">Or perhaps a resolution we seek<br/>with something altogether different.</p>
<p begin="6478552080t" end="6493987500t" region="bottomCenter" style="s1" xml:id="subtitle123">You speak of amnesty?</p>
<p begin="6494818330t" end="6504828330t" region="bottomCenter" style="s1" xml:id="subtitle124">No, Empress.</p>
<p begin="6515258750t" end="6528602080t" region="bottomCenter" style="s1" xml:id="subtitle125">Her daughter survives.</p>
<p begin="6529442920t" end="6575739170t" region="bottomCenter" style="s1" xml:id="subtitle126">We now possess the same leverage<br/>once held over her by Jia Sidao.</p>
<p begin="6585328750t" end="6603677080t" region="bottomCenter" style="s1" xml:id="subtitle127">When we need her,<br/>she will do our bidding.</p>
<p begin="6604517920t" end="6617440830t" region="bottomCenter" style="s1" xml:id="subtitle128">Yes.</p>
<p begin="6618281670t" end="6652065420t" region="bottomCenter" style="s1" xml:id="subtitle129">Make sure she recovers.<br/>Have news for me when I return.</p>
<p begin="6664577920t" end="6682926250t" region="bottomCenter" style="s1" xml:id="subtitle130">[Kublai] This is an accurate rendering,<br/>Master Polo?</p>
<p begin="6683757080t" end="6714207500t" region="bottomCenter" style="s1" xml:id="subtitle131">[Marco] It is.<br/>I saw the construction.</p>
<p begin="6715038330t" end="6730894169t" region="bottomCenter" style="s1" xml:id="subtitle132">The outer wall is a shell.</p>
<p begin="6731724999t" end="6758421669t" region="bottomCenter" style="s1" xml:id="subtitle133">There is no fortification.</p>
<p begin="6759252499t" end="6790113329t" region="bottomCenter" style="s1" xml:id="subtitle134">Crush the foot<br/>and the body will fall.</p>
<p begin="6801374579t" end="6820984169t" region="bottomCenter" style="s1" xml:id="subtitle135">We take the city.</p>
<p begin="6821814999t" end="6849342499t" region="bottomCenter" style="s1" xml:id="subtitle136">Sidao will dirty his knees before me.</p>
<p begin="6850173329t" end="6876869999t" region="bottomCenter" style="s1" xml:id="subtitle137">[Jingim] The Chancellor is aware<br/>he was infiltrated weeks ago.</p>
<p begin="6877700829t" end="6909402499t" region="bottomCenter" style="s1" xml:id="subtitle138">Surely, he does everything in his power<br/>to bolster his defenses,</p>
<p begin="6910233329t" end="6921494579t" region="bottomCenter" style="s1" xml:id="subtitle139">rectify his weaknesses.</p>
<p begin="6922335419t" end="6954867919t" region="bottomCenter" style="s1" xml:id="subtitle140">[Marco] Our scouts report they have been<br/>repairing the wall night and day,</p>
<p begin="6955698749t" end="6978641669t" region="bottomCenter" style="s1" xml:id="subtitle141">but it is still incomplete.</p>
<p begin="6991984999t" end="7012004999t" region="bottomCenter" style="s1" xml:id="subtitle142">We must strike immediately.</p>
<p begin="7047870829t" end="7090413329t" region="bottomCenter" style="s1" xml:id="subtitle143">Prince Jingim's words are<br/>worthy of consideration.</p>
<p begin="7091254169t" end="7123786669t" region="bottomCenter" style="s1" xml:id="subtitle144">I can wait no longer.<br/>Polo is right.</p>
<p begin="7124617499t" end="7149222079t" region="bottomCenter" style="s1" xml:id="subtitle145">If action is to be taken,<br/>now is the time.</p>
<p begin="7159652499t" end="7176339169t" region="bottomCenter" style="s1" xml:id="subtitle146">Go as my envoy to Sidao.</p>
<p begin="7177169999t" end="7217209999t" region="bottomCenter" style="s1" xml:id="subtitle147">Extend an invitation for parley<br/>on the eve of his defeat.</p>
<p begin="7218040829t" end="7253075829t" region="bottomCenter" style="s1" xml:id="subtitle148">If he bows to me,<br/>he can avoid Mongol steel.</p>
<p begin="7262675419t" end="7301874579t" region="bottomCenter" style="s1" xml:id="subtitle149">Propose a peace, patience to him,<br/>see what it gets you.</p>
<p begin="7311884579t" end="7344006669t" region="bottomCenter" style="s1" xml:id="subtitle150">Sidao will never be a subject<br/>under the Khanate.</p>
<p begin="7344837499t" end="7366939579t" region="bottomCenter" style="s1" xml:id="subtitle151">And this offer will enrage him,</p>
<p begin="7367780419t" end="7412404999t" region="bottomCenter" style="s1" xml:id="subtitle152">but I've shown his council, army<br/>and people that I'm a diplomat</p>
<p begin="7413235829t" end="7431594169t" region="bottomCenter" style="s1" xml:id="subtitle153">until the bitter end.</p>
<p begin="7682674999t" end="7727299579t" region="bottomCenter" style="s1" xml:id="subtitle154">You are the military emissary<br/>to the Great Kublai Khan?</p>
<p begin="7728140419t" end="7775687919t" region="bottomCenter" style="s1" xml:id="subtitle155">I have that honor, Chancellor.<br/>I am Vice Regent of the Secretariat.</p>
<p begin="7776518749t" end="7797369579t" region="bottomCenter" style="s1" xml:id="subtitle156">And a foreigner.</p>
<p begin="7798210419t" end="7820312499t" region="bottomCenter" style="s1" xml:id="subtitle157">You must be as wise<br/>as you're ugly and odd.</p>
<p begin="7839501669t" end="7875367499t" region="bottomCenter" style="s1" xml:id="subtitle158">Have you ever seen an image of<br/>the Roman emperor Claudius?</p>
<p begin="7876198329t" end="7894967079t" region="bottomCenter" style="s1" xml:id="subtitle159">Or the Hunnic ruler Attila?</p>
<p begin="7895807919t" end="7909982079t" region="bottomCenter" style="s1" xml:id="subtitle160">No.</p>
<p begin="7910822919t" end="7932924999t" region="bottomCenter" style="s1" xml:id="subtitle161">But you're now going to tell me<br/>of the accomplishments</p>
<p begin="7933755829t" end="7954616669t" region="bottomCenter" style="s1" xml:id="subtitle162">of ugly men who were underestimated.</p>
<p begin="7955447499t" end="8004246249t" region="bottomCenter" style="s1" xml:id="subtitle163">I would not presume to educate you<br/>on the wiles of political men,</p>
<p begin="8005077079t" end="8032194169t" region="bottomCenter" style="s1" xml:id="subtitle164">comely or otherwise, Chancellor.</p>
<p begin="8033024999t" end="8076398329t" region="bottomCenter" style="s1" xml:id="subtitle165">We had heard talk of Fang Zhen,<br/>the Red Lotus,</p>
<p begin="8077239169t" end="8097259169t" region="bottomCenter" style="s1" xml:id="subtitle166">taking a role in your empire.</p>
<p begin="8098089999t" end="8140632499t" region="bottomCenter" style="s1" xml:id="subtitle167">There was an assassination attempt<br/>in the fortress.</p>
<p begin="8141463329t" end="8168580419t" region="bottomCenter" style="s1" xml:id="subtitle168">Some tragedies were averted,<br/>some were not.</p>
<p begin="8169411249t" end="8208199999t" region="bottomCenter" style="s1" xml:id="subtitle169">I was so deeply troubled<br/>to hear of Kublai's own tragedy.</p>
<p begin="8218209999t" end="8245737499t" region="bottomCenter" style="s1" xml:id="subtitle170">Wives should not be taken<br/>in such a fashion.</p>
<p begin="8267839579t" end="8297459169t" region="bottomCenter" style="s1" xml:id="subtitle171">It is a violation, yes.</p>
<p begin="8319140829t" end="8339160829t" region="bottomCenter" style="s1" xml:id="subtitle172">So...</p>
<p begin="8340001669t" end="8382123749t" region="bottomCenter" style="s1" xml:id="subtitle173">as fletchers stockpile arrows<br/>and your blacksmiths sharpen steel,</p>
<p begin="8382954579t" end="8411322919t" region="bottomCenter" style="s1" xml:id="subtitle174">you come with a bidding<br/>from your adopted master?</p>
<p begin="8412153749t" end="8455116669t" region="bottomCenter" style="s1" xml:id="subtitle175">The Great Khan offers a parley<br/>to avert further tragedy</p>
<p begin="8455947499t" end="8478890419t" region="bottomCenter" style="s1" xml:id="subtitle176">and discuss peaceful arbitration.</p>
<p begin="8479721249t" end="8500161669t" region="bottomCenter" style="s1" xml:id="subtitle177">Surely you mean my subjugation?</p>
<p begin="8500992499t" end="8536447919t" region="bottomCenter" style="s1" xml:id="subtitle178">It is not for me<br/>to interpret my liege's intent.</p>
<p begin="8537278749t" end="8566057499t" region="bottomCenter" style="s1" xml:id="subtitle179">As his minister,<br/>isn't that exactly what you do,</p>
<p begin="8566888329t" end="8586908329t" region="bottomCenter" style="s1" xml:id="subtitle180">if not sculpt his intent yourself?</p>
<p begin="8587749169t" end="8614025420t" region="bottomCenter" style="s1" xml:id="subtitle181">I offer counsel.</p>
<p begin="8614856250t" end="8637378750t" region="bottomCenter" style="s1" xml:id="subtitle182">The Khan's decisions are his own.</p>
<p begin="8638209580t" end="8662824170t" region="bottomCenter" style="s1" xml:id="subtitle183">And do you agree<br/>with his decisions?</p>
<p begin="8711202500t" end="8755416670t" region="bottomCenter" style="s1" xml:id="subtitle184">Kublai Khan is my leader, my guide.</p>
<p begin="8765426670t" end="8792954170t" region="bottomCenter" style="s1" xml:id="subtitle185">I serve God through serving him.</p>
<p begin="8793785000t" end="8837158330t" region="bottomCenter" style="s1" xml:id="subtitle186">The Khan is your divine conduit?</p>
<p begin="8837999170t" end="8849260420t" region="bottomCenter" style="s1" xml:id="subtitle187">[Yusuf] No.</p>
<p begin="8857598750t" end="8897218330t" region="bottomCenter" style="s1" xml:id="subtitle188">He is merely a man with a vision.</p>
<p begin="8922663750t" end="8971462500t" region="bottomCenter" style="s1" xml:id="subtitle189">A hard place, Vice Regent,<br/>serving a will you do not endorse.</p>
<p begin="9003574580t" end="9039860830t" region="bottomCenter" style="s1" xml:id="subtitle190">Tell your master I will meet him<br/>to hear his gracious offerings.</p>
<p begin="9076987920t" end="9094915830t" region="bottomCenter" style="s1" xml:id="subtitle191">Limp away now, messenger.</p>
<p begin="9182092920t" end="9207528330t" region="bottomCenter" style="s1" xml:id="subtitle192">[Khutulun] My father has<br/>joined the war camp.</p>
<p begin="9220881670t" end="9250070830t" region="bottomCenter" style="s1" xml:id="subtitle193">Has Kaidu come for<br/>the enemy's head or mine?</p>
<p begin="9261752500t" end="9298038750t" region="bottomCenter" style="s1" xml:id="subtitle194">He holds his oppositions<br/>for Sidao, not us.</p>
<p begin="9311382080t" end="9330991670t" region="bottomCenter" style="s1" xml:id="subtitle195">What tactics do you devise?</p>
<p begin="9346006670t" end="9370190830t" region="bottomCenter" style="s1" xml:id="subtitle196">We ride as one <span style="s1_1">tumen</span><br/>along the bank.</p>
<p begin="9371031670t" end="9392713330t" region="bottomCenter" style="s1" xml:id="subtitle197">When the archer fires a whistler,<br/>we disband.</p>
<p begin="9393554170t" end="9407317920t" region="bottomCenter" style="s1" xml:id="subtitle198">Wolf and crow.</p>
<p begin="9408148750t" end="9425666250t" region="bottomCenter" style="s1" xml:id="subtitle199">I take wolf, you take crow.</p>
<p begin="9439430000t" end="9454865420t" region="bottomCenter" style="s1" xml:id="subtitle200">Because you bested me?</p>
<p begin="9470711250t" end="9521592080t" region="bottomCenter" style="s1" xml:id="subtitle201">You think you will always ride wolf,<br/>make me ride crow.</p>
<p begin="9522432920t" end="9576647080t" region="bottomCenter" style="s1" xml:id="subtitle202">I ride wolf because I have more lancers.<br/>You have archers from the steppe.</p>
<p begin="9618779170t" end="9635876250t" region="bottomCenter" style="s1" xml:id="subtitle203">This is my father's tent.</p>
<p begin="9636707080t" end="9651722080t" region="bottomCenter" style="s1" xml:id="subtitle204">I don't care.</p>
<p begin="9836907080t" end="9861521670t" region="bottomCenter" style="s1" xml:id="subtitle205">Do you strategize<br/>for the coming assault?</p>
<p begin="9876536670t" end="9899469580t" region="bottomCenter" style="s1" xml:id="subtitle206">Wolf rides crow?</p>
<p begin="9932842920t" end="9947437500t" region="bottomCenter" style="s1" xml:id="subtitle207">[sighs]</p>
<p begin="9997067080t" end="10027937920t" region="bottomCenter" style="s1" xml:id="subtitle208">We'll resume our war plans later.</p>
<p begin="10092582500t" end="10105095000t" region="bottomCenter" style="s1" xml:id="subtitle209">My Lady.</p>
<p begin="10170990830t" end="10197687500t" region="bottomCenter" style="s1" xml:id="subtitle210">Kaidu asked about you.</p>
<p begin="10198518330t" end="10233973750t" region="bottomCenter" style="s1" xml:id="subtitle211">How many horses in your herd,<br/>how able a warrior.</p>
<p begin="10253573330t" end="10271090830t" region="bottomCenter" style="s1" xml:id="subtitle212">Now, I understand.</p>
<p begin="10271931670t" end="10302372080t" region="bottomCenter" style="s1" xml:id="subtitle213">He must check tooth and hoof<br/>before settling terms.</p>
<p begin="10312382080t" end="10331150830t" region="bottomCenter" style="s1" xml:id="subtitle214">The union will please our father.</p>
<p begin="10331991670t" end="10362432080t" region="bottomCenter" style="s1" xml:id="subtitle215">And I will prove myself to Kaidu<br/>in the shadow of the wall.</p>
<p begin="10372442080t" end="10399969580t" region="bottomCenter" style="s1" xml:id="subtitle216">-All will soon be settled.<br/>-No doubt.</p>
<p begin="10409979580t" end="10427497080t" region="bottomCenter" style="s1" xml:id="subtitle217">Unless the war undoes us.</p>
<p begin="10437507080t" end="10477547080t" region="bottomCenter" style="s1" xml:id="subtitle218">Xiangyang will bow to our Khan.<br/>We have the secret and the strategy.</p>
<p begin="10478387920t" end="10499659170t" region="bottomCenter" style="s1" xml:id="subtitle219">Why do you doubt?</p>
<p begin="10500490000t" end="10526766250t" region="bottomCenter" style="s1" xml:id="subtitle220">Our strategy turns<br/>on a foreigner's secret.</p>
<p begin="10536776250t" end="10571811250t" region="bottomCenter" style="s1" xml:id="subtitle221">I do not trust the Latin<br/>and neither does Ahmad.</p>
<p begin="10572642080t" end="10586405830t" region="bottomCenter" style="s1" xml:id="subtitle222">What does Ahmad know?</p>
<p begin="10587246670t" end="10610600000t" region="bottomCenter" style="s1" xml:id="subtitle223">Marco saved me<br/>when he needn't have.</p>
<p begin="10611430830t" end="10631871250t" region="bottomCenter" style="s1" xml:id="subtitle224">He returned to Cambulac<br/>when he could have fled.</p>
<p begin="10632702080t" end="10669829170t" region="bottomCenter" style="s1" xml:id="subtitle225">Byamba, we do not know<br/>what bargain was struck in your saving,</p>
<p begin="10670660000t" end="10687757080t" region="bottomCenter" style="s1" xml:id="subtitle226">nor what motivated his return.</p>
<p begin="10688597920t" end="10713622920t" region="bottomCenter" style="s1" xml:id="subtitle227">Honor. Friendship.</p>
<p begin="10720710000t" end="10731550830t" region="bottomCenter" style="s1" xml:id="subtitle228">Perhaps.</p>
<p begin="10742401670t" end="10767006250t" region="bottomCenter" style="s1" xml:id="subtitle229">Would you offer evidence<br/>to support your doubts?</p>
<p begin="10809548750t" end="10823312500t" region="bottomCenter" style="s1" xml:id="subtitle230">Better.</p>
<p begin="10833322500t" end="10850840000t" region="bottomCenter" style="s1" xml:id="subtitle231">My confidence.</p>
<p begin="11005164170t" end="11015174170t" region="bottomCenter" style="s1" xml:id="subtitle232">[prisoner] Hey, blond man.</p>
<p begin="11027686670t" end="11039778750t" region="bottomCenter" style="s1" xml:id="subtitle233">Blond.</p>
<p begin="11051460420t" end="11064803750t" region="bottomCenter" style="s1" xml:id="subtitle234">Come here.</p>
<p begin="11106925830t" end="11124032920t" region="bottomCenter" style="s1" xml:id="subtitle235">Do I look blond to you?</p>
<p begin="11143632500t" end="11156145000t" region="bottomCenter" style="s1" xml:id="subtitle236">Blonder than me.</p>
<p begin="11172411250t" end="11190759580t" region="bottomCenter" style="s1" xml:id="subtitle237">Do you have any food, Blond?</p>
<p begin="11289608330t" end="11305464170t" region="bottomCenter" style="s1" xml:id="subtitle238">Thank you.</p>
<p begin="11341750420t" end="11363852500t" region="bottomCenter" style="s1" xml:id="subtitle239">Are you a fair-skinned<br/>bastard son of the Khan?</p>
<p begin="11364683330t" end="11377616250t" region="bottomCenter" style="s1" xml:id="subtitle240">[laughing]</p>
<p begin="11378447080t" end="11403892500t" region="bottomCenter" style="s1" xml:id="subtitle241">No, I am his servant.</p>
<p begin="11423081670t" end="11457696250t" region="bottomCenter" style="s1" xml:id="subtitle242">I, too, will become his servant,<br/>given the chance.</p>
<p begin="11458527080t" end="11469788330t" region="bottomCenter" style="s1" xml:id="subtitle243">You wish to be?</p>
<p begin="11480639170t" end="11493982500t" region="bottomCenter" style="s1" xml:id="subtitle244">I wish nothing more.</p>
<p begin="11513582080t" end="11531520000t" region="bottomCenter" style="s1" xml:id="subtitle245">What skill do you have?</p>
<p begin="11544452920t" end="11557375830t" region="bottomCenter" style="s1" xml:id="subtitle246">I'm a weaver.</p>
<p begin="11558216670t" end="11592410830t" region="bottomCenter" style="s1" xml:id="subtitle247">The Khan is fond of<br/>artisans of every type.</p>
<p begin="11593251670t" end="11613682080t" region="bottomCenter" style="s1" xml:id="subtitle248">I'm sure you will fare well.</p>
<p begin="11634122500t" end="11674993330t" region="bottomCenter" style="s1" xml:id="subtitle249">What if the Mongols lose?<br/>Would you still wish to serve?</p>
<p begin="11698767080t" end="11752570830t" region="bottomCenter" style="s1" xml:id="subtitle250">Men follow leaders.<br/>Sidao is half the man the Khan is.</p>
<p begin="11766334580t" end="11798036250t" region="bottomCenter" style="s1" xml:id="subtitle251">Kublai Khan will win.<br/>He will rule.</p>
<p begin="11810128330t" end="11846835000t" region="bottomCenter" style="s1" xml:id="subtitle252">Had you no knife to your throat,<br/>would you feel the same?</p>
<p begin="11873942080t" end="11889797920t" region="bottomCenter" style="s1" xml:id="subtitle253">I see no threat.</p>
<p begin="11903972080t" end="11918987080t" region="bottomCenter" style="s1" xml:id="subtitle254">Merely fence.</p>
<p begin="11919827920t" end="11933171250t" region="bottomCenter" style="s1" xml:id="subtitle255">[Marco chuckles]</p>
<p begin="11934002080t" end="11951109170t" region="bottomCenter" style="s1" xml:id="subtitle256">[prisoners clamoring]</p>
<p begin="11951940000t" end="11985303330t" region="bottomCenter" style="s1" xml:id="subtitle257">[prisoners]<br/>Kublai! Kublai!</p>
<p begin="11986144170t" end="12017005000t" region="bottomCenter" style="s1" xml:id="subtitle258">They say the Khan welcomes anyone<br/>if they pledge loyalty.</p>
<p begin="12028266250t" end="12043281250t" region="bottomCenter" style="s1" xml:id="subtitle259">Is it true, Blond?</p>
<p begin="12057045000t" end="12075393330t" region="bottomCenter" style="s1" xml:id="subtitle260">It is true.</p>
<p begin="12110428330t" end="12143801670t" region="bottomCenter" style="s1" xml:id="subtitle261">Will you come back, Blond?<br/>Bring me more of that delicious meat?</p>
<p begin="12201359170t" end="12237645420t" region="bottomCenter" style="s1" xml:id="subtitle262">What is the state of power<br/>within the fortress walls?</p>
<p begin="12238476250t" end="12270177920t" region="bottomCenter" style="s1" xml:id="subtitle263">I saw no sign of the Empress,<br/>nor the Boy Emperor.</p>
<p begin="12271008750t" end="12315222920t" region="bottomCenter" style="s1" xml:id="subtitle264">We parleyed in the Song throne room<br/>as though Jia Sidao were the emperor.</p>
<p begin="12316053750t" end="12343160830t" region="bottomCenter" style="s1" xml:id="subtitle265">Killed Red Lotus<br/>and caged the boy.</p>
<p begin="12344001670t" end="12362770420t" region="bottomCenter" style="s1" xml:id="subtitle266">Conspiracies abound.</p>
<p begin="12363601250t" end="12382370000t" region="bottomCenter" style="s1" xml:id="subtitle267">He did imply one thing.</p>
<p begin="12383200830t" end="12423661250t" region="bottomCenter" style="s1" xml:id="subtitle268">I believe he's under the impression<br/>that his sister was successful.</p>
<p begin="12424492080t" end="12441178750t" region="bottomCenter" style="s1" xml:id="subtitle269">He thinks Lady Chabi is dead.</p>
<p begin="12442009580t" end="12464952500t" region="bottomCenter" style="s1" xml:id="subtitle270">This misinformation could be useful</p>
<p begin="12465783330t" end="12482470000t" region="bottomCenter" style="s1" xml:id="subtitle271">in distressing his state of mind<br/>at the parley.</p>
<p begin="12483300830t" end="12520838330t" region="bottomCenter" style="s1" xml:id="subtitle272">The more unstable his mind,<br/>the more unstable his choices.</p>
<p begin="12574642080t" end="12605923330t" region="bottomCenter" style="s1" xml:id="subtitle273">Kaidu, welcome to the war.</p>
<p begin="12684341670t" end="12704772080t" region="bottomCenter" style="s1" xml:id="subtitle274">I have already fought one battle.</p>
<p begin="12716874170t" end="12739807080t" region="bottomCenter" style="s1" xml:id="subtitle275">It seems as if<br/>you have as well.</p>
<p begin="12757324580t" end="12769837080t" region="bottomCenter" style="s1" xml:id="subtitle276">[Kaidu sighs]</p>
<p begin="12770677920t" end="12805712920t" region="bottomCenter" style="s1" xml:id="subtitle277">Of all the warriors my daughter wrestled,<br/>she settled on you.</p>
<p begin="12821558750t" end="12833650830t" region="bottomCenter" style="s1" xml:id="subtitle278">Why is that?</p>
<p begin="12834491670t" end="12878285420t" region="bottomCenter" style="s1" xml:id="subtitle279">She didn't settle. I won.<br/>And I have personality.</p>
<p begin="12889126250t" end="12907064170t" region="bottomCenter" style="s1" xml:id="subtitle280">-[Kaidu chuckles]<br/>-I swear.</p>
<p begin="12927084170t" end="12953360420t" region="bottomCenter" style="s1" xml:id="subtitle281">I have my thoughts in battle now.</p>
<p begin="12954191250t" end="12985052080t" region="bottomCenter" style="s1" xml:id="subtitle282">You can denounce me and call me pig<br/>if you like, but wait for tomorrow.</p>
<p begin="12985892920t" end="13019676670t" region="bottomCenter" style="s1" xml:id="subtitle283">-And if you fall in battle?<br/>-I am not that lucky.</p>
<p begin="13030517500t" end="13044281250t" region="bottomCenter" style="s1" xml:id="subtitle284">Yes.</p>
<p begin="13061798750t" end="13082239170t" region="bottomCenter" style="s1" xml:id="subtitle285">I know of your prowess<br/>on the field.</p>
<p begin="13100587500t" end="13130197080t" region="bottomCenter" style="s1" xml:id="subtitle286">Khutulun would never look your way<br/>unless you were formidable.</p>
<p begin="13140207080t" end="13170657500t" region="bottomCenter" style="s1" xml:id="subtitle287">There's a reason<br/>she leads one of my <span style="s1_1">tumens.</span></p>
<p begin="13184421250t" end="13212779580t" region="bottomCenter" style="s1" xml:id="subtitle288">She knows strength and<br/>noble character when she sees it.</p>
<p begin="13231968750t" end="13260747500t" region="bottomCenter" style="s1" xml:id="subtitle289">One wonders whether<br/>the kingdom of Cambulac or its Khan</p>
<p begin="13261578330t" end="13277434170t" region="bottomCenter" style="s1" xml:id="subtitle290">have the same foresight.</p>
<p begin="13309125830t" end="13321227920t" region="bottomCenter" style="s1" xml:id="subtitle291">[sighs]</p>
<p begin="13334571250t" end="13350837500t" region="bottomCenter" style="s1" xml:id="subtitle292">Fare well tomorrow, Byamba.</p>
<p begin="13397554170t" end="13416733330t" region="bottomCenter" style="s1" xml:id="subtitle293">A fine horse.</p>
<p begin="13431337920t" end="13461367919t" region="bottomCenter" style="s1" xml:id="subtitle294">I am most pleased<br/>it was not added to my herd.</p>
<p begin="13617774169t" end="13659475829t" region="bottomCenter" style="s1" xml:id="subtitle295">[Chabi] Our men suffer in furs and metal<br/>under the South China sun.</p>
<p begin="13669906249t" end="13707443749t" region="bottomCenter" style="s1" xml:id="subtitle296">I had the armorer replace<br/>all neck guards with hide.</p>
<p begin="13708274579t" end="13728714999t" region="bottomCenter" style="s1" xml:id="subtitle297">Jingim believes the Song Chancellor</p>
<p begin="13729545829t" end="13759165419t" region="bottomCenter" style="s1" xml:id="subtitle298">will never himself appear<br/>on the field of battle.</p>
<p begin="13759996249t" end="13787523749t" region="bottomCenter" style="s1" xml:id="subtitle299">Of that, Sidao is wise.</p>
<p begin="13800036249t" end="13846752919t" region="bottomCenter" style="s1" xml:id="subtitle300">My son would cut him from gut to mouth<br/>in front of his own men.</p>
<p begin="13866772919t" end="13900556669t" region="bottomCenter" style="s1" xml:id="subtitle301">But hiding will not save his life.</p>
<p begin="13916402499t" end="13957693749t" region="bottomCenter" style="s1" xml:id="subtitle302">My Khan, my son,<br/>they will have what is due them.</p>
<p begin="14045701669t" end="14074890829t" region="bottomCenter" style="s1" xml:id="subtitle303">You suspected me<br/>when the young concubine died.</p>
<p begin="14089905829t" end="14117853749t" region="bottomCenter" style="s1" xml:id="subtitle304">Why not accuse me of the crime?</p>
<p begin="14118684579t" end="14136622499t" region="bottomCenter" style="s1" xml:id="subtitle305">You were too precious to the Khan.</p>
<p begin="14151217079t" end="14169985829t" region="bottomCenter" style="s1" xml:id="subtitle306">And I sense promise in you.</p>
<p begin="14179585419t" end="14196262079t" region="bottomCenter" style="s1" xml:id="subtitle307">What promise?</p>
<p begin="14207943749t" end="14224209999t" region="bottomCenter" style="s1" xml:id="subtitle308">I do not yet know.</p>
<p begin="14256742499t" end="14279685419t" region="bottomCenter" style="s1" xml:id="subtitle309">Am I precious to you?</p>
<p begin="14383118749t" end="14398554169t" region="bottomCenter" style="s1" xml:id="subtitle310">Your brother...</p>
<p begin="14411066669t" end="14439004579t" region="bottomCenter" style="s1" xml:id="subtitle311">made you into a whore for his ambition.</p>
<p begin="14465280829t" end="14477382919t" region="bottomCenter" style="s1" xml:id="subtitle312">Did that bother you?</p>
<p begin="14478213749t" end="14497402919t" region="bottomCenter" style="s1" xml:id="subtitle313">I made myself a whore.</p>
<p begin="14498233749t" end="14532437919t" region="bottomCenter" style="s1" xml:id="subtitle314">And I used him long<br/>before he learned to use me.</p>
<p begin="14538694169t" end="14581236669t" region="bottomCenter" style="s1" xml:id="subtitle315">When he was a boy and I a little girl<br/>living in the shadow of Xiangyang.</p>
<p begin="14609174579t" end="14650886249t" region="bottomCenter" style="s1" xml:id="subtitle316">I stared at the Walled City,<br/>dreaming what life might be like there.</p>
<p begin="14689674999t" end="14712617919t" region="bottomCenter" style="s1" xml:id="subtitle317">What did you dream as a boy?</p>
<p begin="14713448749t" end="14744729999t" region="bottomCenter" style="s1" xml:id="subtitle318">I suffered dreamless sleep.</p>
<p begin="14781436669t" end="14808964169t" region="bottomCenter" style="s1" xml:id="subtitle319">Did you come to the Khan's service<br/>by choice?</p>
<p begin="14809794999t" end="14826061249t" region="bottomCenter" style="s1" xml:id="subtitle320">No.</p>
<p begin="14836491669t" end="14851506669t" region="bottomCenter" style="s1" xml:id="subtitle321">By chance?</p>
<p begin="14884869999t" end="14899054169t" region="bottomCenter" style="s1" xml:id="subtitle322">As chattel?</p>
<p begin="14947432499t" end="14962867919t" region="bottomCenter" style="s1" xml:id="subtitle323">Born of Persia?</p>
<p begin="14974959999t" end="14997482499t" region="bottomCenter" style="s1" xml:id="subtitle324">My people were the Fanākatī.</p>
<p begin="15008743749t" end="15040445419t" region="bottomCenter" style="s1" xml:id="subtitle325">I'm from Upper Asia, not Persia.</p>
<p begin="15051286249t" end="15078813749t" region="bottomCenter" style="s1" xml:id="subtitle326">And brought to China<br/>to serve your conqueror.</p>
<p begin="15087152079t" end="15116351249t" region="bottomCenter" style="s1" xml:id="subtitle327">I was too young then<br/>to know him as a conqueror.</p>
<p begin="15129694579t" end="15148883749t" region="bottomCenter" style="s1" xml:id="subtitle328">He was my...</p>
<p begin="15149714579t" end="15178913749t" region="bottomCenter" style="s1" xml:id="subtitle329">my patron, my benefactor.</p>
<p begin="15209364169t" end="15256911669t" region="bottomCenter" style="s1" xml:id="subtitle330">He became as a father to me,<br/>and the Empress, a mother.</p>
<p begin="15257742499t" end="15304038749t" region="bottomCenter" style="s1" xml:id="subtitle331">What happened to your real mother,<br/>your true father?</p>
<p begin="15317802499t" end="15340324999t" region="bottomCenter" style="s1" xml:id="subtitle332">Was the Khan their benefactor, too?</p>
<p begin="15445009579t" end="15482967499t" region="bottomCenter" style="s1" xml:id="subtitle333">How do you serve the monster<br/>who slew your brethren</p>
<p begin="15483798329t" end="15506320829t" region="bottomCenter" style="s1" xml:id="subtitle334">and call him father?</p>
<p begin="15528012499t" end="15573057499t" region="bottomCenter" style="s1" xml:id="subtitle335">You worship his whores,<br/>concubine and queen.</p>
<p begin="15592657079t" end="15633537919t" region="bottomCenter" style="s1" xml:id="subtitle336">And you are left here as nursemaid<br/>while war is waged.</p>
<p begin="15673577919t" end="15687752079t" region="bottomCenter" style="s1" xml:id="subtitle337">[Mei Lin sighs]</p>
<p begin="15822476669t" end="15847501669t" region="bottomCenter" style="s1" xml:id="subtitle338">You attempt to crawl under my skin?</p>
<p begin="15905469579t" end="15928832919t" region="bottomCenter" style="s1" xml:id="subtitle339">I could get under your skin,</p>
<p begin="15929663749t" end="15965949999t" region="bottomCenter" style="s1" xml:id="subtitle340">carve it free<br/>and wear it as a cloak.</p>
<p begin="15994308329t" end="16005569579t" region="bottomCenter" style="s1" xml:id="subtitle341">Better...</p>
<p begin="16013497499t" end="16055619579t" region="bottomCenter" style="s1" xml:id="subtitle342">I could walk next door and<br/>do the same thing to your daughter.</p>
<p begin="16145299169t" end="16156970829t" region="bottomCenter" style="s1" xml:id="subtitle343">What do you mean?</p>
<p begin="16172406249t" end="16194928749t" region="bottomCenter" style="s1" xml:id="subtitle344">Please, what are you--<br/>What are you saying?</p>
<p begin="16195759579t" end="16225379169t" region="bottomCenter" style="s1" xml:id="subtitle345">War is waged on many fronts, Mei Lin.</p>
<p begin="16226209999t" end="16236640419t" region="bottomCenter" style="s1" xml:id="subtitle346">[Mei Lin] Please...</p>
<p begin="16247060829t" end="16279593329t" region="bottomCenter" style="s1" xml:id="subtitle347">What--<br/>What are you saying?</p>
<p begin="16625779169t" end="16657060419t" region="bottomCenter" style="s1" xml:id="subtitle348">I once saw an ink portrait<br/>of your grandfather.</p>
<p begin="16663727079t" end="16699602919t" region="bottomCenter" style="s1" xml:id="subtitle349">You are a more striking figure,<br/>I must say.</p>
<p begin="16700433749t" end="16725458749t" region="bottomCenter" style="s1" xml:id="subtitle350">My mother<br/>was more beautiful than his.</p>
<p begin="16739222499t" end="16760073329t" region="bottomCenter" style="s1" xml:id="subtitle351">She was a Christian, was she not?</p>
<p begin="16760914169t" end="16791774999t" region="bottomCenter" style="s1" xml:id="subtitle352">She was daughter<br/>and mother to Khans.</p>
<p begin="16792605829t" end="16820974169t" region="bottomCenter" style="s1" xml:id="subtitle353">She could choose<br/>whichever God suited her.</p>
<p begin="16851834999t" end="16903136249t" region="bottomCenter" style="s1" xml:id="subtitle354">You ask for parley as you stand<br/>with an army outside my city walls.</p>
<p begin="16917730829t" end="16933997079t" region="bottomCenter" style="s1" xml:id="subtitle355">How am I to take this?</p>
<p begin="16934837919t" end="16971954999t" region="bottomCenter" style="s1" xml:id="subtitle356">On bended knee, if you're wise.</p>
<p begin="16972785829t" end="16996559579t" region="bottomCenter" style="s1" xml:id="subtitle357">I have a wall.</p>
<p begin="16997400419t" end="17019082079t" region="bottomCenter" style="s1" xml:id="subtitle358">I will obliterate your wall.</p>
<p begin="17019922919t" end="17049532499t" region="bottomCenter" style="s1" xml:id="subtitle359">I will take your fraudulent crown</p>
<p begin="17050363329t" end="17089572499t" region="bottomCenter" style="s1" xml:id="subtitle360">and I will spike your corpse<br/>to the gates of my new palace.</p>
<p begin="17098751669t" end="17133366249t" region="bottomCenter" style="s1" xml:id="subtitle361">Or I will walk through the wall</p>
<p begin="17134197079t" end="17185498330t" region="bottomCenter" style="s1" xml:id="subtitle362">after it is freely opened,<br/>accept your surrender</p>
<p begin="17186339170t" end="17226789580t" region="bottomCenter" style="s1" xml:id="subtitle363">and offer gracious terms for<br/>the deposed Chancellor of Xiangyang</p>
<p begin="17227630420t" end="17247230000t" region="bottomCenter" style="s1" xml:id="subtitle364">and his rebel army.</p>
<p begin="17248060830t" end="17277680420t" region="bottomCenter" style="s1" xml:id="subtitle365">You have power yet<br/>to save your people, Sidao.</p>
<p begin="17313546250t" end="17324387080t" region="bottomCenter" style="s1" xml:id="subtitle366">[clicks tongue]</p>
<p begin="17325227920t" end="17359422080t" region="bottomCenter" style="s1" xml:id="subtitle367">It's unfortunate<br/>that it has come to this.</p>
<p begin="17360262920t" end="17403215830t" region="bottomCenter" style="s1" xml:id="subtitle368">So deep into war that we make attempts<br/>on each other's lives</p>
<p begin="17404056670t" end="17427830420t" region="bottomCenter" style="s1" xml:id="subtitle369">and those most sacred to us.</p>
<p begin="17428661250t" end="17463275830t" region="bottomCenter" style="s1" xml:id="subtitle370">I've heard of<br/>your favored wife's beauty.</p>
<p begin="17464116670t" end="17495808330t" region="bottomCenter" style="s1" xml:id="subtitle371">Such luminescence<br/>should not be taken from us this way.</p>
<p begin="17505818330t" end="17531263750t" region="bottomCenter" style="s1" xml:id="subtitle372">So repugnant.</p>
<p begin="17532094580t" end="17564216670t" region="bottomCenter" style="s1" xml:id="subtitle373">Even your own Vice Regent<br/>is against this war.</p>
<p begin="17565047500t" end="17591323750t" region="bottomCenter" style="s1" xml:id="subtitle374">This tactics.</p>
<p begin="17686418750t" end="17722705000t" region="bottomCenter" style="s1" xml:id="subtitle375">When an honest man says nothing,<br/>you see his heart.</p>
<p begin="17739802080t" end="17766078330t" region="bottomCenter" style="s1" xml:id="subtitle376">I don't question his loyalty to you,</p>
<p begin="17766919170t" end="17806118330t" region="bottomCenter" style="s1" xml:id="subtitle377">but an absence of words speaks loudly.</p>
<p begin="17833235420t" end="17870352500t" region="bottomCenter" style="s1" xml:id="subtitle378">Perhaps he sees something we do not.</p>
<p begin="17902885000t" end="17937499580t" region="bottomCenter" style="s1" xml:id="subtitle379">I trust I'll find you<br/>on the field, Jia Sidao.</p>
<p begin="18029681670t" end="18063465420t" region="bottomCenter" style="s1" xml:id="subtitle380">May I introduce my luminescent wife,<br/>the Empress Chabi.</p>
<p begin="18138120000t" end="18178160000t" region="bottomCenter" style="s1" xml:id="subtitle381">I'm greatly pleased<br/>to see you well, Empress.</p>
<p begin="18178990830t" end="18200682500t" region="bottomCenter" style="s1" xml:id="subtitle382">The Chancellor has declined my offer.</p>
<p begin="18201513330t" end="18222374170t" region="bottomCenter" style="s1" xml:id="subtitle383">There will be no peace this day.</p>
<p begin="18228210000t" end="18275757500t" region="bottomCenter" style="s1" xml:id="subtitle384">I will rip away his land as I would<br/>a weak heart from a coward's chest.</p>
<p begin="18276588330t" end="18288690420t" region="bottomCenter" style="s1" xml:id="subtitle385">[soldiers shout in unison]</p>
<p begin="18294946670t" end="18329981670t" region="bottomCenter" style="s1" xml:id="subtitle386">Your people make better<br/>slaves than soldiers, Sidao.</p>
<p begin="18341242920t" end="18372524170t" region="bottomCenter" style="s1" xml:id="subtitle387">Fear not, I will reform them!</p>
<p begin="18373355000t" end="18384616250t" region="bottomCenter" style="s1" xml:id="subtitle388">[Kublai laughing]</p>
<p begin="18385447080t" end="18401302920t" region="bottomCenter" style="s1" xml:id="subtitle389">[prisoners shouting]</p>
<p begin="18420482080t" end="18444676250t" region="bottomCenter" style="s1" xml:id="subtitle390">[shouting continues]</p>
<p begin="19012743750t" end="19034435420t" region="bottomCenter" style="s1" xml:id="subtitle391">I couldn't look away<br/>when I first saw you.</p>
<p begin="19052363330t" end="19072383330t" region="bottomCenter" style="s1" xml:id="subtitle392">I tried.</p>
<p begin="19073224170t" end="19098249170t" region="bottomCenter" style="s1" xml:id="subtitle393">I tried to look away.</p>
<p begin="19099080000t" end="19146207080t" region="bottomCenter" style="s1" xml:id="subtitle394">I told myself, "She is nothing<br/>but a whore, like the others.</p>
<p begin="19159140000t" end="19177908750t" region="bottomCenter" style="s1" xml:id="subtitle395">Like my sister.</p>
<p begin="19189170000t" end="19242142920t" region="bottomCenter" style="s1" xml:id="subtitle396">Meant to be used and discarded<br/>to make room for another."</p>
<p begin="19551201670t" end="19569550000t" region="bottomCenter" style="s1" xml:id="subtitle397">I tried to find logic...</p>
<p begin="19589570000t" end="19652552920t" region="bottomCenter" style="s1" xml:id="subtitle398">only to realize what I feel for you<br/>defies such reasoning.</p>
<p begin="20450430000t" end="20463773330t" region="bottomCenter" style="s1" xml:id="subtitle399">I loved you.</p>
<p begin="20480880420t" end="20493803330t" region="bottomCenter" style="s1" xml:id="subtitle400">You lied to me.</p>
<p begin="20533432920t" end="20545945420t" region="bottomCenter" style="s1" xml:id="subtitle401">[sobbing]</p>
<p begin="20871270420t" end="20887947080t" region="bottomCenter" style="s1" xml:id="subtitle402">[gasping]</p>
<p begin="20937586670t" end="20950930000t" region="bottomCenter" style="s1" xml:id="subtitle403">[sword clattering]</p>
<p begin="21145704580t" end="21157806670t" region="bottomCenter" style="s1" xml:id="subtitle404">[Marco] You see?</p>
<p begin="21172821670t" end="21183242080t" region="bottomCenter" style="s1" xml:id="subtitle405">[laughs] I don't.</p>
<p begin="21184082920t" end="21205764580t" region="bottomCenter" style="s1" xml:id="subtitle406">It's right here.<br/>The horse.</p>
<p begin="21218697500t" end="21247055830t" region="bottomCenter" style="s1" xml:id="subtitle407">This is the horse,<br/>this is the camel.</p>
<p begin="21247896670t" end="21277506250t" region="bottomCenter" style="s1" xml:id="subtitle408">That's the sheep and that's the goat.</p>
<p begin="21278337080t" end="21299608330t" region="bottomCenter" style="s1" xml:id="subtitle409">You see now?</p>
<p begin="21322551250t" end="21347576250t" region="bottomCenter" style="s1" xml:id="subtitle410">Roll. I'll show you.</p>
<p begin="21398046670t" end="21422230830t" region="bottomCenter" style="s1" xml:id="subtitle411">-[prisoner] Where do you live?<br/>-That's the sheep...</p>
<p begin="21434332920t" end="21449758330t" region="bottomCenter" style="s1" xml:id="subtitle412">Inside the Imperial City.</p>
<p begin="21464362920t" end="21494803330t" region="bottomCenter" style="s1" xml:id="subtitle413">-An honor.<br/>-It has become one.</p>
<p begin="21511069580t" end="21522330830t" region="bottomCenter" style="s1" xml:id="subtitle414">It wasn't always?</p>
<p begin="21536515000t" end="21559037500t" region="bottomCenter" style="s1" xml:id="subtitle415">I, like you, was once a prisoner.</p>
<p begin="21569047500t" end="21592400830t" region="bottomCenter" style="s1" xml:id="subtitle416">Within a slightly more gilded cage.</p>
<p begin="21593241670t" end="21607836250t" region="bottomCenter" style="s1" xml:id="subtitle417">[chuckles]</p>
<p begin="21628276670t" end="21643291670t" region="bottomCenter" style="s1" xml:id="subtitle418">I've never left home.</p>
<p begin="21656214580t" end="21668316670t" region="bottomCenter" style="s1" xml:id="subtitle419">Well...</p>
<p begin="21681660000t" end="21694592920t" region="bottomCenter" style="s1" xml:id="subtitle420">that's about to change.</p>
<p begin="21705433750t" end="21740889170t" region="bottomCenter" style="s1" xml:id="subtitle421">Yes. Wheeled away<br/>in a celled wagon.</p>
<p begin="21741720000t" end="21765914170t" region="bottomCenter" style="s1" xml:id="subtitle422">Only until you arrive in Cambulac.</p>
<p begin="21790098330t" end="21813872080t" region="bottomCenter" style="s1" xml:id="subtitle423">Will I live in the Imperial City?</p>
<p begin="21826805000t" end="21843071250t" region="bottomCenter" style="s1" xml:id="subtitle424">Doubtful.</p>
<p begin="21843902080t" end="21869767920t" region="bottomCenter" style="s1" xml:id="subtitle425">But it will be a step up<br/>from your current station.</p>
<p begin="21912720830t" end="21936494580t" region="bottomCenter" style="s1" xml:id="subtitle426">What will you miss most of all?</p>
<p begin="21951930000t" end="21969027080t" region="bottomCenter" style="s1" xml:id="subtitle427">[prisoner] Of my home?</p>
<p begin="22019917920t" end="22043691670t" region="bottomCenter" style="s1" xml:id="subtitle428">Can't think of anything.</p>
<p begin="22063291250t" end="22080388330t" region="bottomCenter" style="s1" xml:id="subtitle429">What do you miss<br/>of your home, Blond?</p>
<p begin="22132110000t" end="22148796670t" region="bottomCenter" style="s1" xml:id="subtitle430">It's a horse.</p>
<p begin="22198005830t" end="22217195000t" region="bottomCenter" style="s1" xml:id="subtitle431">[Marco] What is it, friend?</p>
<p begin="22218025830t" end="22253060830t" region="bottomCenter" style="s1" xml:id="subtitle432">Jingim Khan has much to say<br/>on the subject of Marco Polo.</p>
<p begin="22253901670t" end="22265993750t" region="bottomCenter" style="s1" xml:id="subtitle433">[Marco scoffs]</p>
<p begin="22266824580t" end="22305202920t" region="bottomCenter" style="s1" xml:id="subtitle434">He has high regard for<br/>my political acumen, no doubt.</p>
<p begin="22306033750t" end="22340237920t" region="bottomCenter" style="s1" xml:id="subtitle435">He suspects you and your father<br/>plot against the Khan.</p>
<p begin="22367765420t" end="22413641250t" region="bottomCenter" style="s1" xml:id="subtitle436">Ahmad has fueled his jealousy.<br/>They believe you have seduced my father.</p>
<p begin="22474532080t" end="22492890420t" region="bottomCenter" style="s1" xml:id="subtitle437">Where do you stand, Byamba?</p>
<p begin="22506233750t" end="22552530000t" region="bottomCenter" style="s1" xml:id="subtitle438">You are not of this place, Marco.<br/>Jingim is my brother.</p>
<p begin="22553360830t" end="22592570000t" region="bottomCenter" style="s1" xml:id="subtitle439">And what recourse<br/>does your brother propose?</p>
<p begin="22593400830t" end="22630527920t" region="bottomCenter" style="s1" xml:id="subtitle440">In battle, arrows fly from all directions.</p>
<p begin="22631358750t" end="22658886250t" region="bottomCenter" style="s1" xml:id="subtitle441">Heed the advice<br/>you should have taken long ago.</p>
<p begin="22673901250t" end="22731879170t" region="bottomCenter" style="s1" xml:id="subtitle442">As we advance south,<br/>you ride west, towards your home.</p>
<p begin="22777334580t" end="22793190420t" region="bottomCenter" style="s1" xml:id="subtitle443">Where you belong.</p>
<p begin="22848655830t" end="22872429580t" region="bottomCenter" style="s1" xml:id="subtitle444">[prisoners shouting]</p>
<p begin="22899546670t" end="22914972080t" region="bottomCenter" style="s1" xml:id="subtitle445">[prisoner screaming]</p>
<p begin="23082229170t" end="23096823750t" region="bottomCenter" style="s1" xml:id="subtitle446">[screaming]</p>
<p begin="23713690000t" end="23733710000t" region="bottomCenter" style="s1" xml:id="subtitle447">[Hundred Eyes] They are to be<br/>rendered into a weapon</p>
<p begin="23734540830t" end="23756652920t" region="bottomCenter" style="s1" xml:id="subtitle448">to rain fire upon Xiangyang.</p>
<p begin="23757483750t" end="23785011250t" region="bottomCenter" style="s1" xml:id="subtitle449">It is the Khan's strategy.</p>
<p begin="23785842080t" end="23809205420t" region="bottomCenter" style="s1" xml:id="subtitle450">He uses Sidao's citizens against him.</p>
<p begin="23824220420t" end="23848404580t" region="bottomCenter" style="s1" xml:id="subtitle451">[prisoner] I pledge my life<br/>to the Great Khan!</p>
<p begin="23849245420t" end="23870516670t" region="bottomCenter" style="s1" xml:id="subtitle452">I pledge my life<br/>to the Great Khan!</p>
<p begin="23871347500t" end="23898875000t" region="bottomCenter" style="s1" xml:id="subtitle453">-No.<br/>-[prisoner] Blond! Blond!</p>
<p begin="23899705830t" end="23932658750t" region="bottomCenter" style="s1" xml:id="subtitle454">If you cannot bear what you see,<br/>avert your eyes.</p>
<p begin="23962688750t" end="23981037080t" region="bottomCenter" style="s1" xml:id="subtitle455">They are our captives.</p>
<p begin="23993970000t" end="24010656670t" region="bottomCenter" style="s1" xml:id="subtitle456">This is sin!</p>
<p begin="24011487500t" end="24044850830t" region="bottomCenter" style="s1" xml:id="subtitle457">It is war.<br/>Your Khan's war.</p>
<p begin="24056532500t" end="24086982920t" region="bottomCenter" style="s1" xml:id="subtitle458">Blond! Blond, help me!</p>
<p begin="24087813750t" end="24100746670t" region="bottomCenter" style="s1" xml:id="subtitle459">[prisoner grunting]</p>
<p begin="24118674580t" end="24156212080t" region="bottomCenter" style="s1" xml:id="subtitle460">I want to go home!<br/>I want to go home!</p>
<p begin="24171227080t" end="24186242080t" region="bottomCenter" style="s1" xml:id="subtitle461">[prisoner screaming]</p>
<p begin="24386862500t" end="24413138750t" region="bottomCenter" style="s1" xml:id="subtitle462">[Kokachin]<br/>Where are you going?</p>
<p begin="24446502080t" end="24471527080t" region="bottomCenter" style="s1" xml:id="subtitle463">What are you doing here?</p>
<p begin="24514490000t" end="24532427920t" region="bottomCenter" style="s1" xml:id="subtitle464">What happened?</p>
<p begin="24547853330t" end="24562037500t" region="bottomCenter" style="s1" xml:id="subtitle465">Are you hurt?</p>
<p begin="24562868330t" end="24580806250t" region="bottomCenter" style="s1" xml:id="subtitle466">[Kokachin] Za Bing was killed.</p>
<p begin="24682157500t" end="24698423750t" region="bottomCenter" style="s1" xml:id="subtitle467">[Kokachin sniffles]</p>
<p begin="24750976250t" end="24774750000t" region="bottomCenter" style="s1" xml:id="subtitle468">This is a dark time.</p>
<p begin="24775580830t" end="24812287500t" region="bottomCenter" style="s1" xml:id="subtitle469">There are eyes on me,<br/>doubts directed.</p>
<p begin="24823548750t" end="24849825000t" region="bottomCenter" style="s1" xml:id="subtitle470">If anyone finds you here...</p>
<p begin="24863588750t" end="24881937080t" region="bottomCenter" style="s1" xml:id="subtitle471">You must go.</p>
<p begin="24970775830t" end="24990385420t" region="bottomCenter" style="s1" xml:id="subtitle472">I will return you to your <span style="s1_1">ger.</span></p>
<p begin="25027922920t" end="25052947920t" region="bottomCenter" style="s1" xml:id="subtitle473">[Kokachin]<br/>There will be eyes on me, as well.</p>
<p begin="25099244170t" end="25115510420t" region="bottomCenter" style="s1" xml:id="subtitle474">[shuddering]</p>
<p begin="25146791670t" end="25167642500t" region="bottomCenter" style="s1" xml:id="subtitle475">I am no royal.</p>
<p begin="25243137920t" end="25272327080t" region="bottomCenter" style="s1" xml:id="subtitle476">When the Khan's men<br/>attacked the Bayaut...</p>
<p begin="25284839580t" end="25311536250t" region="bottomCenter" style="s1" xml:id="subtitle477">[sighs deeply]</p>
<p begin="25312367080t" end="25331556250t" region="bottomCenter" style="s1" xml:id="subtitle478">I was a peasant girl...</p>
<p begin="25346571250t" end="25365340000t" region="bottomCenter" style="s1" xml:id="subtitle479">serving in the palace.</p>
<p begin="25389944580t" end="25425820420t" region="bottomCenter" style="s1" xml:id="subtitle480">When they left,<br/>I went with them to Cambulac...</p>
<p begin="25439163750t" end="25450004580t" region="bottomCenter" style="s1" xml:id="subtitle481">as Kokachin.</p>
<p begin="25462937500t" end="25486711250t" region="bottomCenter" style="s1" xml:id="subtitle482">You took her name?</p>
<p begin="25487542080t" end="25510905420t" region="bottomCenter" style="s1" xml:id="subtitle483">She took her life.</p>
<p begin="25525500000t" end="25549694170t" region="bottomCenter" style="s1" xml:id="subtitle484">I took her name.</p>
<p begin="25574298750t" end="25601405830t" region="bottomCenter" style="s1" xml:id="subtitle485">I must hold it forever.</p>
<p begin="25648953330t" end="25665640000t" region="bottomCenter" style="s1" xml:id="subtitle486">Her name is yours.</p>
<p begin="25682737080t" end="25696500830t" region="bottomCenter" style="s1" xml:id="subtitle487">Kokachin.</p>
<p begin="25707351670t" end="25727371670t" region="bottomCenter" style="s1" xml:id="subtitle488">I will protect that name.</p>
<p begin="25737381670t" end="25750304580t" region="bottomCenter" style="s1" xml:id="subtitle489">And you.</p>
<p begin="26064368330t" end="26075629580t" region="bottomCenter" style="s1" xml:id="subtitle490">[grunting]</p>
<p begin="26122766670t" end="26148622500t" region="bottomCenter" style="s1" xml:id="subtitle491">Does my husband require assistance?</p>
<p begin="26149453330t" end="26159883750t" region="bottomCenter" style="s1" xml:id="subtitle492">[Kublai grunts]</p>
<p begin="26169473330t" end="26209513330t" region="bottomCenter" style="s1" xml:id="subtitle493">Warm air constricts<br/>the metal, leather...</p>
<p begin="26210354170t" end="26227871670t" region="bottomCenter" style="s1" xml:id="subtitle494">armor shrinks.</p>
<p begin="26251645420t" end="26266660420t" region="bottomCenter" style="s1" xml:id="subtitle495">No need.</p>
<p begin="26267491250t" end="26281675420t" region="bottomCenter" style="s1" xml:id="subtitle496">[breathing heavily]</p>
<p begin="26297100830t" end="26333387080t" region="bottomCenter" style="s1" xml:id="subtitle497">My soldiers with sturdy backs<br/>will surround me.</p>
<p begin="26334227920t" end="26347571250t" region="bottomCenter" style="s1" xml:id="subtitle498">[sighs heavily]</p>
<p begin="26356750420t" end="26387611250t" region="bottomCenter" style="s1" xml:id="subtitle499">They will take stray arrows<br/>for their Khan.</p>
<p begin="26414307920t" end="26444337920t" region="bottomCenter" style="s1" xml:id="subtitle500">My fierce Mongol warriors...</p>
<p begin="26466440000t" end="26490634170t" region="bottomCenter" style="s1" xml:id="subtitle501">so many will perish tomorrow.</p>
<p begin="26516910420t" end="26527751250t" region="bottomCenter" style="s1" xml:id="subtitle502">[Chabi] Yes.</p>
<p begin="26540263750t" end="26565709170t" region="bottomCenter" style="s1" xml:id="subtitle503">-You must rest, Kublai.<br/>-Mmm.</p>
<p begin="26584057500t" end="26599903330t" region="bottomCenter" style="s1" xml:id="subtitle504">Genghis said...</p>
<p begin="26609913330t" end="26642035420t" region="bottomCenter" style="s1" xml:id="subtitle505">"There's no good in anything<br/>until it's finished."</p>
<p begin="26663306670t" end="26686660000t" region="bottomCenter" style="s1" xml:id="subtitle506">Tomorrow...</p>
<p begin="26687490830t" end="26721695000t" region="bottomCenter" style="s1" xml:id="subtitle507">the wall that turned back<br/>the Mongols for 80 years...</p>
<p begin="26738381670t" end="26760063330t" region="bottomCenter" style="s1" xml:id="subtitle508">will fall.</p>
<p begin="26773416670t" end="26797190420t" region="bottomCenter" style="s1" xml:id="subtitle509">Your men are prepared.</p>
<p begin="26798021250t" end="26831384580t" region="bottomCenter" style="s1" xml:id="subtitle510">And behind them,<br/>Mongol women ready to fight if needed.</p>
<p begin="26832225420t" end="26844317500t" region="bottomCenter" style="s1" xml:id="subtitle511">[sighs]</p>
<p begin="26858081250t" end="26891865000t" region="bottomCenter" style="s1" xml:id="subtitle512">You do this and our house is whole,</p>
<p begin="26901874999t" end="26939832919t" region="bottomCenter" style="s1" xml:id="subtitle513">your legacy secured<br/>for yourself and our son.</p>
<p begin="26940663749t" end="26951094169t" region="bottomCenter" style="s1" xml:id="subtitle514">Mmm.</p>
<p begin="26951924999t" end="27004477499t" region="bottomCenter" style="s1" xml:id="subtitle515">One Khanate, one Khan.<br/>One China, one Emperor.</p>
<p begin="27005308329t" end="27020743749t" region="bottomCenter" style="s1" xml:id="subtitle516">[chuckles]</p>
<p begin="27021574579t" end="27031584579t" region="bottomCenter" style="s1" xml:id="subtitle517">Indeed.</p>
<p begin="27041594579t" end="27096239169t" region="bottomCenter" style="s1" xml:id="subtitle518">You will destroy the wall, my husband.<br/>You will have the Chancellor's head.</p>
<p begin="27097069999t" end="27110413329t" region="bottomCenter" style="s1" xml:id="subtitle519">Hmm.</p>
<p begin="27129182079t" end="27165468329t" region="bottomCenter" style="s1" xml:id="subtitle520">I wish my astrologers<br/>had such hopeful foretellings.</p>
<p begin="27166309169t" end="27210102919t" region="bottomCenter" style="s1" xml:id="subtitle521">But there is no good in anything<br/>until it is finished.</p>
<p begin="27224277079t" end="27248050829t" region="bottomCenter" style="s1" xml:id="subtitle522">Let this war earn your peace.</p>
<p begin="27248891669t" end="27281003749t" region="bottomCenter" style="s1" xml:id="subtitle523">Let it be your final conquest,<br/>my Khan Kublai.</p>
<p begin="27302274999t" end="27324377079t" region="bottomCenter" style="s1" xml:id="subtitle524">Let it be finished.</p>
<p begin="27479532079t" end="27494967499t" region="bottomCenter" style="s1" xml:id="subtitle525">[soldiers urging horses]</p>
<p begin="27550022499t" end="27570042499t" region="bottomCenter" style="s1" xml:id="subtitle526">[soldier commanding indistinctly]</p>
<p begin="27570873329t" end="27620092499t" region="bottomCenter" style="s1" xml:id="subtitle527">Let our horses be swift<br/>and our arrows true.</p>
<p begin="27620923329t" end="27645117499t" region="bottomCenter" style="s1" xml:id="subtitle528">This day will be ours, Father.</p>
<p begin="27645948329t" end="27657629999t" region="bottomCenter" style="s1" xml:id="subtitle529">[Kublai] Hmm.</p>
<p begin="27683485829t" end="27726448749t" region="bottomCenter" style="s1" xml:id="subtitle530">Polo, I bid you watch<br/>the battle with me from the crest.</p>
<p begin="27738540829t" end="27773165419t" region="bottomCenter" style="s1" xml:id="subtitle531">I ride with my Mongol brothers, Sire.</p>
<p begin="27792344579t" end="27804026249t" region="bottomCenter" style="s1" xml:id="subtitle532">So be it.</p>
<p begin="27823625829t" end="27845317499t" region="bottomCenter" style="s1" xml:id="subtitle533">I'll see you on the field.</p>
<p begin="27846148329t" end="27864917079t" region="bottomCenter" style="s1" xml:id="subtitle534">Do not lose your mount.</p>
<p begin="28180232079t" end="28212764579t" region="bottomCenter" style="s1" xml:id="subtitle535">-[soldiers yelling]<br/>-[swords clanging]</p>
<p begin="28242794579t" end="28284506249t" region="bottomCenter" style="s1" xml:id="subtitle536">[Jingim] <span style="s1_1">We advanced, slaughtering every</span><br/><span style="s1_1">rebel who crossed our path.</span></p>
<p begin="28307028749t" end="28344566249t" region="bottomCenter" style="s1" xml:id="subtitle537"><span style="s1_1">We reached the wall</span><br/><span style="s1_1">and pushed towards the weakness,</span></p>
<p begin="28345397079t" end="28369170829t" region="bottomCenter" style="s1" xml:id="subtitle538"><span style="s1_1">the one the Latin described.</span></p>
<p begin="28370011669t" end="28400041669t" region="bottomCenter" style="s1" xml:id="subtitle539"><span style="s1_1">We breached the wall with</span><br/><span style="s1_1">little more than battering rams.</span></p>
<p begin="28410882499t" end="28434656249t" region="bottomCenter" style="s1" xml:id="subtitle540"><span style="s1_1">But our men were wedged into a dead end.</span></p>
<p begin="28452594169t" end="28469270829t" region="bottomCenter" style="s1" xml:id="subtitle541"><span style="s1_1">Death rained down upon us.</span></p>
<p begin="28485126669t" end="28514315829t" region="bottomCenter" style="s1" xml:id="subtitle542"><span style="s1_1">Oil, fire, arrows...</span></p>
<p begin="28520992499t" end="28534335829t" region="bottomCenter" style="s1" xml:id="subtitle543"><span style="s1_1">Men died.</span></p>
<p begin="28535176669t" end="28555196669t" region="bottomCenter" style="s1" xml:id="subtitle544"><span style="s1_1">Mongols died...</span></p>
<p begin="28556027499t" end="28601072499t" region="bottomCenter" style="s1" xml:id="subtitle545"><span style="s1_1">because Master Marco</span><br/><span style="s1_1">pointed our army into a trap.</span></p>
<p begin="28614836249t" end="28662383749t" region="bottomCenter" style="s1" xml:id="subtitle546">It was bait, Sire,<br/>the weakness in the wall.</p>
<p begin="28663214579t" end="28682824169t" region="bottomCenter" style="s1" xml:id="subtitle547">Jia Sidao drew us into a trap.</p>
<p begin="28705757079t" end="28745386669t" region="bottomCenter" style="s1" xml:id="subtitle548">-I am sorry, Great Khan--<br/>-Why do you feign contrition, Latin?</p>
<p begin="28746217499t" end="28781672919t" region="bottomCenter" style="s1" xml:id="subtitle549">Why are you not at the breast<br/>of your master, Jia Sidao?</p>
<p begin="28782503749t" end="28792934169t" region="bottomCenter" style="s1" xml:id="subtitle550">Huh?</p>
<p begin="28793764999t" end="28820872079t" region="bottomCenter" style="s1" xml:id="subtitle551">You delivered us to the devil!<br/>You betrayed us!</p>
<p begin="28821712919t" end="28845066249t" region="bottomCenter" style="s1" xml:id="subtitle552">You brought us to<br/>our knees at the wall!</p>
<p begin="28873424579t" end="28891362499t" region="bottomCenter" style="s1" xml:id="subtitle553">Father...</p>
<p begin="28892193329t" end="28922223329t" region="bottomCenter" style="s1" xml:id="subtitle554">he has brought us nothing but ruin.</p>
<p begin="28923064169t" end="28939740829t" region="bottomCenter" style="s1" xml:id="subtitle555">You can see it.</p>
<p begin="28940581669t" end="28959350419t" region="bottomCenter" style="s1" xml:id="subtitle556">You can all see it!</p>
<p begin="28960181249t" end="28992293329t" region="bottomCenter" style="s1" xml:id="subtitle557">I devote myself to you, Great Khan.</p>
<p begin="28993134169t" end="29008559579t" region="bottomCenter" style="s1" xml:id="subtitle558">Enough of your twisted talk!</p>
<p begin="29059450419t" end="29081132079t" region="bottomCenter" style="s1" xml:id="subtitle559">You would protect him?</p>
<p begin="29081972919t" end="29109500419t" region="bottomCenter" style="s1" xml:id="subtitle560">He is not one of us, brother.</p>
<p begin="29110331249t" end="29129930829t" region="bottomCenter" style="s1" xml:id="subtitle561">He is the rot within our bones.</p>
<p begin="29130771669t" end="29157047919t" region="bottomCenter" style="s1" xml:id="subtitle562">He reported what he saw...</p>
<p begin="29157878749t" end="29176647499t" region="bottomCenter" style="s1" xml:id="subtitle563">as he was asked to do.</p>
<p begin="29329299999t" end="29339730419t" region="bottomCenter" style="s1" xml:id="subtitle564">Father...</p>
<p begin="29368509169t" end="29383103749t" region="bottomCenter" style="s1" xml:id="subtitle565">what shall we do?</p>
<p begin="29451091669t" end="29466106669t" region="bottomCenter" style="s1" xml:id="subtitle566">Retreat.</p>
<p begin="29524494999t" end="29544514999t" region="bottomCenter" style="s1" xml:id="subtitle567">[theme music playing]</p>
</div>
</body>
</tt>
