<?xml version="1.0" encoding="UTF-8" standalone="no"?>
<tt xmlns:tt="http://www.w3.org/ns/ttml" xmlns:ttm="http://www.w3.org/ns/ttml#metadata" xmlns:ttp="http://www.w3.org/ns/ttml#parameter" xmlns:tts="http://www.w3.org/ns/ttml#styling" ttp:tickRate="10000000" ttp:timeBase="media" xmlns="http://www.w3.org/ns/ttml">
<head>
<ttp:profile use="http://netflix.com/ttml/profile/dfxp-ls-sdh"/>
<styling>
<style tts:color="white" tts:fontSize="100%" tts:fontWeight="normal" xml:id="s1"/>
<style tts:color="white" tts:fontSize="100%" tts:fontStyle="italic" tts:fontWeight="normal" xml:id="s1_1"/>
</styling>
<layout>
<region tts:displayAlign="after" tts:extent="80.00% 80.00%" tts:origin="10.00% 10.00%" tts:textAlign="center" xml:id="bottomCenter"/>
</layout>
</head>
<body>
<div xml:space="preserve">
<p begin="110530419t" end="134714580t" region="bottomCenter" style="s1" xml:id="subtitle0">[theme music plays]</p>
<p begin="1003502499t" end="1054383329t" region="bottomCenter" style="s1" xml:id="subtitle1">-[frogs croaking]<br/>-[birds chirping]</p>
<p begin="1140719580t" end="1160739580t" region="bottomCenter" style="s1" xml:id="subtitle2">-[sword slicing]<br/>-[body thudding]</p>
<p begin="1199528330t" end="1212881670t" region="bottomCenter" style="s1" xml:id="subtitle3">-[slicing continues]<br/>-[thudding continues]</p>
<p begin="1263762500t" end="1284613330t" region="bottomCenter" style="s1" xml:id="subtitle4">-[slicing continues]<br/>-[thudding continues]</p>
<p begin="1328407080t" end="1341340000t" region="bottomCenter" style="s1" xml:id="subtitle5">-[slicing continues]<br/>-[thudding continues]</p>
<p begin="1391810420t" end="1409327920t" region="bottomCenter" style="s1" xml:id="subtitle6">-[slicing continues]<br/>-[thudding continues]</p>
<p begin="1458957500t" end="1471470000t" region="bottomCenter" style="s1" xml:id="subtitle7">[sword slicing]</p>
<p begin="1513181670t" end="1530699170t" region="bottomCenter" style="s1" xml:id="subtitle8">In kung fu, we say...</p>
<p begin="1531530000t" end="1548627080t" region="bottomCenter" style="s1" xml:id="subtitle9">"One hand lies...</p>
<p begin="1549467920t" end="1563642080t" region="bottomCenter" style="s1" xml:id="subtitle10">[both grunting]</p>
<p begin="1581159580t" end="1598677080t" region="bottomCenter" style="s1" xml:id="subtitle11">[groans]</p>
<p begin="1599517920t" end="1627455830t" region="bottomCenter" style="s1" xml:id="subtitle12">...the other hand tells the truth."</p>
<p begin="1642891250t" end="1659988330t" region="bottomCenter" style="s1" xml:id="subtitle13">[Marco] Try that again.</p>
<p begin="1672500830t" end="1697115419t" region="bottomCenter" style="s1" xml:id="subtitle14">If you, one day,<br/>make it back to the West...</p>
<p begin="1707125419t" end="1746324579t" region="bottomCenter" style="s1" xml:id="subtitle15">what will you tell men<br/>of this strange word, "kung fu"?</p>
<p begin="1747165419t" end="1780528749t" region="bottomCenter" style="s1" xml:id="subtitle16">Will you tell them that it means to fight?</p>
<p begin="1781359579t" end="1791789999t" region="bottomCenter" style="s1" xml:id="subtitle17">Or will you say...</p>
<p begin="1792620829t" end="1808887079t" region="bottomCenter" style="s1" xml:id="subtitle18">like a monk from Shaolin...</p>
<p begin="1809727919t" end="1831409579t" region="bottomCenter" style="s1" xml:id="subtitle19">[inhales sharply]<br/>to summon the spirit...</p>
<p begin="1841419579t" end="1861859999t" region="bottomCenter" style="s1" xml:id="subtitle20">of the crane and the tiger?</p>
<p begin="1888136249t" end="1905653749t" region="bottomCenter" style="s1" xml:id="subtitle21">[groans]</p>
<p begin="1920248329t" end="1936104169t" region="bottomCenter" style="s1" xml:id="subtitle22">[panting]</p>
<p begin="1936934999t" end="1947365419t" region="bottomCenter" style="s1" xml:id="subtitle23">Kung fu.</p>
<p begin="1979477499t" end="2019937919t" region="bottomCenter" style="s1" xml:id="subtitle24">It means, "supreme skill from hard work."</p>
<p begin="2039537499t" end="2069147079t" region="bottomCenter" style="s1" xml:id="subtitle25">[Hundred Eyes]<br/><span style="s1_1">A great poet has reached kung fu.</span></p>
<p begin="2091669579t" end="2122119999t" region="bottomCenter" style="s1" xml:id="subtitle26"><span style="s1_1">The painter, the calligrapher...</span></p>
<p begin="2122950829t" end="2152980830t" region="bottomCenter" style="s1" xml:id="subtitle27"><span style="s1_1">they can be said to have kung fu.</span></p>
<p begin="2187185000t" end="2228896670t" region="bottomCenter" style="s1" xml:id="subtitle28"><span style="s1_1">Even the cook,</span><br/><span style="s1_1">the one who sweeps steps...</span></p>
<p begin="2229727500t" end="2250578330t" region="bottomCenter" style="s1" xml:id="subtitle29"><span style="s1_1">or a masterful servant...</span></p>
<p begin="2251419170t" end="2281449170t" region="bottomCenter" style="s1" xml:id="subtitle30"><span style="s1_1">can have kung fu.</span></p>
<p begin="2292290000t" end="2325242920t" region="bottomCenter" style="s1" xml:id="subtitle31"><span style="s1_1">Practice. Preparation...</span></p>
<p begin="2326073750t" end="2358185830t" region="bottomCenter" style="s1" xml:id="subtitle32"><span style="s1_1">endless repetition.</span></p>
<p begin="2359026670t" end="2397815420t" region="bottomCenter" style="s1" xml:id="subtitle33"><span style="s1_1">Until your mind is weary,</span><br/><span style="s1_1">and your bones ache.</span></p>
<p begin="2398646250t" end="2429096670t" region="bottomCenter" style="s1" xml:id="subtitle34"><span style="s1_1">Until you're too tired to sweat...</span></p>
<p begin="2429927500t" end="2452870420t" region="bottomCenter" style="s1" xml:id="subtitle35"><span style="s1_1">too wasted to breathe.</span></p>
<p begin="2501669170t" end="2514592080t" region="bottomCenter" style="s1" xml:id="subtitle36">[groans]</p>
<p begin="2534201670t" end="2563390830t" region="bottomCenter" style="s1" xml:id="subtitle37">That is the way, the only way...</p>
<p begin="2564231670t" end="2586754170t" region="bottomCenter" style="s1" xml:id="subtitle38">one acquires kung fu.</p>
<p begin="2600517920t" end="2610527920t" region="bottomCenter" style="s1" xml:id="subtitle39">[grunting]</p>
<p begin="2658485830t" end="2682259580t" region="bottomCenter" style="s1" xml:id="subtitle40">Unfortunately, boy...</p>
<p begin="2683100420t" end="2696864170t" region="bottomCenter" style="s1" xml:id="subtitle41">you have not.</p>
<p begin="3090587500t" end="3118115000t" region="bottomCenter" style="s1" xml:id="subtitle42">A more fearsome army, I have never seen!</p>
<p begin="3118945830t" end="3143140000t" region="bottomCenter" style="s1" xml:id="subtitle43">It is no wonder the barbarians fled.</p>
<p begin="3143970830t" end="3162329170t" region="bottomCenter" style="s1" xml:id="subtitle44">[soldiers yelling in Mandarin]</p>
<p begin="3185682500t" end="3195692500t" region="bottomCenter" style="s1" xml:id="subtitle45">[speaking English]<br/>Yet...</p>
<p begin="3207784580t" end="3233650420t" region="bottomCenter" style="s1" xml:id="subtitle46">it has come to the attention<br/>of your Chancellor...</p>
<p begin="3234481250t" end="3273690420t" region="bottomCenter" style="s1" xml:id="subtitle47">that some of his soldiers have questioned<br/>the political order of the Song court...</p>
<p begin="3274521250t" end="3319145830t" region="bottomCenter" style="s1" xml:id="subtitle48">now that the Emperor<br/>has passed beyond our world.</p>
<p begin="3319986670t" end="3343760420t" region="bottomCenter" style="s1" xml:id="subtitle49">General.</p>
<p begin="3344591250t" end="3370867499t" region="bottomCenter" style="s1" xml:id="subtitle50">Who is the most supreme fighter<br/>within your ranks?</p>
<p begin="3371698329t" end="3385462079t" region="bottomCenter" style="s1" xml:id="subtitle51">Yang Chun.</p>
<p begin="3405902499t" end="3426753329t" region="bottomCenter" style="s1" xml:id="subtitle52">In Shantung Province, he is known as...</p>
<p begin="3427594169t" end="3443019579t" region="bottomCenter" style="s1" xml:id="subtitle53">"Whirlwind Tiger."</p>
<p begin="3453029579t" end="3486813329t" region="bottomCenter" style="s1" xml:id="subtitle54">He has mastered the<br/>Five Animal Styles of Shaolin.</p>
<p begin="3487654169t" end="3523099579t" region="bottomCenter" style="s1" xml:id="subtitle55">May Song dynasty endure 10,000 years!</p>
<p begin="3582328749t" end="3625702079t" region="bottomCenter" style="s1" xml:id="subtitle56">What do the men say about your<br/>Cricket Minister's praying mantis games?</p>
<p begin="3648644999t" end="3677423749t" region="bottomCenter" style="s1" xml:id="subtitle57">With humility and respect...</p>
<p begin="3678254579t" end="3714130419t" region="bottomCenter" style="s1" xml:id="subtitle58">some have spoken of<br/>the Chancellor's insect games as a...</p>
<p begin="3731227499t" end="3747493749t" region="bottomCenter" style="s1" xml:id="subtitle59">curious hobby.</p>
<p begin="3764590829t" end="3798794999t" region="bottomCenter" style="s1" xml:id="subtitle60">Those were the only words whispered,<br/>My Chancellor.</p>
<p begin="3835912079t" end="3847593749t" region="bottomCenter" style="s1" xml:id="subtitle61">Demonstrate...</p>
<p begin="3857183329t" end="3887213329t" region="bottomCenter" style="s1" xml:id="subtitle62">why the name Whirlwind Tiger is so famous.</p>
<p begin="3900566669t" end="3933099169t" region="bottomCenter" style="s1" xml:id="subtitle63">Defeat me,<br/>and you are promoted to a command post</p>
<p begin="3933929999t" end="3960206249t" region="bottomCenter" style="s1" xml:id="subtitle64">with all its residual income<br/>and pleasures.</p>
<p begin="3969795829t" end="3993989999t" region="bottomCenter" style="s1" xml:id="subtitle65">However... should I defeat you...</p>
<p begin="4003579579t" end="4022768749t" region="bottomCenter" style="s1" xml:id="subtitle66">you are my chamber boy.</p>
<p begin="4164159999t" end="4174169999t" region="bottomCenter" style="s1" xml:id="subtitle67">[yelling]</p>
<p begin="4448193750t" end="4459034580t" region="bottomCenter" style="s1" xml:id="subtitle68">-[bones cracking]<br/>-[screaming]</p>
<p begin="4558724170t" end="4577903330t" region="bottomCenter" style="s1" xml:id="subtitle69">Praying Mantis Kung Fu.</p>
<p begin="4588754170t" end="4610435830t" region="bottomCenter" style="s1" xml:id="subtitle70">Curious little hobby?</p>
<p begin="4611276670t" end="4622948330t" region="bottomCenter" style="s1" xml:id="subtitle71">[neck snapping]</p>
<p begin="4898643750t" end="4921997080t" region="bottomCenter" style="s1" xml:id="subtitle72">Ariq was my brother.</p>
<p begin="4922837920t" end="4944109170t" region="bottomCenter" style="s1" xml:id="subtitle73">But he was a traitor.</p>
<p begin="4944940000t" end="4960785830t" region="bottomCenter" style="s1" xml:id="subtitle74">Now, he is dead.</p>
<p begin="4974139170t" end="5010835830t" region="bottomCenter" style="s1" xml:id="subtitle75">I took his head,<br/>soaked the earth with his blood...</p>
<p begin="5035860830t" end="5082157080t" region="bottomCenter" style="s1" xml:id="subtitle76">I loved him as a brother,<br/>but I killed him as a traitor.</p>
<p begin="5093838750t" end="5132627500t" region="bottomCenter" style="s1" xml:id="subtitle77">In my heart and by our laws...</p>
<p begin="5133458330t" end="5169744580t" region="bottomCenter" style="s1" xml:id="subtitle78">I know this to be necessary and just.</p>
<p begin="5170585420t" end="5207282080t" region="bottomCenter" style="s1" xml:id="subtitle79">Those who disagree with my actions,<br/>speak now without repercussion.</p>
<p begin="5342417080t" end="5380375000t" region="bottomCenter" style="s1" xml:id="subtitle80">That is the last<br/>we shall speak of my brother.</p>
<p begin="5381205830t" end="5412907500t" region="bottomCenter" style="s1" xml:id="subtitle81">Cousin Kaidu will inherit his lands,</p>
<p begin="5413738330t" end="5437512080t" region="bottomCenter" style="s1" xml:id="subtitle82">his armies, his people.</p>
<p begin="5452947500t" end="5464208750t" region="bottomCenter" style="s1" xml:id="subtitle83">Now...</p>
<p begin="5465039580t" end="5495910420t" region="bottomCenter" style="s1" xml:id="subtitle84">as to the war deferred<br/>with the Song rebels...</p>
<p begin="5496741250t" end="5523017500t" region="bottomCenter" style="s1" xml:id="subtitle85">We were dishonored<br/>at the Battle of Wuchang.</p>
<p begin="5533027500t" end="5556801250t" region="bottomCenter" style="s1" xml:id="subtitle86">We must visit hell<br/>upon the Cricket Minister.</p>
<p begin="5557632080t" end="5585159580t" region="bottomCenter" style="s1" xml:id="subtitle87">With respect to my cousin, Jingim...</p>
<p begin="5595169580t" end="5623537920t" region="bottomCenter" style="s1" xml:id="subtitle88">the Khan must now assert his dominion.</p>
<p begin="5646060420t" end="5662326670t" region="bottomCenter" style="s1" xml:id="subtitle89">Our forces?</p>
<p begin="5663157500t" end="5697772080t" region="bottomCenter" style="s1" xml:id="subtitle90">With Karakorum's men<br/>finally standing ready...</p>
<p begin="5698612920t" end="5721545830t" region="bottomCenter" style="s1" xml:id="subtitle91">-you are two armies strong.<br/>-Three.</p>
<p begin="5731555830t" end="5764508750t" region="bottomCenter" style="s1" xml:id="subtitle92">The armies of the West<br/>are prepared for battle, Great Khan.</p>
<p begin="5765339580t" end="5784949170t" region="bottomCenter" style="s1" xml:id="subtitle93">We await your command.</p>
<p begin="5870034170t" end="5886710830t" region="bottomCenter" style="s1" xml:id="subtitle94">I have much to think on.</p>
<p begin="5920494580t" end="5932596670t" region="bottomCenter" style="s1" xml:id="subtitle95">[Kaidu] Great Khan...</p>
<p begin="5959703750t" end="5981805830t" region="bottomCenter" style="s1" xml:id="subtitle96">Tomorrow evening,<br/>at my encampment, if I may...</p>
<p begin="5993067080t" end="6010584580t" region="bottomCenter" style="s1" xml:id="subtitle97">I invite you to a feast...</p>
<p begin="6011425420t" end="6030604580t" region="bottomCenter" style="s1" xml:id="subtitle98">in your honor.</p>
<p begin="6031445420t" end="6044368330t" region="bottomCenter" style="s1" xml:id="subtitle99">[chuckling]</p>
<p begin="6054798750t" end="6066480420t" region="bottomCenter" style="s1" xml:id="subtitle100">I will attend, Kaidu.</p>
<p begin="6067311250t" end="6083577500t" region="bottomCenter" style="s1" xml:id="subtitle101">Thank you.</p>
<p begin="6084408330t" end="6099423330t" region="bottomCenter" style="s1" xml:id="subtitle102">[door opening]</p>
<p begin="6188682500t" end="6215379170t" region="bottomCenter" style="s1" xml:id="subtitle103">A tribute from the Song Chancellor,<br/>Great Khan.</p>
<p begin="6441855420t" end="6452275830t" region="bottomCenter" style="s1" xml:id="subtitle104">[flies buzzing]</p>
<p begin="6453116670t" end="6488982500t" region="bottomCenter" style="s1" xml:id="subtitle105">How many Song prisoners<br/>did we take at Wuchang?</p>
<p begin="6489813330t" end="6512335830t" region="bottomCenter" style="s1" xml:id="subtitle106">[Jingim] A mere dozen, Father.</p>
<p begin="6717540830t" end="6735899169t" region="bottomCenter" style="s1" xml:id="subtitle107">[court murmuring]</p>
<p begin="6766339579t" end="6813056249t" region="bottomCenter" style="s1" xml:id="subtitle108">Rip their bodies asunder, Sire.<br/>Send Sidao their parts.</p>
<p begin="6813887079t" end="6857270419t" region="bottomCenter" style="s1" xml:id="subtitle109">[Kublai] My Minister of Finance,<br/>identify these brave warriors.</p>
<p begin="6858101249t" end="6887710829t" region="bottomCenter" style="s1" xml:id="subtitle110">See their families receive<br/>tribute from the treasury.</p>
<p begin="6888551669t" end="6915658749t" region="bottomCenter" style="s1" xml:id="subtitle111">That is your place.</p>
<p begin="6916489579t" end="6938601669t" region="bottomCenter" style="s1" xml:id="subtitle112">It will be done, Sire.</p>
<p begin="7025348329t" end="7041204169t" region="bottomCenter" style="s1" xml:id="subtitle113">[goats bleating]</p>
<p begin="7333996669t" end="7359021669t" region="bottomCenter" style="s1" xml:id="subtitle114">[Nima] To service the Khan<br/>is not merely an honor...</p>
<p begin="7359852499t" end="7374867499t" region="bottomCenter" style="s1" xml:id="subtitle115">it is a blessing.</p>
<p begin="7375698329t" end="7417830419t" region="bottomCenter" style="s1" xml:id="subtitle116">To be sure, those who satisfy the<br/>Lord Khan's carnal needs here on Earth...</p>
<p begin="7418661249t" end="7451614169t" region="bottomCenter" style="s1" xml:id="subtitle117">will be granted supreme favor<br/>in the next life.</p>
<p begin="7452444999t" end="7482895419t" region="bottomCenter" style="s1" xml:id="subtitle118">As well as 20 karats of gold.</p>
<p begin="7483726249t" end="7510422919t" region="bottomCenter" style="s1" xml:id="subtitle119">You will be tested<br/>by the royal concubines.</p>
<p begin="7511253749t" end="7542955419t" region="bottomCenter" style="s1" xml:id="subtitle120">The most proficient in the art of arousal<br/>will earn the privilege</p>
<p begin="7543786249t" end="7567559999t" region="bottomCenter" style="s1" xml:id="subtitle121">of residing permanently here...</p>
<p begin="7568390829t" end="7603015419t" region="bottomCenter" style="s1" xml:id="subtitle122">in our Great Khan's<br/>Hall of Five Desires.</p>
<p begin="7603846249t" end="7643886249t" region="bottomCenter" style="s1" xml:id="subtitle123">By "permanently,"<br/>I mean just that.</p>
<p begin="7644717079t" end="7672664999t" region="bottomCenter" style="s1" xml:id="subtitle124">If selected, you will remain<br/>in the Hall of Five Desires</p>
<p begin="7673495829t" end="7692684999t" region="bottomCenter" style="s1" xml:id="subtitle125">until released from royal service.</p>
<p begin="7703946249t" end="7731894169t" region="bottomCenter" style="s1" xml:id="subtitle126">If you are chosen<br/>to become a Royal Concubine...</p>
<p begin="7732724999t" end="7753575829t" region="bottomCenter" style="s1" xml:id="subtitle127">all needs will be met.</p>
<p begin="7754416669t" end="7783195419t" region="bottomCenter" style="s1" xml:id="subtitle128">Those not chosen will be delivered<br/>to the Ministry of Finance</p>
<p begin="7784026249t" end="7809051249t" region="bottomCenter" style="s1" xml:id="subtitle129">to be sold off to the Khan's court.</p>
<p begin="7820732919t" end="7864937079t" region="bottomCenter" style="s1" xml:id="subtitle130">Those unclaimed by the court will be<br/>sold to whorehouses in outer Cambulac.</p>
<p begin="7902894999t" end="7931673749t" region="bottomCenter" style="s1" xml:id="subtitle131">Perform as though<br/>your life depends upon it.</p>
<p begin="7941263329t" end="7958370419t" region="bottomCenter" style="s1" xml:id="subtitle132">It most likely does.</p>
<p begin="10006666670t" end="10026686670t" region="bottomCenter" style="s1" xml:id="subtitle133">[boisterous chatter]</p>
<p begin="10297367080t" end="10310720420t" region="bottomCenter" style="s1" xml:id="subtitle134">Horseman. Sit.</p>
<p begin="10311551250t" end="10325315000t" region="bottomCenter" style="s1" xml:id="subtitle135">I'm in a hurry.</p>
<p begin="10326145830t" end="10337827500t" region="bottomCenter" style="s1" xml:id="subtitle136">I said sit.</p>
<p begin="10338658330t" end="10363272920t" region="bottomCenter" style="s1" xml:id="subtitle137">Business done quickly<br/>is business done badly.</p>
<p begin="10364103750t" end="10396636250t" region="bottomCenter" style="s1" xml:id="subtitle138">Do you want me to do bad business, hmm?</p>
<p begin="10449609170t" end="10465875420t" region="bottomCenter" style="s1" xml:id="subtitle139">There.</p>
<p begin="10466706250t" end="10489228750t" region="bottomCenter" style="s1" xml:id="subtitle140">Eyeball to eyeball.</p>
<p begin="10499238750t" end="10534273750t" region="bottomCenter" style="s1" xml:id="subtitle141">Now, we can either deal...</p>
<p begin="10550119580t" end="10560129580t" region="bottomCenter" style="s1" xml:id="subtitle142">or fuck.</p>
<p begin="10583492920t" end="10605174580t" region="bottomCenter" style="s1" xml:id="subtitle143">Your choice.</p>
<p begin="10697356670t" end="10711951250t" region="bottomCenter" style="s1" xml:id="subtitle144">Your loss.</p>
<p begin="10805374580t" end="10816225420t" region="bottomCenter" style="s1" xml:id="subtitle145">It's opal and silver.</p>
<p begin="10817056250t" end="10827066250t" region="bottomCenter" style="s1" xml:id="subtitle146">And?</p>
<p begin="10827897080t" end="10846255420t" region="bottomCenter" style="s1" xml:id="subtitle147">Last time, you gave me twice that.</p>
<p begin="10847086250t" end="10860429580t" region="bottomCenter" style="s1" xml:id="subtitle148">I had bad month.</p>
<p begin="10913822920t" end="10928417500t" region="bottomCenter" style="s1" xml:id="subtitle149">Hold, Europa.</p>
<p begin="10939258330t" end="10963032080t" region="bottomCenter" style="s1" xml:id="subtitle150">What's your business here?</p>
<p begin="10975134170t" end="11003492500t" region="bottomCenter" style="s1" xml:id="subtitle151">I'm a customer with coin.<br/>Let me pass.</p>
<p begin="11066475420t" end="11076485420t" region="bottomCenter" style="s1" xml:id="subtitle152">[Altan] Hey.</p>
<p begin="11077316250t" end="11104423330t" region="bottomCenter" style="s1" xml:id="subtitle153">Where is the man<br/>who owns the bay gelding outside?</p>
<p begin="11105264170t" end="11127786670t" region="bottomCenter" style="s1" xml:id="subtitle154">Go ask the horse, Latin.</p>
<p begin="11141960830t" end="11155724580t" region="bottomCenter" style="s1" xml:id="subtitle155">[Marco grunting]</p>
<p begin="11518176670t" end="11540699170t" region="bottomCenter" style="s1" xml:id="subtitle156">The grassland was<br/>sweet and cool tonight, Za Bing.</p>
<p begin="11550709170t" end="11563221670t" region="bottomCenter" style="s1" xml:id="subtitle157">So much like my old home.</p>
<p begin="11564052500t" end="11581990420t" region="bottomCenter" style="s1" xml:id="subtitle158">And so much like his.</p>
<p begin="11582821250t" end="11608677080t" region="bottomCenter" style="s1" xml:id="subtitle159">What treasure<br/>did you leave for him this night?</p>
<p begin="11624532920t" end="11644963330t" region="bottomCenter" style="s1" xml:id="subtitle160">You know better than to ask.</p>
<p begin="11645804170t" end="11667906250t" region="bottomCenter" style="s1" xml:id="subtitle161">My ignorance is not deep enough<br/>to protect me.</p>
<p begin="11668737080t" end="11694182500t" region="bottomCenter" style="s1" xml:id="subtitle162">And I do not trust the scoundrel<br/>to protect you.</p>
<p begin="11695013330t" end="11711700000t" region="bottomCenter" style="s1" xml:id="subtitle163">Tulga would not hurt me.</p>
<p begin="11712530830t" end="11734642920t" region="bottomCenter" style="s1" xml:id="subtitle164">As long as the jewels come.</p>
<p begin="11746314580t" end="11765503750t" region="bottomCenter" style="s1" xml:id="subtitle165">As long as he harbors hope to be with me.</p>
<p begin="11766334580t" end="11799707920t" region="bottomCenter" style="s1" xml:id="subtitle166">That tether will weaken, Kokachin.<br/>And he will expose you.</p>
<p begin="11800538750t" end="11812220420t" region="bottomCenter" style="s1" xml:id="subtitle167">This must stop.</p>
<p begin="11864352500t" end="11879787920t" region="bottomCenter" style="s1" xml:id="subtitle168">Whom do you serve?</p>
<p begin="11908146250t" end="11934002080t" region="bottomCenter" style="s1" xml:id="subtitle169">We speak of this no more.</p>
<p begin="11934842920t" end="11947765830t" region="bottomCenter" style="s1" xml:id="subtitle170">And you have nothing to fear.</p>
<p begin="11948606670t" end="11979887920t" region="bottomCenter" style="s1" xml:id="subtitle171">That is precisely what I am bid to do.<br/>Fear.</p>
<p begin="11980718750t" end="12003241250t" region="bottomCenter" style="s1" xml:id="subtitle172">I must protect you.</p>
<p begin="12024512500t" end="12057045000t" region="bottomCenter" style="s1" xml:id="subtitle173">And as you protect me...<br/>I will protect you,</p>
<p begin="12057875830t" end="12079567500t" region="bottomCenter" style="s1" xml:id="subtitle174">Za Bing.</p>
<p begin="12094582500t" end="12122110000t" region="bottomCenter" style="s1" xml:id="subtitle175">You're my only friend in this world.</p>
<p begin="12159227080t" end="12195513330t" region="bottomCenter" style="s1" xml:id="subtitle176">[Ling Ling singing in Mandarin]</p>
<p begin="12316884580t" end="12330648330t" region="bottomCenter" style="s1" xml:id="subtitle177">[speaking English]<br/>Sunflower?</p>
<p begin="12350257920t" end="12365272920t" region="bottomCenter" style="s1" xml:id="subtitle178">Where is your servant?</p>
<p begin="12366103750t" end="12386544170t" region="bottomCenter" style="s1" xml:id="subtitle179">Attending to my breakfast.</p>
<p begin="12401559170t" end="12426584170t" region="bottomCenter" style="s1" xml:id="subtitle180">Excellent. Enjoy.</p>
<p begin="12439507080t" end="12469537080t" region="bottomCenter" style="s1" xml:id="subtitle181">[Ling Ling continues singing]</p>
<p begin="12610097500t" end="12633871250t" region="bottomCenter" style="s1" xml:id="subtitle182">[wine pouring]</p>
<p begin="12634702080t" end="12663480830t" region="bottomCenter" style="s1" xml:id="subtitle183">[sighing]<br/>Why would he summon me?</p>
<p begin="12673080420t" end="12686844170t" region="bottomCenter" style="s1" xml:id="subtitle184">My suspicion?</p>
<p begin="12687675000t" end="12698105420t" region="bottomCenter" style="s1" xml:id="subtitle185">Yes?</p>
<p begin="12698936250t" end="12726884170t" region="bottomCenter" style="s1" xml:id="subtitle186">Is that you will discover<br/>the answer to your question...</p>
<p begin="12727715000t" end="12740647920t" region="bottomCenter" style="s1" xml:id="subtitle187">rather soon.</p>
<p begin="12741478750t" end="12775682920t" region="bottomCenter" style="s1" xml:id="subtitle188">Perhaps you might lend your<br/>venerable insight to another query.</p>
<p begin="12776513750t" end="12801118330t" region="bottomCenter" style="s1" xml:id="subtitle189">I would rather enjoy my wine.</p>
<p begin="12801959170t" end="12833650830t" region="bottomCenter" style="s1" xml:id="subtitle190">The Bayaut tribe. Who are they?</p>
<p begin="12834491670t" end="12882449580t" region="bottomCenter" style="s1" xml:id="subtitle191">I grasp the spirit of your question.<br/>Tread carefully, Master Polo.</p>
<p begin="12883290420t" end="12917484580t" region="bottomCenter" style="s1" xml:id="subtitle192">Her parents, siblings, countrymen...</p>
<p begin="12918325420t" end="12953770830t" region="bottomCenter" style="s1" xml:id="subtitle193">they were slaughtered<br/>for refusing to bend to the Khan's will.</p>
<p begin="12954611670t" end="12983800830t" region="bottomCenter" style="s1" xml:id="subtitle194">The Blue Princess is the last of her clan.</p>
<p begin="12984641670t" end="13003820830t" region="bottomCenter" style="s1" xml:id="subtitle195">How did she survive?</p>
<p begin="13004661670t" end="13030097080t" region="bottomCenter" style="s1" xml:id="subtitle196">Her royal blood is valued.</p>
<p begin="13030937920t" end="13063470420t" region="bottomCenter" style="s1" xml:id="subtitle197">She is destined to be sold<br/>for political currency.</p>
<p begin="13064301250t" end="13096413330t" region="bottomCenter" style="s1" xml:id="subtitle198">Steer your eyes from her visage.</p>
<p begin="13097254170t" end="13113930830t" region="bottomCenter" style="s1" xml:id="subtitle199">She is beyond your reach.</p>
<p begin="13123940830t" end="13143130000t" region="bottomCenter" style="s1" xml:id="subtitle200">So I've been told.</p>
<p begin="13297864580t" end="13311628330t" region="bottomCenter" style="s1" xml:id="subtitle201">You called for me, Sire?</p>
<p begin="13329145830t" end="13350417080t" region="bottomCenter" style="s1" xml:id="subtitle202">[Kublai] Do you have brothers?</p>
<p begin="13363350000t" end="13380867500t" region="bottomCenter" style="s1" xml:id="subtitle203">I wish I had.</p>
<p begin="13381698330t" end="13395882500t" region="bottomCenter" style="s1" xml:id="subtitle204">Someone to play with.</p>
<p begin="13412979580t" end="13438845420t" region="bottomCenter" style="s1" xml:id="subtitle205">Someone to conspire with.</p>
<p begin="13452188749t" end="13464280829t" region="bottomCenter" style="s1" xml:id="subtitle206">Brothers...</p>
<p begin="13479716249t" end="13505572079t" region="bottomCenter" style="s1" xml:id="subtitle207">Sometime blessing, sometime curse.</p>
<p begin="13537273749t" end="13559375829t" region="bottomCenter" style="s1" xml:id="subtitle208">Like those in your holy book.</p>
<p begin="13560216669t" end="13581067499t" region="bottomCenter" style="s1" xml:id="subtitle209">Cain and Abel?</p>
<p begin="13581898329t" end="13602338749t" region="bottomCenter" style="s1" xml:id="subtitle210">Tell me of them.</p>
<p begin="13612769169t" end="13634040419t" region="bottomCenter" style="s1" xml:id="subtitle211">Sons of Adam.</p>
<p begin="13634871249t" end="13654470829t" region="bottomCenter" style="s1" xml:id="subtitle212">Cain was the first man to be born.</p>
<p begin="13664480829t" end="13685752079t" region="bottomCenter" style="s1" xml:id="subtitle213">Abel, the first to die.</p>
<p begin="13686592919t" end="13712869169t" region="bottomCenter" style="s1" xml:id="subtitle214">By the blade of his brother, yes?</p>
<p begin="13723289579t" end="13742478749t" region="bottomCenter" style="s1" xml:id="subtitle215">Envious of God's love for Abel,</p>
<p begin="13743309579t" end="13777093329t" region="bottomCenter" style="s1" xml:id="subtitle216">Cain killed his brother,<br/>concealed his body...</p>
<p begin="13777934169t" end="13798364579t" region="bottomCenter" style="s1" xml:id="subtitle217">and lied to the Lord above.</p>
<p begin="13809625829t" end="13825481669t" region="bottomCenter" style="s1" xml:id="subtitle218">What became of the murderer?</p>
<p begin="13842578749t" end="13868854999t" region="bottomCenter" style="s1" xml:id="subtitle219">He bore the mark of Cain...</p>
<p begin="13869685829t" end="13904720829t" region="bottomCenter" style="s1" xml:id="subtitle220">and was cursed to roam the Earth.</p>
<p begin="13905561669t" end="13918904999t" region="bottomCenter" style="s1" xml:id="subtitle221">Endlessly.</p>
<p begin="13933089169t" end="13946012079t" region="bottomCenter" style="s1" xml:id="subtitle222">To this day?</p>
<p begin="13957273329t" end="14006072079t" region="bottomCenter" style="s1" xml:id="subtitle223">No. He wandered until<br/>he could wander no more.</p>
<p begin="14006912919t" end="14026932919t" region="bottomCenter" style="s1" xml:id="subtitle224">So, he took a wife, built a house...</p>
<p begin="14027763749t" end="14064470419t" region="bottomCenter" style="s1" xml:id="subtitle225">and lived there until it collapsed<br/>and crushed him dead.</p>
<p begin="14103259169t" end="14133289169t" region="bottomCenter" style="s1" xml:id="subtitle226">Some say this is an invented story,<br/>nothing more.</p>
<p begin="14134119999t" end="14157893749t" region="bottomCenter" style="s1" xml:id="subtitle227">Meant to impart a greater lesson.</p>
<p begin="14158724579t" end="14177493329t" region="bottomCenter" style="s1" xml:id="subtitle228">Which is?</p>
<p begin="14178334169t" end="14204189999t" region="bottomCenter" style="s1" xml:id="subtitle229">The scholars and historians<br/>of Venice are superior</p>
<p begin="14205020829t" end="14227543329t" region="bottomCenter" style="s1" xml:id="subtitle230">to all others across the land.</p>
<p begin="14228384169t" end="14258414169t" region="bottomCenter" style="s1" xml:id="subtitle231">I have not the studies<br/>to begin to explore such questions.</p>
<p begin="14259244999t" end="14278013749t" region="bottomCenter" style="s1" xml:id="subtitle232">Try.</p>
<p begin="14318884579t" end="14349334999t" region="bottomCenter" style="s1" xml:id="subtitle233">It is in our nature to seek<br/>our brother's possessions.</p>
<p begin="14362678329t" end="14394379999t" region="bottomCenter" style="s1" xml:id="subtitle234">And be willing to destroy to obtain them.</p>
<p begin="14509494999t" end="14536602079t" region="bottomCenter" style="s1" xml:id="subtitle235">Superior to all others, hmm?</p>
<p begin="14551206669t" end="14564970419t" region="bottomCenter" style="s1" xml:id="subtitle236">I did not mean to offend--</p>
<p begin="14565801249t" end="14605841249t" region="bottomCenter" style="s1" xml:id="subtitle237">You shall attend<br/>my cousin Kaidu's feast tonight.</p>
<p begin="14606672079t" end="14632948329t" region="bottomCenter" style="s1" xml:id="subtitle238">I await your thoughts on a lesser culture.</p>
<p begin="14684249579t" end="14699264579t" region="bottomCenter" style="s1" xml:id="subtitle239">Six of them?</p>
<p begin="14700105419t" end="14718453749t" region="bottomCenter" style="s1" xml:id="subtitle240">[Ahmad] The youngest was 16.</p>
<p begin="14719284579t" end="14734719999t" region="bottomCenter" style="s1" xml:id="subtitle241">Maidar's boy. Taban.</p>
<p begin="14735550829t" end="14763078329t" region="bottomCenter" style="s1" xml:id="subtitle242">Taban. [sighs]</p>
<p begin="14763919169t" end="14787692919t" region="bottomCenter" style="s1" xml:id="subtitle243">How many times had I told Maidar...</p>
<p begin="14788523749t" end="14806872079t" region="bottomCenter" style="s1" xml:id="subtitle244">he was not prepared for war.</p>
<p begin="14807712919t" end="14842327499t" region="bottomCenter" style="s1" xml:id="subtitle245">Like you, as a boy,<br/>his head was always in numbers.</p>
<p begin="14843158329t" end="14865270419t" region="bottomCenter" style="s1" xml:id="subtitle246">-And now it's in a thatched trunk.<br/>-[woman moaning]</p>
<p begin="14866101249t" end="14886952079t" region="bottomCenter" style="s1" xml:id="subtitle247">[scoffs] Ahmad. Please.</p>
<p begin="14887792919t" end="14906972079t" region="bottomCenter" style="s1" xml:id="subtitle248">-My apologies, Empress.<br/>-[sighs]</p>
<p begin="14907812919t" end="14920735829t" region="bottomCenter" style="s1" xml:id="subtitle249">[moaning continues]</p>
<p begin="14921576669t" end="14941176249t" region="bottomCenter" style="s1" xml:id="subtitle250">Send Maidar a purse of silver.</p>
<p begin="14950765829t" end="14969534579t" region="bottomCenter" style="s1" xml:id="subtitle251">It is done.</p>
<p begin="14970375419t" end="14989554579t" region="bottomCenter" style="s1" xml:id="subtitle252">The Khan commanded gold.</p>
<p begin="15003318329t" end="15019174169t" region="bottomCenter" style="s1" xml:id="subtitle253">[moaning intensifies]</p>
<p begin="15108843749t" end="15121776669t" region="bottomCenter" style="s1" xml:id="subtitle254">[Ahmad] Impressive.</p>
<p begin="15122607499t" end="15175159999t" region="bottomCenter" style="s1" xml:id="subtitle255">I will not choose my husband's concubines<br/>based upon Shria's judgment.</p>
<p begin="15175990829t" end="15205189999t" region="bottomCenter" style="s1" xml:id="subtitle256">I've seen her faint<br/>when a puppy licked her face.</p>
<p begin="15206020829t" end="15216451249t" region="bottomCenter" style="s1" xml:id="subtitle257">[Ahmad] Well...</p>
<p begin="15217282079t" end="15234799579t" region="bottomCenter" style="s1" xml:id="subtitle258">that's no puppy.</p>
<p begin="15244399169t" end="15264419169t" region="bottomCenter" style="s1" xml:id="subtitle259">[Chabi] Have you already<br/>taken tally, Ahmad?</p>
<p begin="15282767499t" end="15306961669t" region="bottomCenter" style="s1" xml:id="subtitle260">Perhaps you'll add that one to your harem</p>
<p begin="15307792499t" end="15333648329t" region="bottomCenter" style="s1" xml:id="subtitle261">before selling<br/>the castoffs to the brothels?</p>
<p begin="15334489169t" end="15364929579t" region="bottomCenter" style="s1" xml:id="subtitle262">[Ahmad] Whatever turns profits<br/>for the Khan and fills a treasury...</p>
<p begin="15365770419t" end="15378693329t" region="bottomCenter" style="s1" xml:id="subtitle263">I will oversee.</p>
<p begin="15379534169t" end="15398713329t" region="bottomCenter" style="s1" xml:id="subtitle264">As is your duty.</p>
<p begin="15399554169t" end="15412897499t" region="bottomCenter" style="s1" xml:id="subtitle265">[Ahmad]<br/>Yes.</p>
<p begin="15424989579t" end="15440424999t" region="bottomCenter" style="s1" xml:id="subtitle266">But not why I come to you.</p>
<p begin="15455860419t" end="15472957499t" region="bottomCenter" style="s1" xml:id="subtitle267">I know it's not my place, and...</p>
<p begin="15484218749t" end="15501315829t" region="bottomCenter" style="s1" xml:id="subtitle268">I do not wish to overstep my bounds.</p>
<p begin="15502156669t" end="15523838329t" region="bottomCenter" style="s1" xml:id="subtitle269">You are as a son to the Khan and to me.</p>
<p begin="15524679169t" end="15539694169t" region="bottomCenter" style="s1" xml:id="subtitle270">You need not hold your tongue.</p>
<p begin="15540524999t" end="15578062499t" region="bottomCenter" style="s1" xml:id="subtitle271">Have you any insight<br/>into the Khan's private thoughts?</p>
<p begin="15578893329t" end="15596000419t" region="bottomCenter" style="s1" xml:id="subtitle272">Concerning?</p>
<p begin="15596831249t" end="15624779169t" region="bottomCenter" style="s1" xml:id="subtitle273">Spilling the blood of that savage,<br/>Jia Sidao.</p>
<p begin="15625609999t" end="15662727079t" region="bottomCenter" style="s1" xml:id="subtitle274">Hatred does not cease by hatred.</p>
<p begin="15663567919t" end="15678993329t" region="bottomCenter" style="s1" xml:id="subtitle275">But it may be stopped by a saber.</p>
<p begin="15679834169t" end="15706110419t" region="bottomCenter" style="s1" xml:id="subtitle276">Until they eventually<br/>turn the saber back on you.</p>
<p begin="15716120419t" end="15734889169t" region="bottomCenter" style="s1" xml:id="subtitle277">Are these matters of finance, Ahmad?</p>
<p begin="15735719999t" end="15763667919t" region="bottomCenter" style="s1" xml:id="subtitle278">Finance fuels the crucible of war...</p>
<p begin="15764498749t" end="15787441669t" region="bottomCenter" style="s1" xml:id="subtitle279">and its spoils fill our treasury.</p>
<p begin="15788272499t" end="15799533749t" region="bottomCenter" style="s1" xml:id="subtitle280">They are one and the same.</p>
<p begin="15800364579t" end="15829984169t" region="bottomCenter" style="s1" xml:id="subtitle281">Why speak of this to me?<br/>Why not Yusuf?</p>
<p begin="15830814999t" end="15873357499t" region="bottomCenter" style="s1" xml:id="subtitle282">The Khan's ear opens widest<br/>for you, Empress.</p>
<p begin="15897551669t" end="15911315419t" region="bottomCenter" style="s1" xml:id="subtitle283">[Shria continues moaning]</p>
<p begin="16188252079t" end="16199933749t" region="bottomCenter" style="s1" xml:id="subtitle284">You are a magician.</p>
<p begin="16200764579t" end="16223707499t" region="bottomCenter" style="s1" xml:id="subtitle285">You are certain to be selected.</p>
<p begin="16224538329t" end="16258322079t" region="bottomCenter" style="s1" xml:id="subtitle286">[Nima] Report to the Hall of Purification<br/>for cleansing.</p>
<p begin="16320884579t" end="16332566249t" region="bottomCenter" style="s1" xml:id="subtitle287">Stop.</p>
<p begin="16351755419t" end="16369272919t" region="bottomCenter" style="s1" xml:id="subtitle288">Lift up your hair.</p>
<p begin="16424738329t" end="16435999579t" region="bottomCenter" style="s1" xml:id="subtitle289">Sit.</p>
<p begin="16676659999t" end="16705438749t" region="bottomCenter" style="s1" xml:id="subtitle290">When did you meet Ling?</p>
<p begin="16706269579t" end="16736299579t" region="bottomCenter" style="s1" xml:id="subtitle291">I held her on her third day.</p>
<p begin="16761744999t" end="16789692919t" region="bottomCenter" style="s1" xml:id="subtitle292">How did you come to know my sister?</p>
<p begin="16813877079t" end="16830563749t" region="bottomCenter" style="s1" xml:id="subtitle293">You whored together.</p>
<p begin="16858922079t" end="16888952079t" region="bottomCenter" style="s1" xml:id="subtitle294">Mei Lin was my friend.</p>
<p begin="16889792919t" end="16902715829t" region="bottomCenter" style="s1" xml:id="subtitle295">Chancellor.</p>
<p begin="16967370419t" end="16998651669t" region="bottomCenter" style="s1" xml:id="subtitle296">Do you enjoy your current station in life?</p>
<p begin="16999482499t" end="17010323329t" region="bottomCenter" style="s1" xml:id="subtitle297">As concubine?</p>
<p begin="17011164169t" end="17041194169t" region="bottomCenter" style="s1" xml:id="subtitle298">Yes... Chancellor.</p>
<p begin="17042024999t" end="17062465419t" region="bottomCenter" style="s1" xml:id="subtitle299">You may speak freely.</p>
<p begin="17063296249t" end="17077480419t" region="bottomCenter" style="s1" xml:id="subtitle300">I do, Chancellor.</p>
<p begin="17078311249t" end="17130443329t" region="bottomCenter" style="s1" xml:id="subtitle301">It seems to me<br/>that yours is the work of animals.</p>
<p begin="17131284169t" end="17170483329t" region="bottomCenter" style="s1" xml:id="subtitle302">I see no worth in it,<br/>as it speaks to our most base instincts.</p>
<p begin="17180913750t" end="17201354170t" region="bottomCenter" style="s1" xml:id="subtitle303">But I suppose some in life must make do</p>
<p begin="17202185000t" end="17237640420t" region="bottomCenter" style="s1" xml:id="subtitle304">with the meager skills<br/>birth has bestowed upon them.</p>
<p begin="17238471250t" end="17263075830t" region="bottomCenter" style="s1" xml:id="subtitle305">I make no judgment, of course.</p>
<p begin="17298951670t" end="17311874580t" region="bottomCenter" style="s1" xml:id="subtitle306">You are quite stunning.</p>
<p begin="17331894580t" end="17346499170t" region="bottomCenter" style="s1" xml:id="subtitle307">I never took notice.</p>
<p begin="17395297920t" end="17410312920t" region="bottomCenter" style="s1" xml:id="subtitle308">Providence is upon you.</p>
<p begin="17424907500t" end="17456188750t" region="bottomCenter" style="s1" xml:id="subtitle309">Your days will not be spent pinned<br/>beneath stinking flesh on the floor.</p>
<p begin="17465778330t" end="17484547080t" region="bottomCenter" style="s1" xml:id="subtitle310">You are to report every morning<br/>to my sister's chambers</p>
<p begin="17485387920t" end="17497480000t" region="bottomCenter" style="s1" xml:id="subtitle311">to care for my niece.</p>
<p begin="17498310830t" end="17527930420t" region="bottomCenter" style="s1" xml:id="subtitle312">What you do with your nights<br/>is entirely of your choosing.</p>
<p begin="17560042500t" end="17577139580t" region="bottomCenter" style="s1" xml:id="subtitle313">You are excused.</p>
<p begin="17784847080t" end="17799031250t" region="bottomCenter" style="s1" xml:id="subtitle314">[Chabi] No.</p>
<p begin="17827810000t" end="17838650830t" region="bottomCenter" style="s1" xml:id="subtitle315">How old?</p>
<p begin="17839491670t" end="17854506670t" region="bottomCenter" style="s1" xml:id="subtitle316">Nineteen.</p>
<p begin="17902464580t" end="17922905000t" region="bottomCenter" style="s1" xml:id="subtitle317">What of this one's family?</p>
<p begin="17923735830t" end="17946678750t" region="bottomCenter" style="s1" xml:id="subtitle318">Her father works in<br/>the salt mines beyond the Wall.</p>
<p begin="17960862920t" end="17974626670t" region="bottomCenter" style="s1" xml:id="subtitle319">And her?</p>
<p begin="17998810830t" end="18022584580t" region="bottomCenter" style="s1" xml:id="subtitle320">Father died at Wuchang, Empress.</p>
<p begin="18043445420t" end="18056368330t" region="bottomCenter" style="s1" xml:id="subtitle321">Before that?</p>
<p begin="18057209170t" end="18073055000t" region="bottomCenter" style="s1" xml:id="subtitle322">He was a potter.</p>
<p begin="18242394170t" end="18252404170t" region="bottomCenter" style="s1" xml:id="subtitle323">Not you.</p>
<p begin="18287849580t" end="18298280000t" region="bottomCenter" style="s1" xml:id="subtitle324">You.</p>
<p begin="18318300000t" end="18331643330t" region="bottomCenter" style="s1" xml:id="subtitle325">No, Empress, please, you must--</p>
<p begin="18332484170t" end="18346658330t" region="bottomCenter" style="s1" xml:id="subtitle326">"Must"?</p>
<p begin="18368770420t" end="18382944580t" region="bottomCenter" style="s1" xml:id="subtitle327">That is all for the Khan.</p>
<p begin="18397549170t" end="18424235830t" region="bottomCenter" style="s1" xml:id="subtitle328">Take them to be dressed.</p>
<p begin="18488470000t" end="18508490000t" region="bottomCenter" style="s1" xml:id="subtitle329">[Yusuf] Do you attend the feast?</p>
<p begin="18509320830t" end="18541853330t" region="bottomCenter" style="s1" xml:id="subtitle330">My head and my heart<br/>do not yearn for airag this evening.</p>
<p begin="18567298750t" end="18586487920t" region="bottomCenter" style="s1" xml:id="subtitle331">Are you unwell, Sire?</p>
<p begin="18629030420t" end="18663224580t" region="bottomCenter" style="s1" xml:id="subtitle332">A complicated answer<br/>to a simple question.</p>
<p begin="18664065420t" end="18694095420t" region="bottomCenter" style="s1" xml:id="subtitle333">Prince Jingim will stand proxy.<br/>[groans]</p>
<p begin="18717028330t" end="18735386670t" region="bottomCenter" style="s1" xml:id="subtitle334">What do you make of the boy?</p>
<p begin="18761662920t" end="18771672920t" region="bottomCenter" style="s1" xml:id="subtitle335">As heir?</p>
<p begin="18772503750t" end="18793354580t" region="bottomCenter" style="s1" xml:id="subtitle336">No, not that one.<br/>The Latin.</p>
<p begin="18817548750t" end="18850912080t" region="bottomCenter" style="s1" xml:id="subtitle337">He appears... insightful...</p>
<p begin="18851752920t" end="18884695830t" region="bottomCenter" style="s1" xml:id="subtitle338">Passionate... reckless.</p>
<p begin="18906807920t" end="18941002080t" region="bottomCenter" style="s1" xml:id="subtitle339">Time will determine<br/>if he will be of use to the Khanate.</p>
<p begin="19023174170t" end="19035266250t" region="bottomCenter" style="s1" xml:id="subtitle340">Hmm.</p>
<p begin="19055286250t" end="19073224170t" region="bottomCenter" style="s1" xml:id="subtitle341">Good night.</p>
<p begin="19407718330t" end="19428158750t" region="bottomCenter" style="s1" xml:id="subtitle342">[horse neighing]</p>
<p begin="19448178750t" end="19460270830t" region="bottomCenter" style="s1" xml:id="subtitle343">Greetings.</p>
<p begin="19461111670t" end="19480711250t" region="bottomCenter" style="s1" xml:id="subtitle344">Welcome, cousin.</p>
<p begin="19481542080t" end="19516997500t" region="bottomCenter" style="s1" xml:id="subtitle345">We've slaughtered 20 pigs, 30 goats,<br/>and a dozen antelope for the fire...</p>
<p begin="19517828330t" end="19553704170t" region="bottomCenter" style="s1" xml:id="subtitle346">prepared wine and nermel for days.</p>
<p begin="19554535000t" end="19570801250t" region="bottomCenter" style="s1" xml:id="subtitle347">When does the Khan's party arrive?</p>
<p begin="19571632080t" end="19590821250t" region="bottomCenter" style="s1" xml:id="subtitle348">My men are ready to commence.</p>
<p begin="19602502920t" end="19612923330t" region="bottomCenter" style="s1" xml:id="subtitle349">Pour the drink.</p>
<p begin="19625025420t" end="19655465830t" region="bottomCenter" style="s1" xml:id="subtitle350">To begin before the Khan arrives<br/>would be a great dishonor.</p>
<p begin="19693844170t" end="19731792080t" region="bottomCenter" style="s1" xml:id="subtitle351">The Lord Khan<br/>had other matters to attend to?</p>
<p begin="19732632920t" end="19780180420t" region="bottomCenter" style="s1" xml:id="subtitle352">Hobbled by gout...<br/>he sends his regrets, and me in his stead.</p>
<p begin="19821882080t" end="19864424580t" region="bottomCenter" style="s1" xml:id="subtitle353">Then let us honor the General<br/>who led our warriors at Wuchang.</p>
<p begin="19970370420t" end="19994144170t" region="bottomCenter" style="s1" xml:id="subtitle354">May I take your horse, Master Polo?</p>
<p begin="20331561250t" end="20343242920t" region="bottomCenter" style="s1" xml:id="subtitle355">[laughing]</p>
<p begin="20671901250t" end="20689418750t" region="bottomCenter" style="s1" xml:id="subtitle356">[Kublai groaning]</p>
<p begin="20724874170t" end="20754063330t" region="bottomCenter" style="s1" xml:id="subtitle357">Arrows and sabers, I can withstand.</p>
<p begin="20754904170t" end="20773672920t" region="bottomCenter" style="s1" xml:id="subtitle358">But the gout...</p>
<p begin="20774503750t" end="20805785000t" region="bottomCenter" style="s1" xml:id="subtitle359">it's a curse from the Eternal Blue Sky.</p>
<p begin="20806615830t" end="20817046250t" region="bottomCenter" style="s1" xml:id="subtitle360">[Chabi] That...</p>
<p begin="20817877080t" end="20850830000t" region="bottomCenter" style="s1" xml:id="subtitle361">-and an excess of wine.<br/>-Yeah...</p>
<p begin="20879608750t" end="20902962080t" region="bottomCenter" style="s1" xml:id="subtitle362">So much tension, husband.</p>
<p begin="20939248330t" end="20968027080t" region="bottomCenter" style="s1" xml:id="subtitle363">Grandfather appeared to me whilst I slept.</p>
<p begin="20983882920t" end="21021830830t" region="bottomCenter" style="s1" xml:id="subtitle364">Urged me to walk the kingdom with him...</p>
<p begin="21022671670t" end="21049358330t" region="bottomCenter" style="s1" xml:id="subtitle365">and gout wouldn't let me take a step.</p>
<p begin="21072721670t" end="21100659580t" region="bottomCenter" style="s1" xml:id="subtitle366">Genghis laughed at me.</p>
<p begin="21101500420t" end="21121520420t" region="bottomCenter" style="s1" xml:id="subtitle367">He went off on his own.</p>
<p begin="21122351250t" end="21157806670t" region="bottomCenter" style="s1" xml:id="subtitle368">The Great Genghis<br/>did not have a brother like Ariq.</p>
<p begin="21158637500t" end="21189918750t" region="bottomCenter" style="s1" xml:id="subtitle369">A Khan has no qualms or regrets.</p>
<p begin="21221620420t" end="21245804580t" region="bottomCenter" style="s1" xml:id="subtitle370">Ahmad spoke to me.</p>
<p begin="21246645420t" end="21267916670t" region="bottomCenter" style="s1" xml:id="subtitle371">He thinks war is the answer.</p>
<p begin="21268747500t" end="21297105830t" region="bottomCenter" style="s1" xml:id="subtitle372">Why does Ahmad speak to you of war?</p>
<p begin="21309207920t" end="21335484170t" region="bottomCenter" style="s1" xml:id="subtitle373">He is a trusted minister.<br/>I am his Queen.</p>
<p begin="21336315000t" end="21373432080t" region="bottomCenter" style="s1" xml:id="subtitle374">He has much doubt<br/>his Khan will make the true decision.</p>
<p begin="21383442080t" end="21413061670t" region="bottomCenter" style="s1" xml:id="subtitle375">He wanted to use you to sway my mind.</p>
<p begin="21413892500t" end="21438917500t" region="bottomCenter" style="s1" xml:id="subtitle376">Well, he clearly came to the wrong person.</p>
<p begin="21439748330t" end="21452260830t" region="bottomCenter" style="s1" xml:id="subtitle377">[Kublai] Hmm.</p>
<p begin="21463522080t" end="21492721250t" region="bottomCenter" style="s1" xml:id="subtitle378">I should feed his balls to feral cats.</p>
<p begin="21493552080t" end="21523171670t" region="bottomCenter" style="s1" xml:id="subtitle379">-[laughs]<br/>-He takes liberties with his station.</p>
<p begin="21524002500t" end="21555704170t" region="bottomCenter" style="s1" xml:id="subtitle380">He defends you<br/>and wants only the best for you.</p>
<p begin="21556535000t" end="21573632080t" region="bottomCenter" style="s1" xml:id="subtitle381">[sighs deeply]</p>
<p begin="21574472920t" end="21608667080t" region="bottomCenter" style="s1" xml:id="subtitle382">He worries what may come<br/>in the wake of Ariq's death.</p>
<p begin="21618677080t" end="21648707080t" region="bottomCenter" style="s1" xml:id="subtitle383">You counseled me to kill my brother.</p>
<p begin="21659137500t" end="21684162500t" region="bottomCenter" style="s1" xml:id="subtitle384">I did and I did it well.</p>
<p begin="21684993330t" end="21725874170t" region="bottomCenter" style="s1" xml:id="subtitle385">Now, you must consider<br/>all roads before you.</p>
<p begin="21726705000t" end="21763411670t" region="bottomCenter" style="s1" xml:id="subtitle386">But the journey must not linger<br/>in the deliberation.</p>
<p begin="21773421670t" end="21816374580t" region="bottomCenter" style="s1" xml:id="subtitle387">I can only assume you have an opinion<br/>as to which road must be taken.</p>
<p begin="21828476670t" end="21843902080t" region="bottomCenter" style="s1" xml:id="subtitle388">[groaning loudly]</p>
<p begin="21924822920t" end="21948596670t" region="bottomCenter" style="s1" xml:id="subtitle389">Choose wisdom over wrath.</p>
<p begin="21960268330t" end="22000308330t" region="bottomCenter" style="s1" xml:id="subtitle390">Heal any rifts within yourself,<br/>your armies, your people.</p>
<p begin="22016574580t" end="22046604580t" region="bottomCenter" style="s1" xml:id="subtitle391">The Walled City will continue to stand...</p>
<p begin="22047445420t" end="22079977920t" region="bottomCenter" style="s1" xml:id="subtitle392">only to fall at a time of your choosing.</p>
<p begin="22399877500t" end="22424902500t" region="bottomCenter" style="s1" xml:id="subtitle393">[Khutulun] I have heard much of you.</p>
<p begin="22458265830t" end="22481629170t" region="bottomCenter" style="s1" xml:id="subtitle394">Marco... Polo.</p>
<p begin="22502900420t" end="22518746250t" region="bottomCenter" style="s1" xml:id="subtitle395">What does that mean?</p>
<p begin="22545853330t" end="22570047500t" region="bottomCenter" style="s1" xml:id="subtitle396">"The Great Explorer."</p>
<p begin="22570878330t" end="22585062500t" region="bottomCenter" style="s1" xml:id="subtitle397">No.</p>
<p begin="22585893330t" end="22606754170t" region="bottomCenter" style="s1" xml:id="subtitle398">I think it means...</p>
<p begin="22607585000t" end="22623430830t" region="bottomCenter" style="s1" xml:id="subtitle399">"Pale Flower."</p>
<p begin="22624271670t" end="22641789170t" region="bottomCenter" style="s1" xml:id="subtitle400">"Flower"?</p>
<p begin="22642620000t" end="22657635000t" region="bottomCenter" style="s1" xml:id="subtitle401">You look...</p>
<p begin="22658465830t" end="22680157500t" region="bottomCenter" style="s1" xml:id="subtitle402">delicate to the touch.</p>
<p begin="22680988330t" end="22712269580t" region="bottomCenter" style="s1" xml:id="subtitle403">I have killed hundreds of men in battle.</p>
<p begin="22713110420t" end="22752730000t" region="bottomCenter" style="s1" xml:id="subtitle404">I didn't say the Pale Flower<br/>didn't have thorns.</p>
<p begin="22753560830t" end="22771919170t" region="bottomCenter" style="s1" xml:id="subtitle405">Sharper than a Mongolian's arrow.</p>
<p begin="22789436670t" end="22813620830t" region="bottomCenter" style="s1" xml:id="subtitle406">Should I be afraid?</p>
<p begin="22814461670t" end="22830727920t" region="bottomCenter" style="s1" xml:id="subtitle407">Only if you insult me.</p>
<p begin="22848245420t" end="22867014170t" region="bottomCenter" style="s1" xml:id="subtitle408">Then...</p>
<p begin="22867845000t" end="22887865000t" region="bottomCenter" style="s1" xml:id="subtitle409">I must watch my words.</p>
<p begin="22912890000t" end="22933330420t" region="bottomCenter" style="s1" xml:id="subtitle410">And the women you have conquered.</p>
<p begin="22948755830t" end="22972119170t" region="bottomCenter" style="s1" xml:id="subtitle411">Did they melt in your hands?</p>
<p begin="22972950000t" end="23002149170t" region="bottomCenter" style="s1" xml:id="subtitle412">Like snow in the desert.</p>
<p begin="23055952920t" end="23075972920t" region="bottomCenter" style="s1" xml:id="subtitle413">Take me in your hands.</p>
<p begin="23224451250t" end="23234461250t" region="bottomCenter" style="s1" xml:id="subtitle414">[laughs]</p>
<p begin="23249476250t" end="23261988750t" region="bottomCenter" style="s1" xml:id="subtitle415">Not that.</p>
<p begin="23274080830t" end="23290767500t" region="bottomCenter" style="s1" xml:id="subtitle416">Do you wrestle in Venice?</p>
<p begin="23306613330t" end="23320377080t" region="bottomCenter" style="s1" xml:id="subtitle417">Of course.</p>
<p begin="23321217920t" end="23341648330t" region="bottomCenter" style="s1" xml:id="subtitle418">Show me.</p>
<p begin="23342489170t" end="23364591250t" region="bottomCenter" style="s1" xml:id="subtitle419">-I don't want to hurt you.<br/>-Oh. Mmm?</p>
<p begin="23365422080t" end="23376272920t" region="bottomCenter" style="s1" xml:id="subtitle420">[chuckles]</p>
<p begin="23415892500t" end="23430907500t" region="bottomCenter" style="s1" xml:id="subtitle421">[Khutulun laughs softly]</p>
<p begin="23557283750t" end="23569375830t" region="bottomCenter" style="s1" xml:id="subtitle422">[Marco grunts]</p>
<p begin="23641117500t" end="23655712080t" region="bottomCenter" style="s1" xml:id="subtitle423">[Khutulun panting]</p>
<p begin="23783339580t" end="23800026250t" region="bottomCenter" style="s1" xml:id="subtitle424">[Khutulun panting]</p>
<p begin="24128684580t" end="24152878750t" region="bottomCenter" style="s1" xml:id="subtitle425">[Hundred Eyes]<br/>If the Gods are always watching...</p>
<p begin="24153709580t" end="24179575420t" region="bottomCenter" style="s1" xml:id="subtitle426">we might as well put on a good show.</p>
<p begin="24210436250t" end="24251307080t" region="bottomCenter" style="s1" xml:id="subtitle427">The inability to sleep<br/>is the curse of the aged...</p>
<p begin="24252147920t" end="24270496250t" region="bottomCenter" style="s1" xml:id="subtitle428">and the guilty.</p>
<p begin="24271327080t" end="24292598330t" region="bottomCenter" style="s1" xml:id="subtitle429">And the gout-stricken.</p>
<p begin="24293439170t" end="24304700420t" region="bottomCenter" style="s1" xml:id="subtitle430">Pardon me.</p>
<p begin="24305531250t" end="24322217920t" region="bottomCenter" style="s1" xml:id="subtitle431">I foolishly assumed</p>
<p begin="24323048750t" end="24353909580t" region="bottomCenter" style="s1" xml:id="subtitle432">you were dreaming about<br/>your brother's head rolling in the dirt...</p>
<p begin="24354750420t" end="24387693330t" region="bottomCenter" style="s1" xml:id="subtitle433">his body, a feast for vultures.</p>
<p begin="24388534170t" end="24411467080t" region="bottomCenter" style="s1" xml:id="subtitle434">[Kublai] Do they hate me?</p>
<p begin="24412307920t" end="24434410000t" region="bottomCenter" style="s1" xml:id="subtitle435">[Hundred Eyes] It is better to be<br/>hated for what you are</p>
<p begin="24435240830t" end="24462768330t" region="bottomCenter" style="s1" xml:id="subtitle436">than to be loved for what you are not.</p>
<p begin="24463609170t" end="24488213750t" region="bottomCenter" style="s1" xml:id="subtitle437">You're a drunken fool.</p>
<p begin="24489044580t" end="24506982500t" region="bottomCenter" style="s1" xml:id="subtitle438">So, kill me.</p>
<p begin="24507813330t" end="24527422920t" region="bottomCenter" style="s1" xml:id="subtitle439">I have thought about it.</p>
<p begin="24528253750t" end="24550776250t" region="bottomCenter" style="s1" xml:id="subtitle440">But you wish to sleep.</p>
<p begin="24563709170t" end="24599154580t" region="bottomCenter" style="s1" xml:id="subtitle441">I know you want to tell me<br/>one of those endless stories</p>
<p begin="24599995420t" end="24635861250t" region="bottomCenter" style="s1" xml:id="subtitle442">from that infernal<br/>Chinese teacher of yours.</p>
<p begin="24636692080t" end="24657552920t" region="bottomCenter" style="s1" xml:id="subtitle443">No stories tonight, Sire.</p>
<p begin="24672978330t" end="24696341670t" region="bottomCenter" style="s1" xml:id="subtitle444">No Zen riddles?</p>
<p begin="24697172500t" end="24722617920t" region="bottomCenter" style="s1" xml:id="subtitle445">I will offer a truth instead.</p>
<p begin="24723448750t" end="24746391670t" region="bottomCenter" style="s1" xml:id="subtitle446">Had you spared Ariq...</p>
<p begin="24747222500t" end="24778083330t" region="bottomCenter" style="s1" xml:id="subtitle447">you would have encouraged other traitors.</p>
<p begin="24792267500t" end="24812707920t" region="bottomCenter" style="s1" xml:id="subtitle448">His execution was just.</p>
<p begin="24813538750t" end="24855660830t" region="bottomCenter" style="s1" xml:id="subtitle449">No. But it was necessary...</p>
<p begin="24856501670t" end="24900295420t" region="bottomCenter" style="s1" xml:id="subtitle450">in that moment,<br/>to preserve your Empire.</p>
<p begin="24901126250t" end="24934079170t" region="bottomCenter" style="s1" xml:id="subtitle451">You ease one worry,<br/>but aggravate one greater.</p>
<p begin="24934910000t" end="24967442500t" region="bottomCenter" style="s1" xml:id="subtitle452">As life is wont to do.</p>
<p begin="25055450420t" end="25068373330t" region="bottomCenter" style="s1" xml:id="subtitle453">[Byamba] Open your mouth!<br/>[Marco] No, no, no, no, no.</p>
<p begin="25069214170t" end="25082977920t" region="bottomCenter" style="s1" xml:id="subtitle454">-Open it!<br/>-No, no!</p>
<p begin="25083808750t" end="25097572500t" region="bottomCenter" style="s1" xml:id="subtitle455">[chuckles] Shut it!</p>
<p begin="25116761670t" end="25133438330t" region="bottomCenter" style="s1" xml:id="subtitle456">[men laughing]</p>
<p begin="25166811670t" end="25179324170t" region="bottomCenter" style="s1" xml:id="subtitle457">[Marco coughing]</p>
<p begin="25200595420t" end="25215610420t" region="bottomCenter" style="s1" xml:id="subtitle458">[Kaidu] Tell us, Marco.</p>
<p begin="25216441250t" end="25229784580t" region="bottomCenter" style="s1" xml:id="subtitle459">Do your feasts compare to this?</p>
<p begin="25242717500t" end="25256481250t" region="bottomCenter" style="s1" xml:id="subtitle460">They are different.</p>
<p begin="25257312080t" end="25276921670t" region="bottomCenter" style="s1" xml:id="subtitle461">[Byamba]<br/>Here, we eat the pig.</p>
<p begin="25277752500t" end="25295270000t" region="bottomCenter" style="s1" xml:id="subtitle462">In Venice, they dance with it.</p>
<p begin="25296100830t" end="25336561250t" region="bottomCenter" style="s1" xml:id="subtitle463">If the Venetian feasts were comparable,<br/>why would our friend leave home?</p>
<p begin="25347402080t" end="25362006670t" region="bottomCenter" style="s1" xml:id="subtitle464">We wear masks.</p>
<p begin="25362837500t" end="25379103750t" region="bottomCenter" style="s1" xml:id="subtitle465">For what purpose?</p>
<p begin="25379934580t" end="25392447080t" region="bottomCenter" style="s1" xml:id="subtitle466">The mask frees us of inhibitions.</p>
<p begin="25393287920t" end="25409964580t" region="bottomCenter" style="s1" xml:id="subtitle467">[Ahmad] And the butcher<br/>beds the merchant's daughter...</p>
<p begin="25410805420t" end="25426651250t" region="bottomCenter" style="s1" xml:id="subtitle468">while his wife beds the gardener.</p>
<p begin="25427482080t" end="25445420000t" region="bottomCenter" style="s1" xml:id="subtitle469">The mask prevents embarrassment.</p>
<p begin="25446250830t" end="25456260830t" region="bottomCenter" style="s1" xml:id="subtitle470">[Kaidu] Interesting.</p>
<p begin="25457101670t" end="25497141670t" region="bottomCenter" style="s1" xml:id="subtitle471">Perhaps, some of our generals<br/>should wear masks in the future.</p>
<p begin="25497972500t" end="25512156670t" region="bottomCenter" style="s1" xml:id="subtitle472">To prevent embarrassment.</p>
<p begin="25522577080t" end="25551776250t" region="bottomCenter" style="s1" xml:id="subtitle473">We have the greatest generals in the world<br/>and all of history.</p>
<p begin="25552607080t" end="25570965420t" region="bottomCenter" style="s1" xml:id="subtitle474">We would have been victorious at Wuchang</p>
<p begin="25571796250t" end="25596400830t" region="bottomCenter" style="s1" xml:id="subtitle475">had Genghis Khan<br/>or our Lord Kublai commanded.</p>
<p begin="25597241670t" end="25631856250t" region="bottomCenter" style="s1" xml:id="subtitle476">[Byamba] I prefer a general<br/>with aggression in his blood</p>
<p begin="25632687080t" end="25660635000t" region="bottomCenter" style="s1" xml:id="subtitle477">to one who quakes with trepidation<br/>on his steed.</p>
<p begin="25661465830t" end="25677321670t" region="bottomCenter" style="s1" xml:id="subtitle478">I prefer a pure general.</p>
<p begin="25678152500t" end="25700675000t" region="bottomCenter" style="s1" xml:id="subtitle479">A Mongol, raised Mongol...</p>
<p begin="25701505830t" end="25735710000t" region="bottomCenter" style="s1" xml:id="subtitle480">bathed in the blood spilt by Genghis,<br/>steeped in his ways.</p>
<p begin="25736540830t" end="25767411670t" region="bottomCenter" style="s1" xml:id="subtitle481">A warrior like you, Byamba.<br/>Untainted.</p>
<p begin="25768242500t" end="25797021250t" region="bottomCenter" style="s1" xml:id="subtitle482">A true Mongol.<br/>A man.</p>
<p begin="25797852080t" end="25815369580t" region="bottomCenter" style="s1" xml:id="subtitle483">[crowd exclaiming]</p>
<p begin="25836230420t" end="25846650830t" region="bottomCenter" style="s1" xml:id="subtitle484">Or woman.</p>
<p begin="25867511670t" end="25909633750t" region="bottomCenter" style="s1" xml:id="subtitle485">[crowd chanting]</p>
<p begin="25950925000t" end="25971365420t" region="bottomCenter" style="s1" xml:id="subtitle486">Has the Khan heeded our counsel?</p>
<p begin="25972196250t" end="25989293330t" region="bottomCenter" style="s1" xml:id="subtitle487">Our Khan has a will of his own.</p>
<p begin="25990134170t" end="26014738750t" region="bottomCenter" style="s1" xml:id="subtitle488">It is a will that may break<br/>if he fails to act.</p>
<p begin="26015569580t" end="26051025000t" region="bottomCenter" style="s1" xml:id="subtitle489">We will support and reinforce his will,<br/>whatever it might be.</p>
<p begin="26051855830t" end="26063537500t" region="bottomCenter" style="s1" xml:id="subtitle490">[Kaidu] Of course, Minister.</p>
<p begin="26064368330t" end="26082726670t" region="bottomCenter" style="s1" xml:id="subtitle491">I would never suggest otherwise.</p>
<p begin="26098152080t" end="26114007920t" region="bottomCenter" style="s1" xml:id="subtitle492">He is my Khan.</p>
<p begin="26114838750t" end="26128602500t" region="bottomCenter" style="s1" xml:id="subtitle493">[soldiers yelling]</p>
<p begin="26207431250t" end="26221195000t" region="bottomCenter" style="s1" xml:id="subtitle494">[crowd exclaiming]</p>
<p begin="26234127920t" end="26259563330t" region="bottomCenter" style="s1" xml:id="subtitle495">Khutulun has grown more fierce with age.</p>
<p begin="26260404170t" end="26273747500t" region="bottomCenter" style="s1" xml:id="subtitle496">And more beautiful.</p>
<p begin="26338812500t" end="26375519170t" region="bottomCenter" style="s1" xml:id="subtitle497">It appears my daughter<br/>will never take a husband!</p>
<p begin="26385529170t" end="26409302920t" region="bottomCenter" style="s1" xml:id="subtitle498">-Daughter?<br/>-She is a prized warrior...</p>
<p begin="26410133750t" end="26440584170t" region="bottomCenter" style="s1" xml:id="subtitle499">whose virginity is promised<br/>to any man who can defeat her.</p>
<p begin="26441415000t" end="26466440000t" region="bottomCenter" style="s1" xml:id="subtitle500">Suitors abound,<br/>offering horses by the score</p>
<p begin="26467270830t" end="26484377920t" region="bottomCenter" style="s1" xml:id="subtitle501">for an opportunity to wrestle and win her.</p>
<p begin="26485208750t" end="26512736250t" region="bottomCenter" style="s1" xml:id="subtitle502">My herds have multiplied, but...</p>
<p begin="26513567080t" end="26538181670t" region="bottomCenter" style="s1" xml:id="subtitle503">I will find Khutulun her match.</p>
<p begin="26548191670t" end="26566540000t" region="bottomCenter" style="s1" xml:id="subtitle504">You should challenge her, Byamba.</p>
<p begin="26567370830t" end="26586139580t" region="bottomCenter" style="s1" xml:id="subtitle505">You are a powerful warrior.</p>
<p begin="26586980420t" end="26614918330t" region="bottomCenter" style="s1" xml:id="subtitle506">I am not worthy, Kaidu.</p>
<p begin="26615759170t" end="26646620000t" region="bottomCenter" style="s1" xml:id="subtitle507">Imagine if Khutulun<br/>had commanded our armies at Wuchang.</p>
<p begin="26647450830t" end="26676650000t" region="bottomCenter" style="s1" xml:id="subtitle508">A glorious victory<br/>she would have given our Lord.</p>
<p begin="26734207500t" end="26760904170t" region="bottomCenter" style="s1" xml:id="subtitle509">We are one wrestler short, Prince.</p>
<p begin="26780503750t" end="26797600830t" region="bottomCenter" style="s1" xml:id="subtitle510">Care to test your skills?</p>
<p begin="26810533750t" end="26826800000t" region="bottomCenter" style="s1" xml:id="subtitle511">Show us the...</p>
<p begin="26827630830t" end="26853907080t" region="bottomCenter" style="s1" xml:id="subtitle512">aggression in your blood?</p>
<p begin="26863506670t" end="26873927080t" region="bottomCenter" style="s1" xml:id="subtitle513">[Marco] I would be honored...</p>
<p begin="26874767920t" end="26893116250t" region="bottomCenter" style="s1" xml:id="subtitle514">Lord Kaidu.</p>
<p begin="26918141249t" end="26928571669t" region="bottomCenter" style="s1" xml:id="subtitle515">[laughs]</p>
<p begin="26929402499t" end="26948171249t" region="bottomCenter" style="s1" xml:id="subtitle516">[crowd cheering]</p>
<p begin="26985288329t" end="26999052079t" region="bottomCenter" style="s1" xml:id="subtitle517">[crowd chanting]</p>
<p begin="27242635419t" end="27257650419t" region="bottomCenter" style="s1" xml:id="subtitle518">[both grunting]</p>
<p begin="27303526249t" end="27317289999t" region="bottomCenter" style="s1" xml:id="subtitle519">[man groaning]</p>
<p begin="27402374999t" end="27425317919t" region="bottomCenter" style="s1" xml:id="subtitle520">[crowd exclaiming]</p>
<p begin="27523746249t" end="27568791249t" region="bottomCenter" style="s1" xml:id="subtitle521">[grunting]</p>
<p begin="27580472919t" end="27625928329t" region="bottomCenter" style="s1" xml:id="subtitle522">[crowd exclaiming]</p>
<p begin="27680572919t" end="27707259579t" region="bottomCenter" style="s1" xml:id="subtitle523">[crowd chanting]</p>
<p begin="27890782919t" end="27901623749t" region="bottomCenter" style="s1" xml:id="subtitle524">Son.</p>
<p begin="27902454579t" end="27914967079t" region="bottomCenter" style="s1" xml:id="subtitle525">Am I?</p>
<p begin="27935407499t" end="27962934999t" region="bottomCenter" style="s1" xml:id="subtitle526">I doubt the Great Khan<br/>would humiliate his one true heir.</p>
<p begin="27982954999t" end="28005057079t" region="bottomCenter" style="s1" xml:id="subtitle527">No, the Khan wouldn't<br/>shame his one true son</p>
<p begin="28005897919t" end="28038430419t" region="bottomCenter" style="s1" xml:id="subtitle528">by leaving him to attend a feast<br/>with a Latin and a bastard whose--</p>
<p begin="28052194169t" end="28063865829t" region="bottomCenter" style="s1" xml:id="subtitle529">[Jingim] Go on!</p>
<p begin="28092234169t" end="28108079999t" region="bottomCenter" style="s1" xml:id="subtitle530">Kill me.</p>
<p begin="28378349999t" end="28390031669t" region="bottomCenter" style="s1" xml:id="subtitle531">[sighs]</p>
<p begin="28476778329t" end="28509310829t" region="bottomCenter" style="s1" xml:id="subtitle532">When my uncle, Ögödei,<br/>became gravely ill...</p>
<p begin="28527669169t" end="28558109579t" region="bottomCenter" style="s1" xml:id="subtitle533">the healers and shamans...</p>
<p begin="28558950419t" end="28596067499t" region="bottomCenter" style="s1" xml:id="subtitle534">thought they could appease the spirits...</p>
<p begin="28596898329t" end="28646117499t" region="bottomCenter" style="s1" xml:id="subtitle535">by sacrificing goats, boars and stags.</p>
<p begin="28667388749t" end="28714515829t" region="bottomCenter" style="s1" xml:id="subtitle536">But Ögödei's illness just grew worse.</p>
<p begin="28727028329t" end="28759981249t" region="bottomCenter" style="s1" xml:id="subtitle537">So, they tried offering women...</p>
<p begin="28760812079t" end="28792513749t" region="bottomCenter" style="s1" xml:id="subtitle538">beggars and peasants.</p>
<p begin="28793344579t" end="28819210419t" region="bottomCenter" style="s1" xml:id="subtitle539">Nothing.</p>
<p begin="28820041249t" end="28849650829t" region="bottomCenter" style="s1" xml:id="subtitle540">Then men from the court.</p>
<p begin="28850491669t" end="28875516669t" region="bottomCenter" style="s1" xml:id="subtitle541">Still, his illness increased.</p>
<p begin="28900952079t" end="28938079169t" region="bottomCenter" style="s1" xml:id="subtitle542">And soon, when he was at death's door...</p>
<p begin="28938909999t" end="28973524579t" region="bottomCenter" style="s1" xml:id="subtitle543">his most trusted shaman determined that...</p>
<p begin="28974365419t" end="29029420419t" region="bottomCenter" style="s1" xml:id="subtitle544">the only way to cure him was...<br/>to sacrifice a member of his family.</p>
<p begin="29108659579t" end="29127017919t" region="bottomCenter" style="s1" xml:id="subtitle545">My father, Tolui...</p>
<p begin="29127848749t" end="29142863749t" region="bottomCenter" style="s1" xml:id="subtitle546">volunteered.</p>
<p begin="29220441249t" end="29267568329t" region="bottomCenter" style="s1" xml:id="subtitle547">He drank from the poisoned cup<br/>and when he died...</p>
<p begin="29268409169t" end="29296767499t" region="bottomCenter" style="s1" xml:id="subtitle548">Ögödei rose from his bed.</p>
<p begin="29397698329t" end="29416056669t" region="bottomCenter" style="s1" xml:id="subtitle549">That, son, was a tale</p>
<p begin="29416887499t" end="29451091669t" region="bottomCenter" style="s1" xml:id="subtitle550">conjured to save Tolui's face.</p>
<p begin="29470270829t" end="29488629169t" region="bottomCenter" style="s1" xml:id="subtitle551">Losing face.</p>
<p begin="29501972499t" end="29526166669t" region="bottomCenter" style="s1" xml:id="subtitle552">Chinese concept you've been taught...</p>
<p begin="29542432919t" end="29559529999t" region="bottomCenter" style="s1" xml:id="subtitle553">and have experienced.</p>
<p begin="29614164579t" end="29650040419t" region="bottomCenter" style="s1" xml:id="subtitle554">Truth is... Father was a weak man.</p>
<p begin="29650871249t" end="29701752079t" region="bottomCenter" style="s1" xml:id="subtitle555">Screwing whores<br/>and drinking airag till his liver burst.</p>
<p begin="29713433749t" end="29750971249t" region="bottomCenter" style="s1" xml:id="subtitle556">He never deserved to<br/>occupy the Mongol throne.</p>
<p begin="29751802079t" end="29769319579t" region="bottomCenter" style="s1" xml:id="subtitle557">Honor...</p>
<p begin="29770160419t" end="29791842079t" region="bottomCenter" style="s1" xml:id="subtitle558">he had none.</p>
<p begin="29792682919t" end="29810610829t" region="bottomCenter" style="s1" xml:id="subtitle559">Courage...</p>
<p begin="29811451669t" end="29833133329t" region="bottomCenter" style="s1" xml:id="subtitle560">he spent it at the gaming houses.</p>
<p begin="29852742919t" end="29876927079t" region="bottomCenter" style="s1" xml:id="subtitle561">I still hear his whining in my ear.</p>
<p begin="29904044169t" end="29921972079t" region="bottomCenter" style="s1" xml:id="subtitle562">You, too, whine like a woman.</p>
<p begin="29937407499t" end="29953673749t" region="bottomCenter" style="s1" xml:id="subtitle563">A man who would be Khan</p>
<p begin="29954504579t" end="30005805829t" region="bottomCenter" style="s1" xml:id="subtitle564">must stand tall and crush those<br/>who dare mock him.</p>
<p begin="30006646669t" end="30023323329t" region="bottomCenter" style="s1" xml:id="subtitle565">[Jingim] You don't see?</p>
<p begin="30024164169t" end="30051271249t" region="bottomCenter" style="s1" xml:id="subtitle566">If I whine like a woman...</p>
<p begin="30052102079t" end="30075044999t" region="bottomCenter" style="s1" xml:id="subtitle567">it is because you molded me that way.</p>
<p begin="30098398329t" end="30139279169t" region="bottomCenter" style="s1" xml:id="subtitle568">They mock me because I think Chinese...</p>
<p begin="30140109999t" end="30159299169t" region="bottomCenter" style="s1" xml:id="subtitle569">because I act Chinese!</p>
<p begin="30160129999t" end="30179729579t" region="bottomCenter" style="s1" xml:id="subtitle570">Because you made me Chinese--</p>
<p begin="30193913749t" end="30219769579t" region="bottomCenter" style="s1" xml:id="subtitle571">You were taught by Chinese scholars.</p>
<p begin="30220610419t" end="30246045829t" region="bottomCenter" style="s1" xml:id="subtitle572">That does not make you less Mongol.</p>
<p begin="30246886669t" end="30267317079t" region="bottomCenter" style="s1" xml:id="subtitle573">You act it...</p>
<p begin="30268157919t" end="30284424169t" region="bottomCenter" style="s1" xml:id="subtitle574">or I will kill you.</p>
<p begin="30294434169t" end="30306526249t" region="bottomCenter" style="s1" xml:id="subtitle575">[gasps]</p>
<p begin="30412462079t" end="30437487079t" region="bottomCenter" style="s1" xml:id="subtitle576">I hear he has hundreds of consorts.</p>
<p begin="30438327919t" end="30466265829t" region="bottomCenter" style="s1" xml:id="subtitle577">I hope he has thousands.</p>
<p begin="30467106669t" end="30502141669t" region="bottomCenter" style="s1" xml:id="subtitle578">Being mounted once a year<br/>is more than enough for me.</p>
<p begin="30502972499t" end="30541340829t" region="bottomCenter" style="s1" xml:id="subtitle579">[softly] Daiyu says his cock<br/>is like that of a horse.</p>
<p begin="30542181669t" end="30568037499t" region="bottomCenter" style="s1" xml:id="subtitle580">[Changyang]<br/>Then feed it oats and leave me alone.</p>
<p begin="30568868329t" end="30580549999t" region="bottomCenter" style="s1" xml:id="subtitle581">[chuckles]</p>
<p begin="30879598749t" end="30893362499t" region="bottomCenter" style="s1" xml:id="subtitle582">[gasps]</p>
<p begin="30956345419t" end="30969688749t" region="bottomCenter" style="s1" xml:id="subtitle583">[Kublai] A ladle?</p>
<p begin="30970519579t" end="31005974999t" region="bottomCenter" style="s1" xml:id="subtitle584">Your cousin said it was made by<br/>the greatest artisan in India.</p>
<p begin="31006805829t" end="31038087079t" region="bottomCenter" style="s1" xml:id="subtitle585">From the ball sack of an elephant.</p>
<p begin="31048097079t" end="31071460419t" region="bottomCenter" style="s1" xml:id="subtitle586">Perhaps it is meant to be ornamental.</p>
<p begin="31083972919t" end="31101490419t" region="bottomCenter" style="s1" xml:id="subtitle587">And?</p>
<p begin="31102321249t" end="31133182079t" region="bottomCenter" style="s1" xml:id="subtitle588">What were your thoughts<br/>on true Mongol culture?</p>
<p begin="31146535419t" end="31166965829t" region="bottomCenter" style="s1" xml:id="subtitle589">How was the airag?</p>
<p begin="31176144999t" end="31189908749t" region="bottomCenter" style="s1" xml:id="subtitle590">It was enjoyable.</p>
<p begin="31199918749t" end="31224523329t" region="bottomCenter" style="s1" xml:id="subtitle591">Is that the only word you can conjure?</p>
<p begin="31252471249t" end="31277075829t" region="bottomCenter" style="s1" xml:id="subtitle592">Highly enjoyable.</p>
<p begin="31277916669t" end="31290429169t" region="bottomCenter" style="s1" xml:id="subtitle593">Hmm.</p>
<p begin="31322961669t" end="31333802499t" region="bottomCenter" style="s1" xml:id="subtitle594">[grunts]</p>
<p begin="31427225829t" end="31445994579t" region="bottomCenter" style="s1" xml:id="subtitle595">How did they speak of me?</p>
<p begin="31463932499t" end="31478947499t" region="bottomCenter" style="s1" xml:id="subtitle596">With respect.</p>
<p begin="31488957499t" end="31517736249t" region="bottomCenter" style="s1" xml:id="subtitle597">Befitting one of your magnitude.</p>
<p begin="31518567079t" end="31528577079t" region="bottomCenter" style="s1" xml:id="subtitle598">Hmm.</p>
<p begin="31547766249t" end="31559027499t" region="bottomCenter" style="s1" xml:id="subtitle599">And my son?</p>
<p begin="31559858329t" end="31597395829t" region="bottomCenter" style="s1" xml:id="subtitle600">Did they afford him similar esteem?</p>
<p begin="31598236669t" end="31632430829t" region="bottomCenter" style="s1" xml:id="subtitle601">He was shown the honor<br/>due the son of the Great Khan.</p>
<p begin="31716264579t" end="31746714999t" region="bottomCenter" style="s1" xml:id="subtitle602">Describe for me what you saw, Latin...</p>
<p begin="31747545829t" end="31765483749t" region="bottomCenter" style="s1" xml:id="subtitle603">as you saw it.</p>
<p begin="31848486669t" end="31866414579t" region="bottomCenter" style="s1" xml:id="subtitle604">A lie...</p>
<p begin="31880178329t" end="31898947079t" region="bottomCenter" style="s1" xml:id="subtitle605">can cost innocent lives.</p>
<p begin="31922720829t" end="31957345419t" region="bottomCenter" style="s1" xml:id="subtitle606">A lie about how the House of Ögödei...</p>
<p begin="31958176249t" end="31989877919t" region="bottomCenter" style="s1" xml:id="subtitle607">treats the son of Kublai...</p>
<p begin="31990708749t" end="32018236249t" region="bottomCenter" style="s1" xml:id="subtitle608">endangers this entire Empire!</p>
<p begin="32069537499t" end="32098316249t" region="bottomCenter" style="s1" xml:id="subtitle609">Such lies should be punished.</p>
<p begin="32137935829t" end="32148366249t" region="bottomCenter" style="s1" xml:id="subtitle610">[Marco] No.</p>
<p begin="32149197079t" end="32166714579t" region="bottomCenter" style="s1" xml:id="subtitle611">Sire, no!</p>
<p begin="32195082919t" end="32207174999t" region="bottomCenter" style="s1" xml:id="subtitle612">[grunting]</p>
<p begin="32343981669t" end="32358996669t" region="bottomCenter" style="s1" xml:id="subtitle613">[panting]</p>
<p begin="32439076669t" end="32453250829t" region="bottomCenter" style="s1" xml:id="subtitle614">Well, if I let him walk away,</p>
<p begin="32454091669t" end="32486624169t" region="bottomCenter" style="s1" xml:id="subtitle615">he will have his wine<br/>six nights from now and say...</p>
<p begin="32487454999t" end="32529166669t" region="bottomCenter" style="s1" xml:id="subtitle616">"Khan was lied to by a lowly foreigner<br/>and gave that liar his leave."</p>
<p begin="32559196669t" end="32575042499t" region="bottomCenter" style="s1" xml:id="subtitle617">He shares your sin now.</p>
<p begin="32599236669t" end="32610497919t" region="bottomCenter" style="s1" xml:id="subtitle618">He is your scapegoat.</p>
<p begin="32828625829t" end="32860327499t" region="bottomCenter" style="s1" xml:id="subtitle619">Go, Latin.<br/>Sleep off the drink.</p>
<p begin="33102239169t" end="33118084999t" region="bottomCenter" style="s1" xml:id="subtitle620">[panting]</p>
<p begin="33254471249t" end="33299516249t" region="bottomCenter" style="s1" xml:id="subtitle621">[kissing and panting]</p>
<p begin="34441487080t" end="34451497080t" region="bottomCenter" style="s1" xml:id="subtitle622">[hissing]</p>
</div>
</body>
</tt>
