<?xml version="1.0" encoding="UTF-8" standalone="no"?>
<tt xmlns:tt="http://www.w3.org/ns/ttml" xmlns:ttm="http://www.w3.org/ns/ttml#metadata" xmlns:ttp="http://www.w3.org/ns/ttml#parameter" xmlns:tts="http://www.w3.org/ns/ttml#styling" ttp:tickRate="10000000" ttp:timeBase="media" xmlns="http://www.w3.org/ns/ttml">
<head>
<ttp:profile use="http://netflix.com/ttml/profile/dfxp-ls-sdh"/>
<styling>
<style tts:color="white" tts:fontSize="100%" tts:fontWeight="normal" xml:id="s1"/>
<style tts:color="white" tts:fontSize="100%" tts:fontStyle="italic" tts:fontWeight="normal" xml:id="s1_1"/>
</styling>
<layout>
<region tts:displayAlign="after" tts:extent="80.00% 80.00%" tts:origin="10.00% 10.00%" tts:textAlign="center" xml:id="bottomCenter"/>
</layout>
</head>
<body>
<div xml:space="preserve">
<p begin="110109999t" end="126796669t" region="bottomCenter" style="s1" xml:id="subtitle0">[screaming]</p>
<p begin="353272920t" end="377457080t" region="bottomCenter" style="s1" xml:id="subtitle1">[theme music playing]</p>
<p begin="1481900420t" end="1498997500t" region="bottomCenter" style="s1" xml:id="subtitle2">[Yusuf] The troops are quartered.</p>
<p begin="1499828330t" end="1549878330t" region="bottomCenter" style="s1" xml:id="subtitle3">Burial preparations are underway<br/>for those we were able to retrieve.</p>
<p begin="1550719170t" end="1596174580t" region="bottomCenter" style="s1" xml:id="subtitle4">I have ordered scouting parties to sweep<br/>the grasslands a week's ride away</p>
<p begin="1597015420t" end="1612861250t" region="bottomCenter" style="s1" xml:id="subtitle5">in case Sidao is...</p>
<p begin="1622040420t" end="1650819170t" region="bottomCenter" style="s1" xml:id="subtitle6">audacious enough<br/>to siege Cambulac.</p>
<p begin="1676675000t" end="1715043329t" region="bottomCenter" style="s1" xml:id="subtitle7">Finally, we are conscripting<br/>new troops from the north.</p>
<p begin="1715884169t" end="1735483749t" region="bottomCenter" style="s1" xml:id="subtitle8">I have begun preparations for training.</p>
<p begin="1736314579t" end="1763842079t" region="bottomCenter" style="s1" xml:id="subtitle9">I fear they may be less compliant now,</p>
<p begin="1764682919t" end="1799717919t" region="bottomCenter" style="s1" xml:id="subtitle10">but we shall do what is necessary<br/>to bend the willful.</p>
<p begin="1838917079t" end="1852680829t" region="bottomCenter" style="s1" xml:id="subtitle11">My Lord.</p>
<p begin="1876454579t" end="1892720829t" region="bottomCenter" style="s1" xml:id="subtitle12">Is that truly all?</p>
<p begin="1925673749t" end="1951529579t" region="bottomCenter" style="s1" xml:id="subtitle13">Do you not wish to discuss your counsel?</p>
<p begin="1961539579t" end="1981979999t" region="bottomCenter" style="s1" xml:id="subtitle14">And my disregard of it?</p>
<p begin="2068316249t" end="2103351249t" region="bottomCenter" style="s1" xml:id="subtitle15">The Polo matter,<br/>are you prepared to proceed?</p>
<p begin="2356934580t" end="2377375000t" region="bottomCenter" style="s1" xml:id="subtitle16">[Yusuf] Master Marco,</p>
<p begin="2378205830t" end="2404071670t" region="bottomCenter" style="s1" xml:id="subtitle17">in his infinite wisdom and compassion,</p>
<p begin="2404902500t" end="2461208750t" region="bottomCenter" style="s1" xml:id="subtitle18">the Khan of Khans grants you<br/>a final audience to plead for mercy.</p>
<p begin="2557555000t" end="2581749170t" region="bottomCenter" style="s1" xml:id="subtitle19">[Marco] I will not plead for mercy.</p>
<p begin="2590087500t" end="2608435830t" region="bottomCenter" style="s1" xml:id="subtitle20">But I will defend myself.</p>
<p begin="2625953330t" end="2658906250t" region="bottomCenter" style="s1" xml:id="subtitle21">May I seek clarity as to<br/>the charges levied against me?</p>
<p begin="2659737080t" end="2673500830t" region="bottomCenter" style="s1" xml:id="subtitle22">[Jingim] Treason.</p>
<p begin="2803630830t" end="2824491670t" region="bottomCenter" style="s1" xml:id="subtitle23">[Ahmad] I take no pleasure in this,<br/>Master Marco.</p>
<p begin="2825322500t" end="2848265420t" region="bottomCenter" style="s1" xml:id="subtitle24">But it seems great misfortune</p>
<p begin="2849096250t" end="2876623750t" region="bottomCenter" style="s1" xml:id="subtitle25">has descended upon our kingdom<br/>on your arrival.</p>
<p begin="2877454580t" end="2899566670t" region="bottomCenter" style="s1" xml:id="subtitle26">I did not choose to remain here.</p>
<p begin="2900397500t" end="2919166250t" region="bottomCenter" style="s1" xml:id="subtitle27">I chose to be released to my father.</p>
<p begin="2919997080t" end="2942109170t" region="bottomCenter" style="s1" xml:id="subtitle28">[Ahmad] Your time in the Kochkor region.</p>
<p begin="2942940000t" end="2973800830t" region="bottomCenter" style="s1" xml:id="subtitle29">Your ability to enter and leave<br/>without repercussion.</p>
<p begin="2974641670t" end="2996743750t" region="bottomCenter" style="s1" xml:id="subtitle30">And do you suspect Byamba,<br/>son of the Khan,</p>
<p begin="2997574580t" end="3014681670t" region="bottomCenter" style="s1" xml:id="subtitle31">to have blood on his hands?</p>
<p begin="3015512500t" end="3037614580t" region="bottomCenter" style="s1" xml:id="subtitle32">We traveled side by side.</p>
<p begin="3053050000t" end="3068895830t" region="bottomCenter" style="s1" xml:id="subtitle33">Is that accurate, Byamba?</p>
<p begin="3069736670t" end="3095172080t" region="bottomCenter" style="s1" xml:id="subtitle34">Were you always at the Latin's side<br/>on your journey?</p>
<p begin="3096012920t" end="3122699580t" region="bottomCenter" style="s1" xml:id="subtitle35">I was asked to be here and I came.</p>
<p begin="3123540420t" end="3149396250t" region="bottomCenter" style="s1" xml:id="subtitle36">But you cannot compel me<br/>to be party to this.</p>
<p begin="3150227080t" end="3166493330t" region="bottomCenter" style="s1" xml:id="subtitle37">[grunts sharply]</p>
<p begin="3206533330t" end="3240737500t" region="bottomCenter" style="s1" xml:id="subtitle38">No, we were not side by side.</p>
<p begin="3260337080t" end="3287033750t" region="bottomCenter" style="s1" xml:id="subtitle39">There was a point where<br/>he was negotiating for my life</p>
<p begin="3287864580t" end="3320817500t" region="bottomCenter" style="s1" xml:id="subtitle40">while I sat captive,<br/>preparing to die.</p>
<p begin="3332078750t" end="3368785419t" region="bottomCenter" style="s1" xml:id="subtitle41">And if I remember,<br/>you sent the Latin with me on my journey.</p>
<p begin="3369616249t" end="3389636249t" region="bottomCenter" style="s1" xml:id="subtitle42">After he convinced me to do so.</p>
<p begin="3390467079t" end="3415492079t" region="bottomCenter" style="s1" xml:id="subtitle43">How does your body<br/>stand straight without a spine?</p>
<p begin="3416332919t" end="3436352919t" region="bottomCenter" style="s1" xml:id="subtitle44">[Ahmad] Xiangyang.</p>
<p begin="3453870419t" end="3467213749t" region="bottomCenter" style="s1" xml:id="subtitle45">The loss.</p>
<p begin="3468044579t" end="3488064579t" region="bottomCenter" style="s1" xml:id="subtitle46">Your journey there.</p>
<p begin="3488905419t" end="3507674169t" region="bottomCenter" style="s1" xml:id="subtitle47">Your time with the whore's whore-friend.</p>
<p begin="3526022499t" end="3548544999t" region="bottomCenter" style="s1" xml:id="subtitle48">Sanctioned by the Khan of Khans.</p>
<p begin="3549375829t" end="3565642079t" region="bottomCenter" style="s1" xml:id="subtitle49">You alerted the Song<br/>to our pending attack.</p>
<p begin="3566482919t" end="3590667079t" region="bottomCenter" style="s1" xml:id="subtitle50">You conspired to lead us<br/>into the slaughter.</p>
<p begin="3591507919t" end="3618614999t" region="bottomCenter" style="s1" xml:id="subtitle51">What need would they of warning?</p>
<p begin="3634050419t" end="3663659999t" region="bottomCenter" style="s1" xml:id="subtitle52">They knew we were descending<br/>at a week's distance.</p>
<p begin="3679505829t" end="3699115419t" region="bottomCenter" style="s1" xml:id="subtitle53">As to the wall...</p>
<p begin="3699946249t" end="3714961249t" region="bottomCenter" style="s1" xml:id="subtitle54">I am guilty.</p>
<p begin="3737904169t" end="3778354579t" region="bottomCenter" style="s1" xml:id="subtitle55">I founder in the blood of the thousands<br/>who perished for my error.</p>
<p begin="3790036249t" end="3810476669t" region="bottomCenter" style="s1" xml:id="subtitle56">I have no defense.</p>
<p begin="3847593749t" end="3905151249t" region="bottomCenter" style="s1" xml:id="subtitle57">But right or wrong, I have done nothing<br/>but serve my captor and Khan.</p>
<p begin="3927673749t" end="3940606669t" region="bottomCenter" style="s1" xml:id="subtitle58">And only him?</p>
<p begin="3979805829t" end="3992318329t" region="bottomCenter" style="s1" xml:id="subtitle59">Yes.</p>
<p begin="4045711669t" end="4060726669t" region="bottomCenter" style="s1" xml:id="subtitle60">Is that all?</p>
<p begin="4071147079t" end="4111187079t" region="bottomCenter" style="s1" xml:id="subtitle61">Nothing you have presented is punishable<br/>by the laws of the Khan of Khans.</p>
<p begin="4142468329t" end="4160406249t" region="bottomCenter" style="s1" xml:id="subtitle62">[Jingim] I had this translated.</p>
<p begin="4202117919t" end="4221297079t" region="bottomCenter" style="s1" xml:id="subtitle63">Would you care to share with the Khan</p>
<p begin="4222137919t" end="4255921669t" region="bottomCenter" style="s1" xml:id="subtitle64">the words that you keep<br/>so closely to your still-beating heart?</p>
<p begin="4284279999t" end="4314310000t" region="bottomCenter" style="s1" xml:id="subtitle65">"All kings shall fall before him."</p>
<p begin="4328494170t" end="4371036670t" region="bottomCenter" style="s1" xml:id="subtitle66">[Jingim] "All kings...<br/>shall fall before him."</p>
<p begin="4371867500t" end="4385210830t" region="bottomCenter" style="s1" xml:id="subtitle67">It was a gift.</p>
<p begin="4386051670t" end="4401066670t" region="bottomCenter" style="s1" xml:id="subtitle68">[Jingim] From father to son?</p>
<p begin="4401897500t" end="4417332920t" region="bottomCenter" style="s1" xml:id="subtitle69">[Marco] Yes.</p>
<p begin="4418163750t" end="4468213750t" region="bottomCenter" style="s1" xml:id="subtitle70">A verse from the scriptures of a religion<br/>welcomed, like all the others,</p>
<p begin="4469044580t" end="4486151670t" region="bottomCenter" style="s1" xml:id="subtitle71">within the walls of Cambulac.</p>
<p begin="4486982500t" end="4509505000t" region="bottomCenter" style="s1" xml:id="subtitle72">A faith with designs on our kingdom.</p>
<p begin="4510335830t" end="4529945420t" region="bottomCenter" style="s1" xml:id="subtitle73">I know nothing of that.</p>
<p begin="4547462920t" end="4577903330t" region="bottomCenter" style="s1" xml:id="subtitle74">But I do believe<br/>you have designs on the Vatican.</p>
<p begin="4578744170t" end="4592087500t" region="bottomCenter" style="s1" xml:id="subtitle75">What of it?</p>
<p begin="4609605000t" end="4640465830t" region="bottomCenter" style="s1" xml:id="subtitle76">Respectfully, Lord Khan...</p>
<p begin="4641306670t" end="4657572920t" region="bottomCenter" style="s1" xml:id="subtitle77">we reap what we sow.</p>
<p begin="4658403750t" end="4673418750t" region="bottomCenter" style="s1" xml:id="subtitle78">You speak recklessly.</p>
<p begin="4674249580t" end="4690515830t" region="bottomCenter" style="s1" xml:id="subtitle79">I speak honestly.</p>
<p begin="4700525830t" end="4730976250t" region="bottomCenter" style="s1" xml:id="subtitle80">You deserve honesty.</p>
<p begin="4731807080t" end="4768093330t" region="bottomCenter" style="s1" xml:id="subtitle81">You believe I should not conquer the West?</p>
<p begin="4781026250t" end="4810225420t" region="bottomCenter" style="s1" xml:id="subtitle82">On the contrary, Lord Khan.</p>
<p begin="4825650830t" end="4859855000t" region="bottomCenter" style="s1" xml:id="subtitle83">The most common law<br/>of nature and of man...</p>
<p begin="4871116250t" end="4908653750t" region="bottomCenter" style="s1" xml:id="subtitle84">is to take what has been mandated</p>
<p begin="4909484580t" end="4924089170t" region="bottomCenter" style="s1" xml:id="subtitle85">by God</p>
<p begin="4924920000t" end="4954119170t" region="bottomCenter" style="s1" xml:id="subtitle86">or by the swords and arrows you command.</p>
<p begin="4964129170t" end="4985810830t" region="bottomCenter" style="s1" xml:id="subtitle87">You claim both.</p>
<p begin="4986651670t" end="5024599580t" region="bottomCenter" style="s1" xml:id="subtitle88">But you must be prepared<br/>for the resistance of the lionhearted.</p>
<p begin="5033778750t" end="5058803750t" region="bottomCenter" style="s1" xml:id="subtitle89">And the West is not weak.</p>
<p begin="5189354170t" end="5225220000t" region="bottomCenter" style="s1" xml:id="subtitle90">Have you nothing more to say<br/>to champion your cause?</p>
<p begin="5242317080t" end="5286951670t" region="bottomCenter" style="s1" xml:id="subtitle91">It seems my end is guaranteed<br/>no matter what words I sound.</p>
<p begin="5299464170t" end="5312387080t" region="bottomCenter" style="s1" xml:id="subtitle92">Indeed.</p>
<p begin="5353267920t" end="5363688330t" region="bottomCenter" style="s1" xml:id="subtitle93">Mmm.</p>
<p begin="5949693750t" end="5962206250t" region="bottomCenter" style="s1" xml:id="subtitle94">[inhaling]</p>
<p begin="6027271250t" end="6057301250t" region="bottomCenter" style="s1" xml:id="subtitle95">The Imperial Seal is yours, Chancellor.</p>
<p begin="6058132080t" end="6080654580t" region="bottomCenter" style="s1" xml:id="subtitle96">And with it, the dynasty.</p>
<p begin="6101515420t" end="6130704580t" region="bottomCenter" style="s1" xml:id="subtitle97">Chancellor... even still?</p>
<p begin="6131545420t" end="6156150000t" region="bottomCenter" style="s1" xml:id="subtitle98">Unless your birthright has altered.</p>
<p begin="6189933750t" end="6209122920t" region="bottomCenter" style="s1" xml:id="subtitle99">The Seven Families are arriving.</p>
<p begin="6209953750t" end="6244988750t" region="bottomCenter" style="s1" xml:id="subtitle100">Songs of your victory<br/>have carried far and wide.</p>
<p begin="6245819580t" end="6287531250t" region="bottomCenter" style="s1" xml:id="subtitle101">How you eviscerated the Mongol horde,<br/>body and soul.</p>
<p begin="6303377080t" end="6339252920t" region="bottomCenter" style="s1" xml:id="subtitle102">They are prepared<br/>to pledge their fealty to the Emperor.</p>
<p begin="6361355000t" end="6383457080t" region="bottomCenter" style="s1" xml:id="subtitle103">They're going to want to see the boy.</p>
<p begin="6394307920t" end="6415158750t" region="bottomCenter" style="s1" xml:id="subtitle104">That is assured.</p>
<p begin="6415989580t" end="6448942500t" region="bottomCenter" style="s1" xml:id="subtitle105">[Jia Sidao] No one truly believes<br/>the boy guides his own hand.</p>
<p begin="6464788330t" end="6487731250t" region="bottomCenter" style="s1" xml:id="subtitle106">Yet the sheep elevate him.</p>
<p begin="6510253750t" end="6529442920t" region="bottomCenter" style="s1" xml:id="subtitle107">I must stand behind him.</p>
<p begin="6530273750t" end="6547791250t" region="bottomCenter" style="s1" xml:id="subtitle108">A wise tactic, my Chancellor.</p>
<p begin="6575739170t" end="6610774170t" region="bottomCenter" style="s1" xml:id="subtitle109">I suppose I couldn't simply<br/>imprint this on his skull</p>
<p begin="6611605000t" end="6628702080t" region="bottomCenter" style="s1" xml:id="subtitle110">and float him down the Yangtze?</p>
<p begin="6684177500t" end="6700864170t" region="bottomCenter" style="s1" xml:id="subtitle111">[Kokachin] Tell me your name.</p>
<p begin="6710453750t" end="6727971249t" region="bottomCenter" style="s1" xml:id="subtitle112">You need not fear me.</p>
<p begin="6728802079t" end="6758001249t" region="bottomCenter" style="s1" xml:id="subtitle113">It is Judar, my Princess.</p>
<p begin="6771764999t" end="6788031249t" region="bottomCenter" style="s1" xml:id="subtitle114">You may call me Kokachin.</p>
<p begin="6799292499t" end="6814307499t" region="bottomCenter" style="s1" xml:id="subtitle115">No, Princess.</p>
<p begin="6815138329t" end="6826399579t" region="bottomCenter" style="s1" xml:id="subtitle116">Do you defy me?</p>
<p begin="6841004169t" end="6860603749t" region="bottomCenter" style="s1" xml:id="subtitle117">In this, I do.</p>
<p begin="6870193329t" end="6896889999t" region="bottomCenter" style="s1" xml:id="subtitle118">If you defy this simple request,</p>
<p begin="6897720829t" end="6923997079t" region="bottomCenter" style="s1" xml:id="subtitle119">how am I to know<br/>you will not defy a greater one?</p>
<p begin="6924837919t" end="6960703749t" region="bottomCenter" style="s1" xml:id="subtitle120">The truest of servants<br/>knows our needs better than we do.</p>
<p begin="6961534579t" end="6976969999t" region="bottomCenter" style="s1" xml:id="subtitle121">Leave us.</p>
<p begin="7014927919t" end="7049962919t" region="bottomCenter" style="s1" xml:id="subtitle122">I was your age<br/>when I was promised to Kublai.</p>
<p begin="7050793749t" end="7069982919t" region="bottomCenter" style="s1" xml:id="subtitle123">It was terrifying.</p>
<p begin="7070813749t" end="7115027919t" region="bottomCenter" style="s1" xml:id="subtitle124">I knew he would be Khan<br/>even if he himself did not.</p>
<p begin="7128791669t" end="7168411249t" region="bottomCenter" style="s1" xml:id="subtitle125">At the time...<br/>I felt as if I was unworthy,</p>
<p begin="7169242079t" end="7191764579t" region="bottomCenter" style="s1" xml:id="subtitle126">that a mistake had surely been made</p>
<p begin="7192605419t" end="7228471249t" region="bottomCenter" style="s1" xml:id="subtitle127">and at a moment's notice<br/>someone would unveil me as a fraud.</p>
<p begin="7263085829t" end="7296459169t" region="bottomCenter" style="s1" xml:id="subtitle128">It was not until Kublai's mother<br/>gifted me this,</p>
<p begin="7297289999t" end="7338581249t" region="bottomCenter" style="s1" xml:id="subtitle129">the finest of silks, to be woven<br/>into my presentational gown,</p>
<p begin="7339412079t" end="7361103749t" region="bottomCenter" style="s1" xml:id="subtitle130">that I knew it was true.</p>
<p begin="7361934579t" end="7405728329t" region="bottomCenter" style="s1" xml:id="subtitle131">I kept what remained<br/>to one day gift to a daughter of my own.</p>
<p begin="7469962499t" end="7487479999t" region="bottomCenter" style="s1" xml:id="subtitle132">It is lovely.</p>
<p begin="7488310829t" end="7523345829t" region="bottomCenter" style="s1" xml:id="subtitle133">A mere reflection of the beauty<br/>who wears it.</p>
<p begin="7552124579t" end="7607179579t" region="bottomCenter" style="s1" xml:id="subtitle134">I also come to pay condolences<br/>and to inquire as to your heart.</p>
<p begin="7633455829t" end="7651393749t" region="bottomCenter" style="s1" xml:id="subtitle135">I lost a good friend.</p>
<p begin="7652224579t" end="7687259579t" region="bottomCenter" style="s1" xml:id="subtitle136">Your only friend, if I recall.</p>
<p begin="7703946249t" end="7728971249t" region="bottomCenter" style="s1" xml:id="subtitle137">I hope it's no longer the case,<br/>my Queen.</p>
<p begin="7743155419t" end="7759421669t" region="bottomCenter" style="s1" xml:id="subtitle138">If you speak of me...</p>
<p begin="7775687919t" end="7794456669t" region="bottomCenter" style="s1" xml:id="subtitle139">speak with certainty.</p>
<p begin="7845757919t" end="7884957079t" region="bottomCenter" style="s1" xml:id="subtitle140">I'm afraid loss has infected<br/>the kingdom of late.</p>
<p begin="7897469579t" end="7921243329t" region="bottomCenter" style="s1" xml:id="subtitle141">With more on the horizon.</p>
<p begin="7941683749t" end="7962124169t" region="bottomCenter" style="s1" xml:id="subtitle142">So I've heard.</p>
<p begin="7962954999t" end="7983395419t" region="bottomCenter" style="s1" xml:id="subtitle143">You've heard?</p>
<p begin="8005917919t" end="8033024999t" region="bottomCenter" style="s1" xml:id="subtitle144">The Latin is to be executed.</p>
<p begin="8088079999t" end="8099761669t" region="bottomCenter" style="s1" xml:id="subtitle145">At dawn.</p>
<p begin="8111433329t" end="8142304169t" region="bottomCenter" style="s1" xml:id="subtitle146">A seamstress will pay you a visit shortly.</p>
<p begin="8166908749t" end="8197769579t" region="bottomCenter" style="s1" xml:id="subtitle147">[sighs deeply]</p>
<p begin="8209451249t" end="8229050829t" region="bottomCenter" style="s1" xml:id="subtitle148">[Jingim] Master Polo.</p>
<p begin="8229891669t" end="8257829579t" region="bottomCenter" style="s1" xml:id="subtitle149">I came to inquire<br/>as to your state of mind.</p>
<p begin="8275347079t" end="8304546249t" region="bottomCenter" style="s1" xml:id="subtitle150">My thanks for your concern, Jingim.</p>
<p begin="8305377079t" end="8317479169t" region="bottomCenter" style="s1" xml:id="subtitle151">Prince.</p>
<p begin="8328319999t" end="8347088749t" region="bottomCenter" style="s1" xml:id="subtitle152">[Marco] Prince Jingim.</p>
<p begin="8357929579t" end="8369190829t" region="bottomCenter" style="s1" xml:id="subtitle153">[snickers]</p>
<p begin="8392554169t" end="8414235829t" region="bottomCenter" style="s1" xml:id="subtitle154">[Jingim] I know this seems unjust,</p>
<p begin="8415076669t" end="8445517079t" region="bottomCenter" style="s1" xml:id="subtitle155">and it's hard for you to see,<br/>sitting where you are.</p>
<p begin="8459280829t" end="8510171669t" region="bottomCenter" style="s1" xml:id="subtitle156">But understand... that this is entirely<br/>for the good of the kingdom.</p>
<p begin="8557719169t" end="8571893329t" region="bottomCenter" style="s1" xml:id="subtitle157">Do you hunt?</p>
<p begin="8596918330t" end="8648640000t" region="bottomCenter" style="s1" xml:id="subtitle158">In our culture, your first hunt,<br/>as in many things in life,</p>
<p begin="8649470830t" end="8673244580t" region="bottomCenter" style="s1" xml:id="subtitle159">is a very lonely enterprise.</p>
<p begin="8689510830t" end="8732894170t" region="bottomCenter" style="s1" xml:id="subtitle160">You're cast into the wilderness<br/>with nothing more than a bow and an arrow</p>
<p begin="8733725000t" end="8762083330t" region="bottomCenter" style="s1" xml:id="subtitle161">and instructed not to return without meat.</p>
<p begin="8775436670t" end="8790031250t" region="bottomCenter" style="s1" xml:id="subtitle162">For the kingdom.</p>
<p begin="8800041250t" end="8832573750t" region="bottomCenter" style="s1" xml:id="subtitle163">It can take a day, a week.</p>
<p begin="8843414580t" end="8863855000t" region="bottomCenter" style="s1" xml:id="subtitle164">Some never return.</p>
<p begin="8918079170t" end="8960621670t" region="bottomCenter" style="s1" xml:id="subtitle165">What do you think is the most vital trait<br/>for the hunter to possess?</p>
<p begin="8961452500t" end="8997318330t" region="bottomCenter" style="s1" xml:id="subtitle166">Please, Jingim,<br/>do not mar my final hours.</p>
<p begin="9022343330t" end="9036527500t" region="bottomCenter" style="s1" xml:id="subtitle167">Patience.</p>
<p begin="9075316250t" end="9102423330t" region="bottomCenter" style="s1" xml:id="subtitle168">I saw its horns first.</p>
<p begin="9103264170t" end="9148309170t" region="bottomCenter" style="s1" xml:id="subtitle169">Grand, stretching to the heavens<br/>and catching the morning light.</p>
<p begin="9158319170t" end="9175416250t" region="bottomCenter" style="s1" xml:id="subtitle170">A mighty trophy.</p>
<p begin="9196267080t" end="9230471250t" region="bottomCenter" style="s1" xml:id="subtitle171">I set my arrow, took aim.</p>
<p begin="9246737500t" end="9258419170t" region="bottomCenter" style="s1" xml:id="subtitle172">He was gone.</p>
<p begin="9299290000t" end="9322232920t" region="bottomCenter" style="s1" xml:id="subtitle173">But I had a feeling about him...</p>
<p begin="9331822500t" end="9354345000t" region="bottomCenter" style="s1" xml:id="subtitle174">and so I waited another night.</p>
<p begin="9364775420t" end="9403974580t" region="bottomCenter" style="s1" xml:id="subtitle175">It was so cold,<br/>I wanted to run home.</p>
<p begin="9404815420t" end="9440260830t" region="bottomCenter" style="s1" xml:id="subtitle176">A handful of kills passed me by.</p>
<p begin="9441101670t" end="9479049580t" region="bottomCenter" style="s1" xml:id="subtitle177">I could have slain them all,<br/>returned triumphant,</p>
<p begin="9479890420t" end="9506577080t" region="bottomCenter" style="s1" xml:id="subtitle178">dipped my finger in the fat of the kill,</p>
<p begin="9507417920t" end="9539109580t" region="bottomCenter" style="s1" xml:id="subtitle179">been deemed a man<br/>and slept in my own bed.</p>
<p begin="9569980420t" end="9587077500t" region="bottomCenter" style="s1" xml:id="subtitle180">But I waited.</p>
<p begin="9625445830t" end="9656316670t" region="bottomCenter" style="s1" xml:id="subtitle181">As I felt the sun warm me<br/>the next morning...</p>
<p begin="9680921250t" end="9719289580t" region="bottomCenter" style="s1" xml:id="subtitle182">there it was,<br/>passing between the trees.</p>
<p begin="9768929170t" end="9789780000t" region="bottomCenter" style="s1" xml:id="subtitle183">My father was so proud.</p>
<p begin="9996236250t" end="10010830830t" region="bottomCenter" style="s1" xml:id="subtitle184">Patience.</p>
<p begin="10030850830t" end="10065885830t" region="bottomCenter" style="s1" xml:id="subtitle185">Patience to ensure that<br/>true aim finds the true target.</p>
<p begin="10082152080t" end="10102172080t" region="bottomCenter" style="s1" xml:id="subtitle186">An innocent target,</p>
<p begin="10103012920t" end="10143463330t" region="bottomCenter" style="s1" xml:id="subtitle187">whose offense was crossing paths<br/>at the wrong time,</p>
<p begin="10156396250t" end="10171831670t" region="bottomCenter" style="s1" xml:id="subtitle188">with the wrong person.</p>
<p begin="10354924580t" end="10366185830t" region="bottomCenter" style="s1" xml:id="subtitle189">Death.</p>
<p begin="10381200830t" end="10398307920t" region="bottomCenter" style="s1" xml:id="subtitle190">Another lonely enterprise.</p>
<p begin="10426666250t" end="10457527080t" region="bottomCenter" style="s1" xml:id="subtitle191">May your God accompany you,<br/>Master Polo.</p>
<p begin="10517176670t" end="10537196670t" region="bottomCenter" style="s1" xml:id="subtitle192">You will need it more than I.</p>
<p begin="10626866250t" end="10658147500t" region="bottomCenter" style="s1" xml:id="subtitle193">[Jia Sidao] Let us not build strife<br/>where none should exist.</p>
<p begin="10658978330t" end="10683592920t" region="bottomCenter" style="s1" xml:id="subtitle194">Pride and hope have filled<br/>the coffers of the people's spirits.</p>
<p begin="10684423750t" end="10715284580t" region="bottomCenter" style="s1" xml:id="subtitle195">Those coffers were never depleted.</p>
<p begin="10716125420t" end="10755745000t" region="bottomCenter" style="s1" xml:id="subtitle196">You simply convinced yourself otherwise<br/>to support your own machinations.</p>
<p begin="10756575830t" end="10771180420t" region="bottomCenter" style="s1" xml:id="subtitle197">[Jia Sidao] Why am I your enemy</p>
<p begin="10772011250t" end="10815805000t" region="bottomCenter" style="s1" xml:id="subtitle198">when you're the one prepared to bury<br/>our culture in history's potter's field?</p>
<p begin="10816635830t" end="10844163330t" region="bottomCenter" style="s1" xml:id="subtitle199">The landed gentry of the south<br/>prepare to meet.</p>
<p begin="10845004170t" end="10872942080t" region="bottomCenter" style="s1" xml:id="subtitle200">Are these the same landed gentry<br/>whose land you stripped</p>
<p begin="10873782920t" end="10895464580t" region="bottomCenter" style="s1" xml:id="subtitle201">against my husband's wishes<br/>not long ago?</p>
<p begin="10896305420t" end="10932591670t" region="bottomCenter" style="s1" xml:id="subtitle202">The proceeds from the fields<br/>helped fund our defenses.</p>
<p begin="10933422500t" end="10964283330t" region="bottomCenter" style="s1" xml:id="subtitle203">And each now pledges their support<br/>for an assault on Cambulac.</p>
<p begin="10965124170t" end="10995985000t" region="bottomCenter" style="s1" xml:id="subtitle204">My compliments, Jia Sidao.</p>
<p begin="10996815830t" end="11011000000t" region="bottomCenter" style="s1" xml:id="subtitle205">[Jia Sidao] Insincerity still.</p>
<p begin="11011830830t" end="11033942920t" region="bottomCenter" style="s1" xml:id="subtitle206">I am nothing but sincere.</p>
<p begin="11034773750t" end="11085244170t" region="bottomCenter" style="s1" xml:id="subtitle207">You set out to undermine the council<br/>and retain the chancellorate.</p>
<p begin="11086075000t" end="11098587500t" region="bottomCenter" style="s1" xml:id="subtitle208">Fang Zhen fell.</p>
<p begin="11111930830t" end="11135294170t" region="bottomCenter" style="s1" xml:id="subtitle209">You sought to repel the Mongol horde</p>
<p begin="11136125000t" end="11179918750t" region="bottomCenter" style="s1" xml:id="subtitle210">and masterfully lured them into<br/>a hornet's nest of sharpened steel.</p>
<p begin="11180749580t" end="11229968750t" region="bottomCenter" style="s1" xml:id="subtitle211">You wish to gather Southern China<br/>into one indomitable force</p>
<p begin="11230799580t" end="11260419170t" region="bottomCenter" style="s1" xml:id="subtitle212">and gird them for the final unification.</p>
<p begin="11261250000t" end="11289608330t" region="bottomCenter" style="s1" xml:id="subtitle213">I have no doubt<br/>you will succeed in that as well.</p>
<p begin="11290449170t" end="11336745420t" region="bottomCenter" style="s1" xml:id="subtitle214">But you will do so without the support<br/>you are about to ask of me.</p>
<p begin="11337576250t" end="11364272920t" region="bottomCenter" style="s1" xml:id="subtitle215">How might I convince you<br/>of the folly of your decision?</p>
<p begin="11365103750t" end="11383041670t" region="bottomCenter" style="s1" xml:id="subtitle216">Stop tinkering with that<br/>and look at me.</p>
<p begin="11430168750t" end="11455193750t" region="bottomCenter" style="s1" xml:id="subtitle217">There is nothing<br/>you might say or do.</p>
<p begin="11456024580t" end="11468126670t" region="bottomCenter" style="s1" xml:id="subtitle218">Ever.</p>
<p begin="11487726250t" end="11512751250t" region="bottomCenter" style="s1" xml:id="subtitle219">I assumed that<br/>would be your answer.</p>
<p begin="11513582080t" end="11524012500t" region="bottomCenter" style="s1" xml:id="subtitle220">Very well.</p>
<p begin="11524843330t" end="11561550000t" region="bottomCenter" style="s1" xml:id="subtitle221">I shall go it alone.<br/>Yet again.</p>
<p begin="11562380830t" end="11602841250t" region="bottomCenter" style="s1" xml:id="subtitle222">[Empress Dowager] You need the Emperor<br/>in order to accomplish your final design.</p>
<p begin="11603672080t" end="11635794170t" region="bottomCenter" style="s1" xml:id="subtitle223">You cannot lock me<br/>away from him forever.</p>
<p begin="11636625000t" end="11651219580t" region="bottomCenter" style="s1" xml:id="subtitle224">[Jia Sidao] My dear Empress...</p>
<p begin="11663321670t" end="11683341670t" region="bottomCenter" style="s1" xml:id="subtitle225">I never considered that an option.</p>
<p begin="11717125420t" end="11740478750t" region="bottomCenter" style="s1" xml:id="subtitle226">-[gun fires]<br/>-[body thudding]</p>
<p begin="11780939170t" end="11800959170t" region="bottomCenter" style="s1" xml:id="subtitle227">[grunting]</p>
<p begin="11984052080t" end="12010748750t" region="bottomCenter" style="s1" xml:id="subtitle228">You're here to defend him?</p>
<p begin="12011579580t" end="12051209170t" region="bottomCenter" style="s1" xml:id="subtitle229">Lord Khan, years ago,<br/>you took my eyes.</p>
<p begin="12052040000t" end="12092910830t" region="bottomCenter" style="s1" xml:id="subtitle230">Today... I offer you the rest of me.</p>
<p begin="12093751670t" end="12114182080t" region="bottomCenter" style="s1" xml:id="subtitle231">What do you speak of?</p>
<p begin="12115022920t" end="12151719580t" region="bottomCenter" style="s1" xml:id="subtitle232">If the boy is culpable as you say,</p>
<p begin="12152560420t" end="12199687500t" region="bottomCenter" style="s1" xml:id="subtitle233">and I have no reason to doubt<br/>the Khan's good judgment on such matters,</p>
<p begin="12200518330t" end="12229717500t" region="bottomCenter" style="s1" xml:id="subtitle234">then I am equally culpable.</p>
<p begin="12230548330t" end="12255993750t" region="bottomCenter" style="s1" xml:id="subtitle235">You entrusted the Latin to me.</p>
<p begin="12256824580t" end="12288526250t" region="bottomCenter" style="s1" xml:id="subtitle236">I trained him, fought beside him.</p>
<p begin="12289357080t" end="12312720420t" region="bottomCenter" style="s1" xml:id="subtitle237">How can you not<br/>believe me complicit?</p>
<p begin="12313551250t" end="12327735420t" region="bottomCenter" style="s1" xml:id="subtitle238">-Get out!<br/>-Lord Khan--</p>
<p begin="12328566250t" end="12364852500t" region="bottomCenter" style="s1" xml:id="subtitle239">Guards!<br/>Escort the monk out of my sight.</p>
<p begin="12365683330t" end="12390708330t" region="bottomCenter" style="s1" xml:id="subtitle240">Do not allow him to return.</p>
<p begin="12625532920t" end="12647214580t" region="bottomCenter" style="s1" xml:id="subtitle241">-Where do you intend to go?<br/>-The Ministry of Justice.</p>
<p begin="12648055420t" end="12668485830t" region="bottomCenter" style="s1" xml:id="subtitle242">-For what purpose?<br/>-None of your concern.</p>
<p begin="12694762080t" end="12721879170t" region="bottomCenter" style="s1" xml:id="subtitle243">My apologies,<br/>but you may not leave, Princess.</p>
<p begin="12722710000t" end="12738555830t" region="bottomCenter" style="s1" xml:id="subtitle244">Pardon me?</p>
<p begin="12739396670t" end="12753991250t" region="bottomCenter" style="s1" xml:id="subtitle245">I cannot allow you to leave.</p>
<p begin="12754822080t" end="12767755000t" region="bottomCenter" style="s1" xml:id="subtitle246">You're my servant.</p>
<p begin="12768585830t" end="12790277500t" region="bottomCenter" style="s1" xml:id="subtitle247">As well as your defender.</p>
<p begin="12802790000t" end="12816553750t" region="bottomCenter" style="s1" xml:id="subtitle248">Whom do you take orders from?</p>
<p begin="12817384580t" end="12851588750t" region="bottomCenter" style="s1" xml:id="subtitle249">The Blue Princess commands me<br/>as dictated by the Great Khan.</p>
<p begin="12852419580t" end="12880367500t" region="bottomCenter" style="s1" xml:id="subtitle250">You had best remember that.</p>
<p begin="12881198330t" end="12894551670t" region="bottomCenter" style="s1" xml:id="subtitle251">Stand aside!</p>
<p begin="12975462500t" end="13015502500t" region="bottomCenter" style="s1" xml:id="subtitle252">Empress Chabi has instructed<br/>that you remain in your quarters.</p>
<p begin="13034691670t" end="13065132080t" region="bottomCenter" style="s1" xml:id="subtitle253">-Until?<br/>-We receive further orders.</p>
<p begin="13363770420t" end="13375031670t" region="bottomCenter" style="s1" xml:id="subtitle254">Hello, Ling Ling.</p>
<p begin="13408815420t" end="13463449999t" region="bottomCenter" style="s1" xml:id="subtitle255">I appreciate your regard, child,<br/>but sit with me.</p>
<p begin="13522679169t" end="13547704169t" region="bottomCenter" style="s1" xml:id="subtitle256">You're beyond your years<br/>in grace and training.</p>
<p begin="13559796249t" end="13598584999t" region="bottomCenter" style="s1" xml:id="subtitle257">Regrettably, that is found<br/>far too infrequently in children your age.</p>
<p begin="13599415829t" end="13629035419t" region="bottomCenter" style="s1" xml:id="subtitle258">My thanks, My Lady.</p>
<p begin="13629866249t" end="13644881249t" region="bottomCenter" style="s1" xml:id="subtitle259">When I was a young girl,</p>
<p begin="13645712079t" end="13688254579t" region="bottomCenter" style="s1" xml:id="subtitle260">my mother told me it was as if<br/>I had been raised by wild yaks,</p>
<p begin="13689095419t" end="13716202499t" region="bottomCenter" style="s1" xml:id="subtitle261">spitting and kicking<br/>everyone around me.</p>
<p begin="13751237499t" end="13767503749t" region="bottomCenter" style="s1" xml:id="subtitle262">How are you feeling?</p>
<p begin="13784190419t" end="13809215419t" region="bottomCenter" style="s1" xml:id="subtitle263">My feet hurt less, My Lady.</p>
<p begin="13818804999t" end="13837573749t" region="bottomCenter" style="s1" xml:id="subtitle264">Good news.</p>
<p begin="13850086249t" end="13870937079t" region="bottomCenter" style="s1" xml:id="subtitle265">How are you finding<br/>your time in Cambulac?</p>
<p begin="13871777919t" end="13891797919t" region="bottomCenter" style="s1" xml:id="subtitle266">I enjoy it greatly.</p>
<p begin="13913899999t" end="13942258329t" region="bottomCenter" style="s1" xml:id="subtitle267">You miss your home?<br/>Your family?</p>
<p begin="13982718749t" end="13996902919t" region="bottomCenter" style="s1" xml:id="subtitle268">Tell me of your mother.</p>
<p begin="14011077079t" end="14047363329t" region="bottomCenter" style="s1" xml:id="subtitle269">To have a daughter such as yourself,<br/>she must be lovely.</p>
<p begin="14057373329t" end="14083239169t" region="bottomCenter" style="s1" xml:id="subtitle270">She is. She's a dancer.</p>
<p begin="14112848749t" end="14124940829t" region="bottomCenter" style="s1" xml:id="subtitle271">A dancer?</p>
<p begin="14134950829t" end="14154139999t" region="bottomCenter" style="s1" xml:id="subtitle272">Does she dance for you?</p>
<p begin="14154970829t" end="14169985829t" region="bottomCenter" style="s1" xml:id="subtitle273">For my father.</p>
<p begin="14184169999t" end="14215451249t" region="bottomCenter" style="s1" xml:id="subtitle274">I am quite sure he enjoys that.</p>
<p begin="14216282079t" end="14242558329t" region="bottomCenter" style="s1" xml:id="subtitle275">She was his favorite.</p>
<p begin="14276762499t" end="14289695419t" region="bottomCenter" style="s1" xml:id="subtitle276">His favorite?</p>
<p begin="14322638329t" end="14351837499t" region="bottomCenter" style="s1" xml:id="subtitle277">Did your father<br/>have many dancers?</p>
<p begin="14451106669t" end="14468203749t" region="bottomCenter" style="s1" xml:id="subtitle278">Does your father still live?</p>
<p begin="14524930419t" end="14559965419t" region="bottomCenter" style="s1" xml:id="subtitle279">Did your father sit on a throne?</p>
<p begin="14594159579t" end="14610425829t" region="bottomCenter" style="s1" xml:id="subtitle280">[Ahmad] <span style="s1_1">We own Chinese royalty?</span></p>
<p begin="14618353749t" end="14657973329t" region="bottomCenter" style="s1" xml:id="subtitle281">That's more precious than anything<br/>that surrounds us in this moment.</p>
<p begin="14658814169t" end="14678834169t" region="bottomCenter" style="s1" xml:id="subtitle282">The question is,<br/>how best to use it?</p>
<p begin="14679664999t" end="14703859169t" region="bottomCenter" style="s1" xml:id="subtitle283">We own nothing.</p>
<p begin="14704689999t" end="14739304579t" region="bottomCenter" style="s1" xml:id="subtitle284">The daughter rightfully does not trust me.<br/>The mother less so.</p>
<p begin="14740145419t" end="14770175419t" region="bottomCenter" style="s1" xml:id="subtitle285">Her mother's like a wounded animal,<br/>desperate for kindness.</p>
<p begin="14771006249t" end="14814799999t" region="bottomCenter" style="s1" xml:id="subtitle286">One which will lick your hand<br/>simply to get a taste before biting.</p>
<p begin="14815630829t" end="14842327499t" region="bottomCenter" style="s1" xml:id="subtitle287">Some men pay good coin<br/>for such pleasures.</p>
<p begin="14857342499t" end="14887372499t" region="bottomCenter" style="s1" xml:id="subtitle288">I wonder sometimes<br/>about that mind of yours.</p>
<p begin="14888203329t" end="14914069169t" region="bottomCenter" style="s1" xml:id="subtitle289">Clear in intent, Lady Empress.</p>
<p begin="14924079169t" end="14948683749t" region="bottomCenter" style="s1" xml:id="subtitle290">Then be intent on this matter.</p>
<p begin="14954939999t" end="15006241249t" region="bottomCenter" style="s1" xml:id="subtitle291">To tame an animal,<br/>it must fear the raising of your hand.</p>
<p begin="15007072079t" end="15027932919t" region="bottomCenter" style="s1" xml:id="subtitle292">I may be just ahead of you<br/>at this moment.</p>
<p begin="15049614579t" end="15061716669t" region="bottomCenter" style="s1" xml:id="subtitle293">How so?</p>
<p begin="15062547499t" end="15085069999t" region="bottomCenter" style="s1" xml:id="subtitle294">I planted a seed in the mother's head</p>
<p begin="15085900829t" end="15108012919t" region="bottomCenter" style="s1" xml:id="subtitle295">that her daughter is...</p>
<p begin="15108843749t" end="15138453329t" region="bottomCenter" style="s1" xml:id="subtitle296">closer than she first envisioned.</p>
<p begin="15139294169t" end="15162647499t" region="bottomCenter" style="s1" xml:id="subtitle297">I imagine it may have<br/>sprouted as a weed.</p>
<p begin="15163478329t" end="15174739579t" region="bottomCenter" style="s1" xml:id="subtitle298">Hmm.</p>
<p begin="15309464169t" end="15335319999t" region="bottomCenter" style="s1" xml:id="subtitle299">[Marco] I value your friendship, Sifu.</p>
<p begin="15345750419t" end="15387041669t" region="bottomCenter" style="s1" xml:id="subtitle300">As I have stated time and again,<br/>I am not your friend.</p>
<p begin="15387872499t" end="15407472079t" region="bottomCenter" style="s1" xml:id="subtitle301">Far from it.</p>
<p begin="15408312919t" end="15433337919t" region="bottomCenter" style="s1" xml:id="subtitle302">I know you wish to believe that,</p>
<p begin="15434168749t" end="15476711249t" region="bottomCenter" style="s1" xml:id="subtitle303">but you cared for me,<br/>taught me, protected me.</p>
<p begin="15487972499t" end="15515499999t" region="bottomCenter" style="s1" xml:id="subtitle304">What would you call that,<br/>if not friendship?</p>
<p begin="15516330829t" end="15534268749t" region="bottomCenter" style="s1" xml:id="subtitle305">An onerous burden.</p>
<p begin="15553037499t" end="15581816249t" region="bottomCenter" style="s1" xml:id="subtitle306">In few hours' time,<br/>that burden will be lifted.</p>
<p begin="15595159579t" end="15624779169t" region="bottomCenter" style="s1" xml:id="subtitle307">[Hundred Eyes]<br/>And I will have lost a friend.</p>
<p begin="15625609999t" end="15644799169t" region="bottomCenter" style="s1" xml:id="subtitle308">[Marco] Is there no escape?</p>
<p begin="15645629999t" end="15666480829t" region="bottomCenter" style="s1" xml:id="subtitle309">[Hundred Eyes]<br/>From you leaving this mortal body?</p>
<p begin="15677742079t" end="15690674999t" region="bottomCenter" style="s1" xml:id="subtitle310">[Marco] Yes.</p>
<p begin="15691505829t" end="15705269579t" region="bottomCenter" style="s1" xml:id="subtitle311">[Hundred Eyes] None.</p>
<p begin="15706110419t" end="15728632919t" region="bottomCenter" style="s1" xml:id="subtitle312">Unless you can find<br/>something to gift to him</p>
<p begin="15729463749t" end="15756570829t" region="bottomCenter" style="s1" xml:id="subtitle313">that is more valuable than your life.</p>
<p begin="15772006249t" end="15793277499t" region="bottomCenter" style="s1" xml:id="subtitle314">[thunder rumbling]</p>
<p begin="16104418329t" end="16116099999t" region="bottomCenter" style="s1" xml:id="subtitle315">[Zhao Xian] Why?</p>
<p begin="16116930829t" end="16139453329t" region="bottomCenter" style="s1" xml:id="subtitle316">[Jia Sidao]<br/>She missed your father so much.</p>
<p begin="16140294169t" end="16192005829t" region="bottomCenter" style="s1" xml:id="subtitle317">Sometimes, hearts are broken<br/>and they cannot be pieced together again.</p>
<p begin="16192846669t" end="16213697499t" region="bottomCenter" style="s1" xml:id="subtitle318">Will mine break?</p>
<p begin="16214528329t" end="16244558329t" region="bottomCenter" style="s1" xml:id="subtitle319">No... because you do not need her.</p>
<p begin="16253317079t" end="16298362079t" region="bottomCenter" style="s1" xml:id="subtitle320">You do not need me or anyone.<br/>You need only this.</p>
<p begin="16376359999t" end="16388041669t" region="bottomCenter" style="s1" xml:id="subtitle321">What do you see?</p>
<p begin="16401805419t" end="16413897499t" region="bottomCenter" style="s1" xml:id="subtitle322">A bug.</p>
<p begin="16414728329t" end="16448101669t" region="bottomCenter" style="s1" xml:id="subtitle323">You're most correct,<br/>but it is so much more.</p>
<p begin="16448932499t" end="16468952499t" region="bottomCenter" style="s1" xml:id="subtitle324">This mantis that I give to you</p>
<p begin="16477290829t" end="16514417919t" region="bottomCenter" style="s1" xml:id="subtitle325">was one of 300 nymphs, babies...</p>
<p begin="16515248749t" end="16527340829t" region="bottomCenter" style="s1" xml:id="subtitle326">about this big.</p>
<p begin="16534437919t" end="16556539999t" region="bottomCenter" style="s1" xml:id="subtitle327">Imagine that, 300.</p>
<p begin="16557370829t" end="16586569999t" region="bottomCenter" style="s1" xml:id="subtitle328">The strongest among them<br/>kill the weakest among them</p>
<p begin="16593246669t" end="16611594999t" region="bottomCenter" style="s1" xml:id="subtitle329">until the very best are left.</p>
<p begin="16612425829t" end="16626609999t" region="bottomCenter" style="s1" xml:id="subtitle330">A mere handful.</p>
<p begin="16636619999t" end="16677911249t" region="bottomCenter" style="s1" xml:id="subtitle331">Now, this mantis will leave this life<br/>within 10 months of today.</p>
<p begin="16700013329t" end="16737971249t" region="bottomCenter" style="s1" xml:id="subtitle332">You must take this time as an opportunity<br/>to learn everything you can.</p>
<p begin="16738802079t" end="16760914169t" region="bottomCenter" style="s1" xml:id="subtitle333">To study, to practice,</p>
<p begin="16761744999t" end="16791354579t" region="bottomCenter" style="s1" xml:id="subtitle334">to absorb all the lessons of the mantis,</p>
<p begin="16792195419t" end="16803036249t" region="bottomCenter" style="s1" xml:id="subtitle335">for there are many.</p>
<p begin="16803867079t" end="16851834999t" region="bottomCenter" style="s1" xml:id="subtitle336">Patience, speed,<br/>adaptability, ruthlessness.</p>
<p begin="16858922079t" end="16880193329t" region="bottomCenter" style="s1" xml:id="subtitle337">The traits of a warrior king.</p>
<p begin="16891454579t" end="16908141249t" region="bottomCenter" style="s1" xml:id="subtitle338">Heed my words, my Emperor...</p>
<p begin="16920233329t" end="16944427499t" region="bottomCenter" style="s1" xml:id="subtitle339">and you will become as the mantis.</p>
<p begin="17115017919t" end="17127109999t" region="bottomCenter" style="s1" xml:id="subtitle340">[Kokachin] Judar?</p>
<p begin="17137950829t" end="17152555419t" region="bottomCenter" style="s1" xml:id="subtitle341">Yes, Princess?</p>
<p begin="17174657499t" end="17207610420t" region="bottomCenter" style="s1" xml:id="subtitle342">Fetch me some sandalwood<br/>for my bath.</p>
<p begin="17208441250t" end="17226789580t" region="bottomCenter" style="s1" xml:id="subtitle343">Yes, Princess.</p>
<p begin="17412395000t" end="17425738330t" region="bottomCenter" style="s1" xml:id="subtitle344">[gasps]</p>
<p begin="17459522080t" end="17488300830t" region="bottomCenter" style="s1" xml:id="subtitle345">[panting]</p>
<p begin="17722705000t" end="17736889170t" region="bottomCenter" style="s1" xml:id="subtitle346">What are your thoughts?</p>
<p begin="17756909170t" end="17774837080t" region="bottomCenter" style="s1" xml:id="subtitle347">I do not know.</p>
<p begin="17826138330t" end="17839902080t" region="bottomCenter" style="s1" xml:id="subtitle348">Is it my doing?</p>
<p begin="17852835000t" end="17870352500t" region="bottomCenter" style="s1" xml:id="subtitle349">Are you frustrated with me?</p>
<p begin="17871183330t" end="17899551670t" region="bottomCenter" style="s1" xml:id="subtitle350">No. No, never.</p>
<p begin="17941253330t" end="17957519580t" region="bottomCenter" style="s1" xml:id="subtitle351">I need you here.</p>
<p begin="18013825830t" end="18024676670t" region="bottomCenter" style="s1" xml:id="subtitle352">I am.</p>
<p begin="18078890830t" end="18099751670t" region="bottomCenter" style="s1" xml:id="subtitle353">Why am I not relieved?</p>
<p begin="18131863750t" end="18180242080t" region="bottomCenter" style="s1" xml:id="subtitle354">You are sensitive to the grief of others,<br/>no matter their transgressions.</p>
<p begin="18194426250t" end="18227379170t" region="bottomCenter" style="s1" xml:id="subtitle355">Every breath the Latin takes<br/>is a burden on your soul.</p>
<p begin="18244896670t" end="18292444170t" region="bottomCenter" style="s1" xml:id="subtitle356">At sun's light... you will find relief.</p>
<p begin="18445927500t" end="18471372920t" region="bottomCenter" style="s1" xml:id="subtitle357">Did I introduce a curse<br/>into our bed?</p>
<p begin="18509320830t" end="18535186670t" region="bottomCenter" style="s1" xml:id="subtitle358">You are the son of a Khan...</p>
<p begin="18550201670t" end="18575226670t" region="bottomCenter" style="s1" xml:id="subtitle359">a Khan in waiting.</p>
<p begin="18598159580t" end="18632784170t" region="bottomCenter" style="s1" xml:id="subtitle360">The fault rests with me<br/>and me alone.</p>
<p begin="18732884170t" end="18756657920t" region="bottomCenter" style="s1" xml:id="subtitle361">[door opening]</p>
<p begin="18859670830t" end="18887618750t" region="bottomCenter" style="s1" xml:id="subtitle362">[Chabi] Do not make your presence known.</p>
<p begin="18917228330t" end="18957268330t" region="bottomCenter" style="s1" xml:id="subtitle363">I wanted you to see that she lives.<br/>As you wished.</p>
<p begin="18968950000t" end="18989390420t" region="bottomCenter" style="s1" xml:id="subtitle364">She will always be here,</p>
<p begin="18990221250t" end="19024005000t" region="bottomCenter" style="s1" xml:id="subtitle365">under my watchful eye,<br/>under my tutelage.</p>
<p begin="19034435420t" end="19056957920t" region="bottomCenter" style="s1" xml:id="subtitle366">I will care for her as my own.</p>
<p begin="19110761670t" end="19121182080t" region="bottomCenter" style="s1" xml:id="subtitle367">[gasps]</p>
<p begin="19122022920t" end="19154965830t" region="bottomCenter" style="s1" xml:id="subtitle368">Look at her, remember her.</p>
<p begin="19167067920t" end="19180831670t" region="bottomCenter" style="s1" xml:id="subtitle369">You will never see her again.</p>
<p begin="19201262080t" end="19234635420t" region="bottomCenter" style="s1" xml:id="subtitle370">But if you do what I say,<br/>when I say it,</p>
<p begin="19235466250t" end="19283434170t" region="bottomCenter" style="s1" xml:id="subtitle371">you can be secure in the knowledge that<br/>her days will stretch long before her.</p>
<p begin="19391872500t" end="19404385000t" region="bottomCenter" style="s1" xml:id="subtitle372">Come now.</p>
<p begin="19652963330t" end="19677157500t" region="bottomCenter" style="s1" xml:id="subtitle373">What is the benefit<br/>of being a princess</p>
<p begin="19677988330t" end="19710941250t" region="bottomCenter" style="s1" xml:id="subtitle374">if your lord requires you<br/>to perform your own labor?</p>
<p begin="19711772080t" end="19740550830t" region="bottomCenter" style="s1" xml:id="subtitle375">We will do the same<br/>to our children one day.</p>
<p begin="19750560830t" end="19766416670t" region="bottomCenter" style="s1" xml:id="subtitle376">Where are your belongings?</p>
<p begin="19774755000t" end="19820630830t" region="bottomCenter" style="s1" xml:id="subtitle377">I looked for what I should pack<br/>and realized everything I need is here.</p>
<p begin="19840650830t" end="19864845000t" region="bottomCenter" style="s1" xml:id="subtitle378">In a week's time, we will be home.</p>
<p begin="19894044170t" end="19917817920t" region="bottomCenter" style="s1" xml:id="subtitle379">Is this as foreign to you<br/>as it is to me?</p>
<p begin="19918648750t" end="19931581670t" region="bottomCenter" style="s1" xml:id="subtitle380">More so.</p>
<p begin="19944094170t" end="19966616670t" region="bottomCenter" style="s1" xml:id="subtitle381">Do you think we will ever settle into it?</p>
<p begin="19967447500t" end="19984134170t" region="bottomCenter" style="s1" xml:id="subtitle382">I hope not.</p>
<p begin="20229789580t" end="20243973750t" region="bottomCenter" style="s1" xml:id="subtitle383">Minister.</p>
<p begin="20385365000t" end="20412061670t" region="bottomCenter" style="s1" xml:id="subtitle384">Is this what you<br/>summoned me down here for?</p>
<p begin="20412892500t" end="20433743330t" region="bottomCenter" style="s1" xml:id="subtitle385">You oversee war.</p>
<p begin="20447927500t" end="20475875420t" region="bottomCenter" style="s1" xml:id="subtitle386">And I am going to tell you how to win it.</p>
<p begin="20504233750t" end="20522171670t" region="bottomCenter" style="s1" xml:id="subtitle387">Thank you for coming.</p>
<p begin="20534263750t" end="20563873330t" region="bottomCenter" style="s1" xml:id="subtitle388">Do you think I would deny<br/>a dying man an audience?</p>
<p begin="20564714170t" end="20582231670t" region="bottomCenter" style="s1" xml:id="subtitle389">I know nothing of you.</p>
<p begin="20583062500t" end="20614764170t" region="bottomCenter" style="s1" xml:id="subtitle390">In this, you are at a decided advantage.</p>
<p begin="20632281670t" end="20642291670t" region="bottomCenter" style="s1" xml:id="subtitle391">Your journal.</p>
<p begin="20656055420t" end="20672732080t" region="bottomCenter" style="s1" xml:id="subtitle392">It is most enlightening</p>
<p begin="20673572920t" end="20715695000t" region="bottomCenter" style="s1" xml:id="subtitle393">when one has unfettered access<br/>inside a person's thoughts.</p>
<p begin="20730289580t" end="20753232500t" region="bottomCenter" style="s1" xml:id="subtitle394">Warrantless access.</p>
<p begin="20754063330t" end="20777006250t" region="bottomCenter" style="s1" xml:id="subtitle395">To be fair, you were an enigma.</p>
<p begin="20787016250t" end="20805785000t" region="bottomCenter" style="s1" xml:id="subtitle396">One that had grown close to my Khan.</p>
<p begin="20806615830t" end="20845825000t" region="bottomCenter" style="s1" xml:id="subtitle397">You could have sat with me<br/>prior to my last night of life...</p>
<p begin="20846655830t" end="20858337500t" region="bottomCenter" style="s1" xml:id="subtitle398">and asked.</p>
<p begin="20874183330t" end="20917146250t" region="bottomCenter" style="s1" xml:id="subtitle399">I am certain you would not have granted me<br/>the insight I required.</p>
<p begin="20939248330t" end="20949258330t" region="bottomCenter" style="s1" xml:id="subtitle400">But...</p>
<p begin="20961360420t" end="20973452500t" region="bottomCenter" style="s1" xml:id="subtitle401">I procured the journal</p>
<p begin="20974283330t" end="21002651670t" region="bottomCenter" style="s1" xml:id="subtitle402">prior to your writing of one curiosity.</p>
<p begin="21012661670t" end="21041440420t" region="bottomCenter" style="s1" xml:id="subtitle403">What made you cease<br/>your attempts at escape?</p>
<p begin="21057286250t" end="21070629580t" region="bottomCenter" style="s1" xml:id="subtitle404">Was it her?</p>
<p begin="21125684580t" end="21169478330t" region="bottomCenter" style="s1" xml:id="subtitle405">Under the circumstances,<br/>you need not hold your tongue.</p>
<p begin="21224533330t" end="21238297080t" region="bottomCenter" style="s1" xml:id="subtitle406">Partially.</p>
<p begin="21254983750t" end="21271250000t" region="bottomCenter" style="s1" xml:id="subtitle407">Significantly.</p>
<p begin="21287516250t" end="21307536250t" region="bottomCenter" style="s1" xml:id="subtitle408">But not entirely.</p>
<p begin="21395544170t" end="21406805420t" region="bottomCenter" style="s1" xml:id="subtitle409">Tell me.</p>
<p begin="21482290830t" end="21506485000t" region="bottomCenter" style="s1" xml:id="subtitle410">The walled Phoenician city of Tyre.</p>
<p begin="21518997500t" end="21546525000t" region="bottomCenter" style="s1" xml:id="subtitle411">It defied Alexander for 13 long years.</p>
<p begin="21567796250t" end="21599077500t" region="bottomCenter" style="s1" xml:id="subtitle412">Built on an island,<br/>Tyre was walled to the sea,</p>
<p begin="21599908330t" end="21635784170t" region="bottomCenter" style="s1" xml:id="subtitle413">an insurmountable fortress<br/>that was key to all of Persia.</p>
<p begin="21636615000t" end="21673321670t" region="bottomCenter" style="s1" xml:id="subtitle414">He attempted to breach the walls<br/>using common instruments of war,</p>
<p begin="21674152500t" end="21714192500t" region="bottomCenter" style="s1" xml:id="subtitle415">arrows, battering rams, catapults.</p>
<p begin="21715023330t" end="21758817080t" region="bottomCenter" style="s1" xml:id="subtitle416">But three dozen men<br/>are needed to load and fire one.</p>
<p begin="21779677920t" end="21829307500t" region="bottomCenter" style="s1" xml:id="subtitle417">Alexander employed... the trebuchet,</p>
<p begin="21830138330t" end="21879777920t" region="bottomCenter" style="s1" xml:id="subtitle418">a siege engine powered not by men<br/>but by a counterweight.</p>
<p begin="21887285420t" end="21923151250t" region="bottomCenter" style="s1" xml:id="subtitle419">Imagine the weight of<br/>6,000 pounds on one end</p>
<p begin="21923982080t" end="21949847920t" region="bottomCenter" style="s1" xml:id="subtitle420">and a 300-pound rock set on the other.</p>
<p begin="21964022080t" end="21999897920t" region="bottomCenter" style="s1" xml:id="subtitle421">Imagine firing 1,000 in a single day.</p>
<p begin="22054952920t" end="22110007920t" region="bottomCenter" style="s1" xml:id="subtitle422">Imagine what even three of these engines<br/>could do to the walls of Xiangyang.</p>
<p begin="22120848750t" end="22164222080t" region="bottomCenter" style="s1" xml:id="subtitle423">And at a distance that keeps<br/>the army safe from archers.</p>
<p begin="22165062920t" end="22177575420t" region="bottomCenter" style="s1" xml:id="subtitle424">Correct.</p>
<p begin="22221779580t" end="22240548330t" region="bottomCenter" style="s1" xml:id="subtitle425">Altruism still?</p>
<p begin="22250558330t" end="22283090830t" region="bottomCenter" style="s1" xml:id="subtitle426">Even in the face of your execution?</p>
<p begin="22283931670t" end="22297695420t" region="bottomCenter" style="s1" xml:id="subtitle427">Not purely.</p>
<p begin="22313961670t" end="22331889580t" region="bottomCenter" style="s1" xml:id="subtitle428">I'm not afraid to die...</p>
<p begin="22343991670t" end="22386113750t" region="bottomCenter" style="s1" xml:id="subtitle429">but I'm terrified to do so<br/>while branded a traitor.</p>
<p begin="22453681250t" end="22479957500t" region="bottomCenter" style="s1" xml:id="subtitle430">What is the entirety you spoke of earlier?</p>
<p begin="22494141670t" end="22512069580t" region="bottomCenter" style="s1" xml:id="subtitle431">What else made you stay?</p>
<p begin="22555452920t" end="22598826250t" region="bottomCenter" style="s1" xml:id="subtitle432">The moment the Khan gave me the choice<br/>to deliver my father from death.</p>
<p begin="22613841250t" end="22638035420t" region="bottomCenter" style="s1" xml:id="subtitle433">He is a good man.</p>
<p begin="22827805000t" end="22863260420t" region="bottomCenter" style="s1" xml:id="subtitle434">Grandfather, why couldn't<br/>you have taken that?</p>
<p begin="22864091250t" end="22896203330t" region="bottomCenter" style="s1" xml:id="subtitle435">Why couldn't you have taken that wall?</p>
<p begin="23136863750t" end="23177734580t" region="bottomCenter" style="s1" xml:id="subtitle436">My Emperor, these men<br/>are all that remain of the Red Lotus.</p>
<p begin="23178575420t" end="23209856670t" region="bottomCenter" style="s1" xml:id="subtitle437">Traitors within the kingdom determined<br/>to undermine the Emperor's mission,</p>
<p begin="23216112920t" end="23247804580t" region="bottomCenter" style="s1" xml:id="subtitle438">determined to destroy<br/>the Emperor and his dynasty.</p>
<p begin="23248645420t" end="23278675420t" region="bottomCenter" style="s1" xml:id="subtitle439">They are your enemy.</p>
<p begin="23279506250t" end="23304951670t" region="bottomCenter" style="s1" xml:id="subtitle440">They are weak.<br/>They must be punished.</p>
<p begin="23324551250t" end="23362088750t" region="bottomCenter" style="s1" xml:id="subtitle441">What does the strong mantis do<br/>to its weaker brothers and sisters?</p>
<p begin="23397123750t" end="23412138750t" region="bottomCenter" style="s1" xml:id="subtitle442">Kill them.</p>
<p begin="23419225830t" end="23430487080t" region="bottomCenter" style="s1" xml:id="subtitle443">[Jia Sidao] Hmm.</p>
<p begin="23495552080t" end="23509315830t" region="bottomCenter" style="s1" xml:id="subtitle444">A catapult?</p>
<p begin="23519325830t" end="23533930420t" region="bottomCenter" style="s1" xml:id="subtitle445">Waste of my time.</p>
<p begin="23543940420t" end="23581888330t" region="bottomCenter" style="s1" xml:id="subtitle446">Lord Khan, with respect,<br/>this may very well be the key--</p>
<p begin="23582729170t" end="23611087500t" region="bottomCenter" style="s1" xml:id="subtitle447">[Kublai] The key to Xiangyang, finally!</p>
<p begin="23621517920t" end="23664470830t" region="bottomCenter" style="s1" xml:id="subtitle448">If only my Vice Regent<br/>had attained this key years ago!</p>
<p begin="23665311670t" end="23681577920t" region="bottomCenter" style="s1" xml:id="subtitle449">Some magical solution?</p>
<p begin="23682408750t" end="23721197500t" region="bottomCenter" style="s1" xml:id="subtitle450">Why did you bring this to me<br/>when I know you crave my failure?</p>
<p begin="23722028330t" end="23744140420t" region="bottomCenter" style="s1" xml:id="subtitle451">If that is what you believe,</p>
<p begin="23744971250t" end="23764570830t" region="bottomCenter" style="s1" xml:id="subtitle452">then you have not<br/>been listening to anything--</p>
<p begin="23765411670t" end="23791687920t" region="bottomCenter" style="s1" xml:id="subtitle453">[Kublai] Enough of your insolence!</p>
<p begin="23807954170t" end="23820466670t" region="bottomCenter" style="s1" xml:id="subtitle454">You...</p>
<p begin="23837563750t" end="23868424580t" region="bottomCenter" style="s1" xml:id="subtitle455">beg for my pardon,<br/>is that your scheme?</p>
<p begin="23878855000t" end="23916392500t" region="bottomCenter" style="s1" xml:id="subtitle456">No, Sire.<br/>Begging is for the guilty.</p>
<p begin="23983539580t" end="24025251250t" region="bottomCenter" style="s1" xml:id="subtitle457">I've seen stronger men than you<br/>weep before the rug.</p>
<p begin="24040686670t" end="24078224170t" region="bottomCenter" style="s1" xml:id="subtitle458">When the time comes,<br/>be brave and sure.</p>
<p begin="24094490420t" end="24117012920t" region="bottomCenter" style="s1" xml:id="subtitle459">For it is coming at dawn...</p>
<p begin="24130356250t" end="24152878750t" region="bottomCenter" style="s1" xml:id="subtitle460">no matter how loud you cry.</p>
<p begin="24169565420t" end="24189585420t" region="bottomCenter" style="s1" xml:id="subtitle461">-Lord Khan--<br/>-[grunts sharply]</p>
<p begin="24235040830t" end="24252558330t" region="bottomCenter" style="s1" xml:id="subtitle462">[Kublai slurping]</p>
<p begin="24517412920t" end="24530335830t" region="bottomCenter" style="s1" xml:id="subtitle463">[breathes deeply]</p>
<p begin="25833307500t" end="25844148330t" region="bottomCenter" style="s1" xml:id="subtitle464">[Kublai] <span style="s1_1">Liar!</span></p>
<p begin="25844989170t" end="25856250420t" region="bottomCenter" style="s1" xml:id="subtitle465">You're a liar!</p>
<p begin="25867091250t" end="25901705830t" region="bottomCenter" style="s1" xml:id="subtitle466">Remove yourself.<br/>We speak of this lunacy no more.</p>
<p begin="25902546670t" end="25917561670t" region="bottomCenter" style="s1" xml:id="subtitle467">Tell the <span style="s1_1">kheshig</span> to jail me.</p>
<p begin="25918392500t" end="25958852920t" region="bottomCenter" style="s1" xml:id="subtitle468">You made your point, take your leave.<br/>There is honest work to be done.</p>
<p begin="25959683750t" end="25986380420t" region="bottomCenter" style="s1" xml:id="subtitle469">This is merely a statement of facts.</p>
<p begin="25987211250t" end="26009313330t" region="bottomCenter" style="s1" xml:id="subtitle470">Oh! You hired the assassins?</p>
<p begin="26014738750t" end="26036840830t" region="bottomCenter" style="s1" xml:id="subtitle471">You manipulated that whore, Mei Lin.</p>
<p begin="26037681670t" end="26076050000t" region="bottomCenter" style="s1" xml:id="subtitle472">You instructed my brother<br/>to withhold his troops from Wuchang?</p>
<p begin="26076880830t" end="26092316250t" region="bottomCenter" style="s1" xml:id="subtitle473">You conspired with Jia Sidao?</p>
<p begin="26093147080t" end="26116090000t" region="bottomCenter" style="s1" xml:id="subtitle474">I conspired for and with the Khanate.</p>
<p begin="26116920830t" end="26152796670t" region="bottomCenter" style="s1" xml:id="subtitle475">And you think, what?<br/>The Khanate does not guide my heart?</p>
<p begin="26153627500t" end="26168222080t" region="bottomCenter" style="s1" xml:id="subtitle476">Your mind.</p>
<p begin="26174898750t" end="26203677500t" region="bottomCenter" style="s1" xml:id="subtitle477">But minds can be easily<br/>persuaded of anything.</p>
<p begin="26204508330t" end="26246220000t" region="bottomCenter" style="s1" xml:id="subtitle478">The reason you do not sleep<br/>is because of a longing in your heart</p>
<p begin="26247050830t" end="26274998750t" region="bottomCenter" style="s1" xml:id="subtitle479">-that will never be sated.<br/>-And why should it?</p>
<p begin="26282085830t" end="26312956670t" region="bottomCenter" style="s1" xml:id="subtitle480">-I know you believe Xiangyang will fall.<br/>-It will.</p>
<p begin="26313787500t" end="26360504170t" region="bottomCenter" style="s1" xml:id="subtitle481">And you fear that once conquered,<br/>I turn my aims to lands far reaching?</p>
<p begin="26361335000t" end="26376770420t" region="bottomCenter" style="s1" xml:id="subtitle482">-I do.<br/>-[shouting] Why should I not?</p>
<p begin="26377601250t" end="26405959580t" region="bottomCenter" style="s1" xml:id="subtitle483">Because you know how this will end.</p>
<p begin="26418472080t" end="26439743330t" region="bottomCenter" style="s1" xml:id="subtitle484">As all other dynasties have.</p>
<p begin="26452255830t" end="26471865420t" region="bottomCenter" style="s1" xml:id="subtitle485">Am I not different?</p>
<p begin="26482706250t" end="26501054580t" region="bottomCenter" style="s1" xml:id="subtitle486">I once believed so.</p>
<p begin="26501895420t" end="26525248750t" region="bottomCenter" style="s1" xml:id="subtitle487">It is why I stand before you this evening.</p>
<p begin="26526079580t" end="26547350830t" region="bottomCenter" style="s1" xml:id="subtitle488">Yusuf, you did not do this.</p>
<p begin="26556530000t" end="26577380830t" region="bottomCenter" style="s1" xml:id="subtitle489">My confession stands.</p>
<p begin="26578221670t" end="26629522920t" region="bottomCenter" style="s1" xml:id="subtitle490">Be it betrayal by my hands<br/>or by my heart,</p>
<p begin="26630353750t" end="26646620000t" region="bottomCenter" style="s1" xml:id="subtitle491">I am guilty.</p>
<p begin="26657881250t" end="26671645000t" region="bottomCenter" style="s1" xml:id="subtitle492">What do you want from me?</p>
<p begin="26687080420t" end="26707510830t" region="bottomCenter" style="s1" xml:id="subtitle493">To give up Xiangyang?</p>
<p begin="26708351670t" end="26736289580t" region="bottomCenter" style="s1" xml:id="subtitle494">-You know the answer is yes.<br/>-I cannot.</p>
<p begin="26737130420t" end="26754227500t" region="bottomCenter" style="s1" xml:id="subtitle495">I know that as well.</p>
<p begin="26767160420t" end="26789682920t" region="bottomCenter" style="s1" xml:id="subtitle496">I should hide behind my wall?</p>
<p begin="26790513750t" end="26818461670t" region="bottomCenter" style="s1" xml:id="subtitle497">Take pleasure in the present state?</p>
<p begin="26819292500t" end="26849322500t" region="bottomCenter" style="s1" xml:id="subtitle498">While away my days<br/>and bury myself here when they're done?</p>
<p begin="26850153330t" end="26882685830t" region="bottomCenter" style="s1" xml:id="subtitle499">Where is the fault in that? Hmm?</p>
<p begin="26883526670t" end="26906459579t" region="bottomCenter" style="s1" xml:id="subtitle500">How many lands must be reaped?</p>
<p begin="26912715829t" end="26966519579t" region="bottomCenter" style="s1" xml:id="subtitle501">How many vaults must be filled<br/>and young spirits extinguished?</p>
<p begin="27032835829t" end="27054947919t" region="bottomCenter" style="s1" xml:id="subtitle502">One. One last game.</p>
<p begin="27131274169t" end="27149622499t" region="bottomCenter" style="s1" xml:id="subtitle503">Taken the pieces away.</p>
<p begin="27344817499t" end="27363165829t" region="bottomCenter" style="s1" xml:id="subtitle504">The boy is guilty.</p>
<p begin="27392785419t" end="27424897499t" region="bottomCenter" style="s1" xml:id="subtitle505">His only guilt<br/>is his blind desire for your love.</p>
<p begin="27535427919t" end="27564206669t" region="bottomCenter" style="s1" xml:id="subtitle506">You know who he reminds me of?</p>
<p begin="27575467919t" end="27618010419t" region="bottomCenter" style="s1" xml:id="subtitle507">Yusuf... my crazed cripple of Khazaria.</p>
<p begin="27640943329t" end="27664306669t" region="bottomCenter" style="s1" xml:id="subtitle508">Not in mindless bloodletting...</p>
<p begin="27677229579t" end="27701003329t" region="bottomCenter" style="s1" xml:id="subtitle509">but in dedication to your cause.</p>
<p begin="27727279579t" end="27741884169t" region="bottomCenter" style="s1" xml:id="subtitle510">He does.</p>
<p begin="27752724999t" end="27786929169t" region="bottomCenter" style="s1" xml:id="subtitle511">You need that dedication<br/>at your service</p>
<p begin="27787759999t" end="27807359579t" region="bottomCenter" style="s1" xml:id="subtitle512">at all times.</p>
<p begin="27839481669t" end="27885357499t" region="bottomCenter" style="s1" xml:id="subtitle513">I am no longer capable of it,<br/>nor am I willing.</p>
<p begin="27927899999t" end="27970442499t" region="bottomCenter" style="s1" xml:id="subtitle514">You have the finest engineers<br/>in all the world.</p>
<p begin="27971273329t" end="28005057079t" region="bottomCenter" style="s1" xml:id="subtitle515">My final counsel to you<br/>is that you put them to work.</p>
<p begin="28017989999t" end="28045517499t" region="bottomCenter" style="s1" xml:id="subtitle516">Construct the Latin's siege engine.</p>
<p begin="28168139999t" end="28209851669t" region="bottomCenter" style="s1" xml:id="subtitle517">As your Khan,<br/>I do not accept your confession.</p>
<p begin="28280332079t" end="28330382079t" region="bottomCenter" style="s1" xml:id="subtitle518">I have sent messages to every corner of<br/>the kingdom outlining my complicity.</p>
<p begin="28342894579t" end="28390442079t" region="bottomCenter" style="s1" xml:id="subtitle519">In doing so, I have weakened your position<br/>before Karakorum and throughout China.</p>
<p begin="28402123749t" end="28429230829t" region="bottomCenter" style="s1" xml:id="subtitle520">You will be challenged in the Kurultai.</p>
<p begin="28430071669t" end="28445917499t" region="bottomCenter" style="s1" xml:id="subtitle521">You will lose.</p>
<p begin="28460932499t" end="28475527079t" region="bottomCenter" style="s1" xml:id="subtitle522">And in that...</p>
<p begin="28476367919t" end="28508479999t" region="bottomCenter" style="s1" xml:id="subtitle523">a dream of this place may endure.</p>
<p begin="28543935419t" end="28568539999t" region="bottomCenter" style="s1" xml:id="subtitle524">You have no choice, Kublai.</p>
<p begin="28717018329t" end="28745797079t" region="bottomCenter" style="s1" xml:id="subtitle525">[birds chirping]</p>
<p begin="28781672919t" end="28803774999t" region="bottomCenter" style="s1" xml:id="subtitle526">[inhales deeply]</p>
<p begin="29157458329t" end="29182903749t" region="bottomCenter" style="s1" xml:id="subtitle527">I thought I had until dawn.</p>
<p begin="29303023749t" end="29323043749t" region="bottomCenter" style="s1" xml:id="subtitle528">The final battle looms.</p>
<p begin="29333053749t" end="29354745419t" region="bottomCenter" style="s1" xml:id="subtitle529">Be decisive in your victory.</p>
<p begin="29458599169t" end="29481952499t" region="bottomCenter" style="s1" xml:id="subtitle530">You are released from this prison.</p>
<p begin="29509059579t" end="29527417919t" region="bottomCenter" style="s1" xml:id="subtitle531">But I am truly free.</p>
<p begin="30280249999t" end="30298598329t" region="bottomCenter" style="s1" xml:id="subtitle532">[man shouting faintly]</p>
<p begin="30331971669t" end="30352402079t" region="bottomCenter" style="s1" xml:id="subtitle533">[horses galloping]</p>
<p begin="30407457079t" end="30421220829t" region="bottomCenter" style="s1" xml:id="subtitle534">[man urging horse]</p>
<p begin="30608497919t" end="30628097499t" region="bottomCenter" style="s1" xml:id="subtitle535">[theme music playing]</p>
</div>
</body>
</tt>
