<?xml version="1.0" encoding="UTF-8" standalone="no"?>
<tt xmlns:tt="http://www.w3.org/ns/ttml" xmlns:ttm="http://www.w3.org/ns/ttml#metadata" xmlns:ttp="http://www.w3.org/ns/ttml#parameter" xmlns:tts="http://www.w3.org/ns/ttml#styling" ttp:tickRate="10000000" ttp:timeBase="media" xmlns="http://www.w3.org/ns/ttml">
<head>
<ttp:profile use="http://netflix.com/ttml/profile/dfxp-ls-sdh"/>
<styling>
<style tts:color="white" tts:fontSize="100%" tts:fontWeight="normal" xml:id="s1"/>
<style tts:color="white" tts:fontSize="100%" tts:fontStyle="italic" tts:fontWeight="normal" xml:id="s1_1"/>
</styling>
<layout>
<region tts:displayAlign="after" tts:extent="80.00% 80.00%" tts:origin="10.00% 10.00%" tts:textAlign="center" xml:id="bottomCenter"/>
</layout>
</head>
<body>
<div xml:space="preserve">
<p begin="342011670t" end="364944580t" region="bottomCenter" style="s1" xml:id="subtitle0">The aim could not be more true.</p>
<p begin="380800420t" end="429178749t" region="bottomCenter" style="s1" xml:id="subtitle1">If the tree line is the wall<br/>and we are two arrow flights scarce,</p>
<p begin="430009579t" end="455034579t" region="bottomCenter" style="s1" xml:id="subtitle2">true aim does not matter, does it?</p>
<p begin="465885419t" end="482982499t" region="bottomCenter" style="s1" xml:id="subtitle3">We need to bring the engine closer.</p>
<p begin="483813329t" end="513432919t" region="bottomCenter" style="s1" xml:id="subtitle4">Bring it closer,<br/>we will become pin cushions.</p>
<p begin="542622080t" end="555555000t" region="bottomCenter" style="s1" xml:id="subtitle5">We need a longer arm.</p>
<p begin="556385830t" end="578077500t" region="bottomCenter" style="s1" xml:id="subtitle6">Longer arm is bigger frame.</p>
<p begin="578908330t" end="606856250t" region="bottomCenter" style="s1" xml:id="subtitle7">Bigger frame is giant wheel.<br/>Bigger rocks.</p>
<p begin="616035420t" end="640219580t" region="bottomCenter" style="s1" xml:id="subtitle8">You are making me to build a monster.</p>
<p begin="641060420t" end="666916250t" region="bottomCenter" style="s1" xml:id="subtitle9">You were the finest<br/>engine builder in Damascus, no?</p>
<p begin="667747080t" end="678177500t" region="bottomCenter" style="s1" xml:id="subtitle10">Yes.</p>
<p begin="679008330t" end="695274580t" region="bottomCenter" style="s1" xml:id="subtitle11">Then build me a monster.</p>
<p begin="852932079t" end="875454579t" region="bottomCenter" style="s1" xml:id="subtitle12">[theme music playing]</p>
<p begin="1959877919t" end="1988236249t" region="bottomCenter" style="s1" xml:id="subtitle13">The Cricket Minister<br/>comes this way.</p>
<p begin="1997825829t" end="2013261249t" region="bottomCenter" style="s1" xml:id="subtitle14">His troops are mobilizing.</p>
<p begin="2020348329t" end="2052049999t" region="bottomCenter" style="s1" xml:id="subtitle15">War is upon us once again.</p>
<p begin="2063731669t" end="2095012919t" region="bottomCenter" style="s1" xml:id="subtitle16">Speak your decree, cousin.<br/>It will be done.</p>
<p begin="2183431250t" end="2200117920t" region="bottomCenter" style="s1" xml:id="subtitle17">There's no need for decrees.</p>
<p begin="2214712500t" end="2231809580t" region="bottomCenter" style="s1" xml:id="subtitle18">Or sermons to rouse.</p>
<p begin="2249327080t" end="2261429170t" region="bottomCenter" style="s1" xml:id="subtitle19">We march...</p>
<p begin="2271439170t" end="2282700420t" region="bottomCenter" style="s1" xml:id="subtitle20">before they do.</p>
<p begin="2293120830t" end="2309807500t" region="bottomCenter" style="s1" xml:id="subtitle21">Go.</p>
<p begin="2310638330t" end="2329407080t" region="bottomCenter" style="s1" xml:id="subtitle22">[Kaidu] By your will, Sire.</p>
<p begin="2330247920t" end="2369036670t" region="bottomCenter" style="s1" xml:id="subtitle23">And by the House of Ögödei,<br/>I will lead your <span style="s1_1">tumens.</span></p>
<p begin="2369867500t" end="2384462080t" region="bottomCenter" style="s1" xml:id="subtitle24">Praises, cousin.</p>
<p begin="2396974580t" end="2424091670t" region="bottomCenter" style="s1" xml:id="subtitle25">You will ride with<br/>our <span style="s1_1">tumens</span> and my sons.</p>
<p begin="2433681250t" end="2464962500t" region="bottomCenter" style="s1" xml:id="subtitle26">I name you commander<br/>of 1,000 men.</p>
<p begin="2465793330t" end="2490818330t" region="bottomCenter" style="s1" xml:id="subtitle27">But I lead this assault.</p>
<p begin="2491659170t" end="2522520000t" region="bottomCenter" style="s1" xml:id="subtitle28">You ride with the House of Kublai.</p>
<p begin="2561308750t" end="2589667080t" region="bottomCenter" style="s1" xml:id="subtitle29">I am grateful for the honor, Khagan.</p>
<p begin="2623871250t" end="2640557920t" region="bottomCenter" style="s1" xml:id="subtitle30">But hear me, please, cousin.</p>
<p begin="2652229580t" end="2689767080t" region="bottomCenter" style="s1" xml:id="subtitle31">Twice my men and horses<br/>have ridden under your banner.</p>
<p begin="2690607920t" end="2705202500t" region="bottomCenter" style="s1" xml:id="subtitle32">Twice my men...</p>
<p begin="2718966250t" end="2752329580t" region="bottomCenter" style="s1" xml:id="subtitle33">and two sons<br/>have fallen to the Chinese.</p>
<p begin="2773600830t" end="2798625830t" region="bottomCenter" style="s1" xml:id="subtitle34">If I do not lead this next assault...</p>
<p begin="2811138330t" end="2836163330t" region="bottomCenter" style="s1" xml:id="subtitle35">my men will return north,<br/>and I with them.</p>
<p begin="2837004170t" end="2869116250t" region="bottomCenter" style="s1" xml:id="subtitle36">Lord Kaidu, there's no need to rush.</p>
<p begin="2869947080t" end="2890807920t" region="bottomCenter" style="s1" xml:id="subtitle37">Let him rush.</p>
<p begin="2891638750t" end="2930847920t" region="bottomCenter" style="s1" xml:id="subtitle38">Let him rush home<br/>to be king of his <span style="s1_1">ger</span> village.</p>
<p begin="2940857920t" end="2970887920t" region="bottomCenter" style="s1" xml:id="subtitle39">King of nomads and sheep.</p>
<p begin="2980897920t" end="2996743750t" region="bottomCenter" style="s1" xml:id="subtitle40">You mock nomads?</p>
<p begin="3023020000t" end="3037614580t" region="bottomCenter" style="s1" xml:id="subtitle41">You mock Genghis?</p>
<p begin="3038455420t" end="3068485420t" region="bottomCenter" style="s1" xml:id="subtitle42">I mock cowards, no one else.</p>
<p begin="3095172080t" end="3127294170t" region="bottomCenter" style="s1" xml:id="subtitle43">Confer with your astrologers, cousin.</p>
<p begin="3128125000t" end="3163160000t" region="bottomCenter" style="s1" xml:id="subtitle44">Confer with your Chinese monks,<br/>your Taoist priests.</p>
<p begin="3173170000t" end="3196943750t" region="bottomCenter" style="s1" xml:id="subtitle45">Look to your Muslim imams<br/>and all your prophets.</p>
<p begin="3197774580t" end="3234901670t" region="bottomCenter" style="s1" xml:id="subtitle46">How goes the Latin's<br/>construction project?</p>
<p begin="3235732500t" end="3250747500t" region="bottomCenter" style="s1" xml:id="subtitle47">My understanding<br/>from our engineers--</p>
<p begin="3251578330t" end="3266182920t" region="bottomCenter" style="s1" xml:id="subtitle48">My engineers!</p>
<p begin="3285782500t" end="3327904580t" region="bottomCenter" style="s1" xml:id="subtitle49">[Kaidu] My understanding from<br/>your engineers is that it is a gamble.</p>
<p begin="3328745420t" end="3353350000t" region="bottomCenter" style="s1" xml:id="subtitle50">-A fool's gamble!<br/>-Mind your treason!</p>
<p begin="3354180830t" end="3366693329t" region="bottomCenter" style="s1" xml:id="subtitle51">Know this!</p>
<p begin="3445111669t" end="3495572079t" region="bottomCenter" style="s1" xml:id="subtitle52">As you lead your sons<br/>back into the jaws of Sidao's China...</p>
<p begin="3512258749t" end="3561888329t" region="bottomCenter" style="s1" xml:id="subtitle53">I will march north to Karakorum<br/>to defend the true Mongol capital.</p>
<p begin="3562729169t" end="3586502919t" region="bottomCenter" style="s1" xml:id="subtitle54">No one asked you to make a decree,</p>
<p begin="3596092499t" end="3642809169t" region="bottomCenter" style="s1" xml:id="subtitle55">yet you do so here<br/>before the throne of the Khan of Khans?</p>
<p begin="3643639999t" end="3672418749t" region="bottomCenter" style="s1" xml:id="subtitle56">I do not need your horses, Kaidu!</p>
<p begin="3686602919t" end="3717463749t" region="bottomCenter" style="s1" xml:id="subtitle57">I do not need your House of Ögödei!</p>
<p begin="3792538749t" end="3810887079t" region="bottomCenter" style="s1" xml:id="subtitle58">Leave here.</p>
<p begin="3811727919t" end="3834250419t" region="bottomCenter" style="s1" xml:id="subtitle59">You are forever banished.</p>
<p begin="4155821669t" end="4167913749t" region="bottomCenter" style="s1" xml:id="subtitle60">Come with me.</p>
<p begin="4168744579t" end="4204199999t" region="bottomCenter" style="s1" xml:id="subtitle61">When I have avenged my father,<br/>I will come and honor yours.</p>
<p begin="4215040829t" end="4231727499t" region="bottomCenter" style="s1" xml:id="subtitle62">Look for me, Khutulun.</p>
<p begin="4232558329t" end="4259254999t" region="bottomCenter" style="s1" xml:id="subtitle63">I will ride back<br/>with many captured horses.</p>
<p begin="4327242920t" end="4351016670t" region="bottomCenter" style="s1" xml:id="subtitle64">Don't ride back with captured horses.</p>
<p begin="4361026670t" end="4378954580t" region="bottomCenter" style="s1" xml:id="subtitle65">Just ride back.</p>
<p begin="4528694170t" end="4539955420t" region="bottomCenter" style="s1" xml:id="subtitle66">[Jia Sidao] Rise.</p>
<p begin="4602517920t" end="4647973330t" region="bottomCenter" style="s1" xml:id="subtitle67">Great Emperor, Triumphant Chancellor.</p>
<p begin="4648814170t" end="4683849170t" region="bottomCenter" style="s1" xml:id="subtitle68">The men of Suzhou are saddened<br/>by the passing of the Empress.</p>
<p begin="4684680000t" end="4731807080t" region="bottomCenter" style="s1" xml:id="subtitle69">In honor of her memory,<br/>I pledge 5,000 men to the Song army.</p>
<p begin="4745160420t" end="4786031250t" region="bottomCenter" style="s1" xml:id="subtitle70">The Governor of Suzhou.<br/>Very important man.</p>
<p begin="4786862080t" end="4813979170t" region="bottomCenter" style="s1" xml:id="subtitle71">Richer in swordsmen<br/>than he is in porcelain.</p>
<p begin="4814810000t" end="4859434580t" region="bottomCenter" style="s1" xml:id="subtitle72">And he has presented us<br/>with much porcelain in recent years.</p>
<p begin="4860275420t" end="4888213330t" region="bottomCenter" style="s1" xml:id="subtitle73">Will 5,000 troops suffice?</p>
<p begin="4904069170t" end="4914079170t" region="bottomCenter" style="s1" xml:id="subtitle74">[Zhao Xian] No!</p>
<p begin="4925750830t" end="4955370420t" region="bottomCenter" style="s1" xml:id="subtitle75">I will pledge 10,000 men,<br/>my Sovereign.</p>
<p begin="4956201250t" end="4978723750t" region="bottomCenter" style="s1" xml:id="subtitle76">Ten thousand to<br/>the great Song dynasty.</p>
<p begin="4992487500t" end="5014589580t" region="bottomCenter" style="s1" xml:id="subtitle77">[Jia Sidao] His Benevolence<br/>is most pleased, Governor.</p>
<p begin="5022097080t" end="5048373330t" region="bottomCenter" style="s1" xml:id="subtitle78">We thank you and pledge<br/>expansion of your domain</p>
<p begin="5049214170t" end="5075490420t" region="bottomCenter" style="s1" xml:id="subtitle79">when the Mongol plague is removed.</p>
<p begin="5163488330t" end="5194769580t" region="bottomCenter" style="s1" xml:id="subtitle80">Pillow low, quilt is warm,</p>
<p begin="5195610420t" end="5226471250t" region="bottomCenter" style="s1" xml:id="subtitle81">body smooth and peaceful.</p>
<p begin="5238152920t" end="5266090830t" region="bottomCenter" style="s1" xml:id="subtitle82">Sun shines on the door,</p>
<p begin="5266931670t" end="5299464170t" region="bottomCenter" style="s1" xml:id="subtitle83">curtain not yet open.</p>
<p begin="5300295000t" end="5340755420t" region="bottomCenter" style="s1" xml:id="subtitle84">[Judar] Before bonds and agreements<br/>can be duly made,</p>
<p begin="5341586250t" end="5368693330t" region="bottomCenter" style="s1" xml:id="subtitle85">a test of virtue must be witnessed.</p>
<p begin="5383708330t" end="5408322920t" region="bottomCenter" style="s1" xml:id="subtitle86">If these royal matrons</p>
<p begin="5409153750t" end="5448773330t" region="bottomCenter" style="s1" xml:id="subtitle87">witness no blood<br/>upon entry of the pigeon's egg,</p>
<p begin="5449614170t" end="5488813330t" region="bottomCenter" style="s1" xml:id="subtitle88">it is deemed that the prospective bride<br/>has been defiled.</p>
<p begin="5509674170t" end="5548042500t" region="bottomCenter" style="s1" xml:id="subtitle89">Pillow low, quilt is warm,</p>
<p begin="5548873330t" end="5586831250t" region="bottomCenter" style="s1" xml:id="subtitle90">body smooth and peaceful.</p>
<p begin="5587662080t" end="5629794170t" region="bottomCenter" style="s1" xml:id="subtitle91">The water flows,<br/>mind of its own.</p>
<p begin="5630625000t" end="5661485830t" region="bottomCenter" style="s1" xml:id="subtitle92">The birds return to perch.</p>
<p begin="5757001250t" end="5799543750t" region="bottomCenter" style="s1" xml:id="subtitle93">[voice shaking] And when the test<br/>has been made, if the chosen has--</p>
<p begin="5800374580t" end="5810805000t" region="bottomCenter" style="s1" xml:id="subtitle94">Enough, Judar.</p>
<p begin="6003077080t" end="6016430420t" region="bottomCenter" style="s1" xml:id="subtitle95">[gasps]</p>
<p begin="6153647500t" end="6189513330t" region="bottomCenter" style="s1" xml:id="subtitle96">Thus... when the blood<br/>is of proper nature,</p>
<p begin="6190354170t" end="6225389170t" region="bottomCenter" style="s1" xml:id="subtitle97">the bride is proclaimed a virgin,</p>
<p begin="6226220000t" end="6255419170t" region="bottomCenter" style="s1" xml:id="subtitle98">the pending marriage valid.</p>
<p begin="6265008750t" end="6277521250t" region="bottomCenter" style="s1" xml:id="subtitle99">So be it.</p>
<p begin="6293787500t" end="6335499170t" region="bottomCenter" style="s1" xml:id="subtitle100">Sorrow and happiness<br/>are the heresies of virtue, child.</p>
<p begin="6336330000t" end="6374698330t" region="bottomCenter" style="s1" xml:id="subtitle101">As royalty,<br/>you understand such formality.</p>
<p begin="6588251670t" end="6600764170t" region="bottomCenter" style="s1" xml:id="subtitle102">[man speaking native language]</p>
<p begin="6693767080t" end="6712535830t" region="bottomCenter" style="s1" xml:id="subtitle103">[Ahmad] Meditation?</p>
<p begin="6733396669t" end="6755078329t" region="bottomCenter" style="s1" xml:id="subtitle104">I can sit for a count of 10</p>
<p begin="6755919169t" end="6789702919t" region="bottomCenter" style="s1" xml:id="subtitle105">before I start thinking of<br/>all the things yet undone.</p>
<p begin="6805548749t" end="6838501669t" region="bottomCenter" style="s1" xml:id="subtitle106">How do Mongols<br/>raise their girl children?</p>
<p begin="6862685829t" end="6892715829t" region="bottomCenter" style="s1" xml:id="subtitle107">You will never find<br/>a more civilized queen,</p>
<p begin="6893556669t" end="6913987079t" region="bottomCenter" style="s1" xml:id="subtitle108">nor a more compassionate mother.</p>
<p begin="6931924999t" end="6956949999t" region="bottomCenter" style="s1" xml:id="subtitle109">But she is still a Mongol.</p>
<p begin="6968211249t" end="7002415419t" region="bottomCenter" style="s1" xml:id="subtitle110">And when it comes to<br/>protecting her Khan and empire,</p>
<p begin="7003246249t" end="7024517499t" region="bottomCenter" style="s1" xml:id="subtitle111">she will do what needs to be done.</p>
<p begin="7025348329t" end="7042455419t" region="bottomCenter" style="s1" xml:id="subtitle112">As will I...</p>
<p begin="7056219169t" end="7084157079t" region="bottomCenter" style="s1" xml:id="subtitle113">for kindness shown to my child.</p>
<p begin="7134627499t" end="7157149999t" region="bottomCenter" style="s1" xml:id="subtitle114">It is said that a nobleman<br/>once drowned himself</p>
<p begin="7157980829t" end="7178000829t" region="bottomCenter" style="s1" xml:id="subtitle115">after a night in your bedchamber,</p>
<p begin="7178841669t" end="7209282079t" region="bottomCenter" style="s1" xml:id="subtitle116">because there was<br/>nothing left to live for.</p>
<p begin="7225137919t" end="7256419169t" region="bottomCenter" style="s1" xml:id="subtitle117">Tea house songs<br/>have a way of growing into fables.</p>
<p begin="7270593329t" end="7291454169t" region="bottomCenter" style="s1" xml:id="subtitle118">There will be new songs<br/>sung about you, Mei Lin.</p>
<p begin="7292284999t" end="7311053749t" region="bottomCenter" style="s1" xml:id="subtitle119">I hope not.</p>
<p begin="7324817499t" end="7339832499t" region="bottomCenter" style="s1" xml:id="subtitle120">You now long for anonymity?</p>
<p begin="7340663329t" end="7357770419t" region="bottomCenter" style="s1" xml:id="subtitle121">[distant drums beating]</p>
<p begin="7358601249t" end="7379872499t" region="bottomCenter" style="s1" xml:id="subtitle122">I think most do.</p>
<p begin="7410322919t" end="7427840419t" region="bottomCenter" style="s1" xml:id="subtitle123">The drums would disagree.</p>
<p begin="7446609169t" end="7492905419t" region="bottomCenter" style="s1" xml:id="subtitle124">Every set of beats<br/>tells of the Khan's mandate.</p>
<p begin="7493736249t" end="7522094579t" region="bottomCenter" style="s1" xml:id="subtitle125">And what do they say this night?</p>
<p begin="7535027499t" end="7546709169t" region="bottomCenter" style="s1" xml:id="subtitle126">War.</p>
<p begin="7648060419t" end="7693515829t" region="bottomCenter" style="s1" xml:id="subtitle127">[Jia Sidao] "Those skilled in warfare move<br/>the enemy, and are not moved by the enemy.</p>
<p begin="7718540829t" end="7748160419t" region="bottomCenter" style="s1" xml:id="subtitle128">Get the enemy to approach<br/>by his own accord.</p>
<p begin="7757329579t" end="7787779999t" region="bottomCenter" style="s1" xml:id="subtitle129">If he's at ease, exhaust him.</p>
<p begin="7788610829t" end="7828650829t" region="bottomCenter" style="s1" xml:id="subtitle130">Well fed, starve him.<br/>Settled, move him."</p>
<p begin="7843665829t" end="7897059169t" region="bottomCenter" style="s1" xml:id="subtitle131">I never knew you gave much merit<br/>to Sun Tzu's treatise on war.</p>
<p begin="7897889999t" end="7914576669t" region="bottomCenter" style="s1" xml:id="subtitle132">I don't.</p>
<p begin="7915407499t" end="7941683749t" region="bottomCenter" style="s1" xml:id="subtitle133">But the fat Mongol<br/>is trying to become Chinese.</p>
<p begin="7942514579t" end="7955867919t" region="bottomCenter" style="s1" xml:id="subtitle134">Do not think for one moment</p>
<p begin="7956698749t" end="7977139169t" region="bottomCenter" style="s1" xml:id="subtitle135">that he will not<br/>be consulting Sun Tzu's manual.</p>
<p begin="7977969999t" end="8011753749t" region="bottomCenter" style="s1" xml:id="subtitle136">So, if he expects us to attack,<br/>why mobilize?</p>
<p begin="8012584579t" end="8046788749t" region="bottomCenter" style="s1" xml:id="subtitle137">To draw the Mongols out.<br/>Kublai is sick with defeat.</p>
<p begin="8047619579t" end="8095167079t" region="bottomCenter" style="s1" xml:id="subtitle138">When he hears we are mobilizing,<br/>he will return, weakened in numbers,</p>
<p begin="8096007919t" end="8113935829t" region="bottomCenter" style="s1" xml:id="subtitle139">and by pride.</p>
<p begin="8188600419t" end="8209451249t" region="bottomCenter" style="s1" xml:id="subtitle140">Will they work?</p>
<p begin="8210282079t" end="8226968749t" region="bottomCenter" style="s1" xml:id="subtitle141">Every day we find<br/>the engines getting stronger--</p>
<p begin="8227799579t" end="8246157919t" region="bottomCenter" style="s1" xml:id="subtitle142">Will they work?</p>
<p begin="8255747499t" end="8269090829t" region="bottomCenter" style="s1" xml:id="subtitle143">By your will, Sire.</p>
<p begin="8281192919t" end="8299120829t" region="bottomCenter" style="s1" xml:id="subtitle144">And I will be ready to stand with them.</p>
<p begin="8299961669t" end="8323314999t" region="bottomCenter" style="s1" xml:id="subtitle145">We march whether<br/>they are ready or not.</p>
<p begin="8339160829t" end="8357519169t" region="bottomCenter" style="s1" xml:id="subtitle146">Vice Regent Yusuf gave his life</p>
<p begin="8358349999t" end="8380041669t" region="bottomCenter" style="s1" xml:id="subtitle147">to give you this opportunity.<br/>Remember that.</p>
<p begin="8404225829t" end="8438429999t" region="bottomCenter" style="s1" xml:id="subtitle148">I will avenge my brothers<br/>who fell at Xiangyang.</p>
<p begin="8439260829t" end="8449270829t" region="bottomCenter" style="s1" xml:id="subtitle149">And should I fail--</p>
<p begin="8450111669t" end="8495567079t" region="bottomCenter" style="s1" xml:id="subtitle150">Should you fail, I will leave you<br/>as carrion on the battlefield.</p>
<p begin="8622363750t" end="8639881250t" region="bottomCenter" style="s1" xml:id="subtitle151">[dog whimpering]</p>
<p begin="9058629580t" end="9096587500t" region="bottomCenter" style="s1" xml:id="subtitle152">I don't have much time<br/>before Judar finds me missing.</p>
<p begin="9097418330t" end="9125786670t" region="bottomCenter" style="s1" xml:id="subtitle153">I need to know if you will follow me.</p>
<p begin="9126617500t" end="9141632500t" region="bottomCenter" style="s1" xml:id="subtitle154">Follow you?</p>
<p begin="9166657500t" end="9190431250t" region="bottomCenter" style="s1" xml:id="subtitle155">I am to be Prince Jingim's wife.</p>
<p begin="9213784580t" end="9239650420t" region="bottomCenter" style="s1" xml:id="subtitle156">We must run. Now.</p>
<p begin="9296787500t" end="9316807500t" region="bottomCenter" style="s1" xml:id="subtitle157">I cannot.</p>
<p begin="9317638330t" end="9350591250t" region="bottomCenter" style="s1" xml:id="subtitle158">Is leaving here with me not your wish?</p>
<p begin="9484475000t" end="9506577080t" region="bottomCenter" style="s1" xml:id="subtitle159">We run, as you say.</p>
<p begin="9529099580t" end="9577898330t" region="bottomCenter" style="s1" xml:id="subtitle160">We make it past the guards,<br/>the gate, the mountains...</p>
<p begin="9588749170t" end="9618779170t" region="bottomCenter" style="s1" xml:id="subtitle161">and praise our good fortune<br/>every day we awaken.</p>
<p begin="9634204580t" end="9688849170t" region="bottomCenter" style="s1" xml:id="subtitle162">Because there will not be a single night<br/>in which we are fully certain</p>
<p begin="9689680000t" end="9722632920t" region="bottomCenter" style="s1" xml:id="subtitle163">that a Mongol blade<br/>will not find us in our sleep.</p>
<p begin="9735145420t" end="9783523750t" region="bottomCenter" style="s1" xml:id="subtitle164">There is nothing beyond those walls<br/>but doubt and fear.</p>
<p begin="9784354580t" end="9831491670t" region="bottomCenter" style="s1" xml:id="subtitle165">All we can change is here...<br/>in this place.</p>
<p begin="9832322500t" end="9862352500t" region="bottomCenter" style="s1" xml:id="subtitle166">And how do you propose to do that?</p>
<p begin="9863183330t" end="9893213330t" region="bottomCenter" style="s1" xml:id="subtitle167">I must win this war for the Khan.</p>
<p begin="9894054170t" end="9923243330t" region="bottomCenter" style="s1" xml:id="subtitle168">And you think he will give me to you?</p>
<p begin="9933253330t" end="9949109170t" region="bottomCenter" style="s1" xml:id="subtitle169">Just like that?</p>
<p begin="9968288330t" end="9984144170t" region="bottomCenter" style="s1" xml:id="subtitle170">It's the only way.</p>
<p begin="10290280000t" end="10310300000t" region="bottomCenter" style="s1" xml:id="subtitle171">[footsteps approaching]</p>
<p begin="10472131670t" end="10511751250t" region="bottomCenter" style="s1" xml:id="subtitle172">Do you desire a sip?<br/>I believe you need one.</p>
<p begin="10537196670t" end="10555965420t" region="bottomCenter" style="s1" xml:id="subtitle173">I just need your good words.</p>
<p begin="10614353750t" end="10666906250t" region="bottomCenter" style="s1" xml:id="subtitle174">In one of my darkest hours,<br/>cold and lost in the Wudang Mountains,</p>
<p begin="10681500830t" end="10725715000t" region="bottomCenter" style="s1" xml:id="subtitle175">my life was saved<br/>by a small yellow bird.</p>
<p begin="10747817080t" end="10759498750t" region="bottomCenter" style="s1" xml:id="subtitle176">How?</p>
<p begin="10760329580t" end="10784523750t" region="bottomCenter" style="s1" xml:id="subtitle177">I caught it and ate it.</p>
<p begin="10785354580t" end="10827066250t" region="bottomCenter" style="s1" xml:id="subtitle178">That is a terrible story, Sifu,<br/>in which I find no wisdom.</p>
<p begin="10853342500t" end="10878367500t" region="bottomCenter" style="s1" xml:id="subtitle179">Your destiny is sealed<br/>by those machines.</p>
<p begin="10879198330t" end="10901310420t" region="bottomCenter" style="s1" xml:id="subtitle180">When you march south,</p>
<p begin="10902141250t" end="10927997080t" region="bottomCenter" style="s1" xml:id="subtitle181">if you take the wall,<br/>you will be lauded.</p>
<p begin="10928837920t" end="10947606670t" region="bottomCenter" style="s1" xml:id="subtitle182">Should you fail,</p>
<p begin="10955524580t" end="10994733750t" region="bottomCenter" style="s1" xml:id="subtitle183">there is no other soul<br/>to sacrifice in your place.</p>
<p begin="10995564580t" end="11015584580t" region="bottomCenter" style="s1" xml:id="subtitle184">[Jingim]<br/>There will be no such march, Sifu.</p>
<p begin="11032691670t" end="11051460420t" region="bottomCenter" style="s1" xml:id="subtitle185">Not for the Latin.</p>
<p begin="11061050000t" end="11080649580t" region="bottomCenter" style="s1" xml:id="subtitle186">And when I return from Xiangyang,</p>
<p begin="11081490420t" end="11109017920t" region="bottomCenter" style="s1" xml:id="subtitle187">he will be well on his way home<br/>to his thief father.</p>
<p begin="11145304170t" end="11175744580t" region="bottomCenter" style="s1" xml:id="subtitle188">Defeat me now<br/>and you can fight in this war.</p>
<p begin="11176585420t" end="11221630420t" region="bottomCenter" style="s1" xml:id="subtitle189">Lose... and you will ride<br/>for Venice at first light.</p>
<p begin="12006574580t" end="12018676670t" region="bottomCenter" style="s1" xml:id="subtitle190">[Hundred Eyes] Enough.</p>
<p begin="12150057920t" end="12172990830t" region="bottomCenter" style="s1" xml:id="subtitle191">Avoid me on the field.</p>
<p begin="12281849580t" end="12304792500t" region="bottomCenter" style="s1" xml:id="subtitle192">Do you now desire that sip?</p>
<p begin="12516674170t" end="12541699170t" region="bottomCenter" style="s1" xml:id="subtitle193">The Empress has<br/>warned me about you.</p>
<p begin="12542530000t" end="12570477920t" region="bottomCenter" style="s1" xml:id="subtitle194">I am certain she has.</p>
<p begin="12591328750t" end="12626784170t" region="bottomCenter" style="s1" xml:id="subtitle195">Do you think I would grant you<br/>an audience with the Blue Princess?</p>
<p begin="12627615000t" end="12664321670t" region="bottomCenter" style="s1" xml:id="subtitle196">No. I have learned that lesson well.</p>
<p begin="12673490830t" end="12684752080t" region="bottomCenter" style="s1" xml:id="subtitle197">Clearly not.</p>
<p begin="12701018330t" end="12720627920t" region="bottomCenter" style="s1" xml:id="subtitle198">[Marco] I leave tonight with the army.</p>
<p begin="12733140420t" end="12747314580t" region="bottomCenter" style="s1" xml:id="subtitle199">But I will return.</p>
<p begin="12785272500t" end="12806964170t" region="bottomCenter" style="s1" xml:id="subtitle200">I do not ask to see her.</p>
<p begin="12807795000t" end="12841158330t" region="bottomCenter" style="s1" xml:id="subtitle201">All I ask is that you deliver<br/>something to her from me.</p>
<p begin="12869106250t" end="12882039170t" region="bottomCenter" style="s1" xml:id="subtitle202">This...</p>
<p begin="12893710830t" end="12907895000t" region="bottomCenter" style="s1" xml:id="subtitle203">is from the Silk Road...</p>
<p begin="12918325420t" end="12946263330t" region="bottomCenter" style="s1" xml:id="subtitle204">a place I hope to show her one day.</p>
<p begin="13043860830t" end="13065972920t" region="bottomCenter" style="s1" xml:id="subtitle205">[Taoist priest] The <span style="s1_1">I Ching</span> says this:</p>
<p begin="13066803750t" end="13112679580t" region="bottomCenter" style="s1" xml:id="subtitle206">"Attempt to seize all of China<br/>and destruction will follow.</p>
<p begin="13113520420t" end="13133120000t" region="bottomCenter" style="s1" xml:id="subtitle207">The Silk Road you once opened</p>
<p begin="13133950830t" end="13168985830t" region="bottomCenter" style="s1" xml:id="subtitle208">will be overtaken by<br/>a black cloud from the West,</p>
<p begin="13169826670t" end="13204441250t" region="bottomCenter" style="s1" xml:id="subtitle209">leaving nothing but weeds and nettles."</p>
<p begin="13205272080t" end="13225712500t" region="bottomCenter" style="s1" xml:id="subtitle210">You speak any more poetry, Priest,</p>
<p begin="13226543330t" end="13254491250t" region="bottomCenter" style="s1" xml:id="subtitle211">you'll be growing weeds and nettles<br/>out of your dung hole.</p>
<p begin="13255322080t" end="13274511250t" region="bottomCenter" style="s1" xml:id="subtitle212">Mind your nature, husband.</p>
<p begin="13286603330t" end="13342909580t" region="bottomCenter" style="s1" xml:id="subtitle213">Your Most Benevolent and Holy Khan,<br/>the <span style="s1_1">I Ching</span> tells no lies.</p>
<p begin="13343750420t" end="13358765420t" region="bottomCenter" style="s1" xml:id="subtitle214">Return war to the South</p>
<p begin="13359596250t" end="13385872500t" region="bottomCenter" style="s1" xml:id="subtitle215">and there may never be harmony</p>
<p begin="13386703330t" end="13426332920t" region="bottomCenter" style="s1" xml:id="subtitle216">between the heavenly and primal.</p>
<p begin="13601918329t" end="13624440829t" region="bottomCenter" style="s1" xml:id="subtitle217">You observe that?</p>
<p begin="13625281669t" end="13648634999t" region="bottomCenter" style="s1" xml:id="subtitle218">He looked at you<br/>when he said "the heavenly."</p>
<p begin="13649465829t" end="13681167499t" region="bottomCenter" style="s1" xml:id="subtitle219">Why conscript these priests<br/>and prophets into service</p>
<p begin="13681998329t" end="13694100419t" region="bottomCenter" style="s1" xml:id="subtitle220">if you do not heed their words?</p>
<p begin="13694931249t" end="13717874169t" region="bottomCenter" style="s1" xml:id="subtitle221">That priest is from South China.</p>
<p begin="13718704999t" end="13738304579t" region="bottomCenter" style="s1" xml:id="subtitle222">How do we know<br/>he does not have grandchildren</p>
<p begin="13739145419t" end="13756242499t" region="bottomCenter" style="s1" xml:id="subtitle223">behind those walls down there?</p>
<p begin="13757073329t" end="13774590829t" region="bottomCenter" style="s1" xml:id="subtitle224">Hear me, Kublai.</p>
<p begin="13775431669t" end="13804620829t" region="bottomCenter" style="s1" xml:id="subtitle225">You have only half the men and horses<br/>you had on the last march.</p>
<p begin="13805461669t" end="13817133329t" region="bottomCenter" style="s1" xml:id="subtitle226">Kaidu has gone north.</p>
<p begin="13817974169t" end="13831737919t" region="bottomCenter" style="s1" xml:id="subtitle227">Banished north.</p>
<p begin="13832568749t" end="13863019169t" region="bottomCenter" style="s1" xml:id="subtitle228">Your men are tired, uncertain.</p>
<p begin="13874280419t" end="13900556669t" region="bottomCenter" style="s1" xml:id="subtitle229">Another defeat will destroy the empire.</p>
<p begin="13913069169t" end="13947683749t" region="bottomCenter" style="s1" xml:id="subtitle230">Proclaiming peace will not only<br/>preserve men, it will preserve face.</p>
<p begin="13948514579t" end="13966872919t" region="bottomCenter" style="s1" xml:id="subtitle231">I care not about preserving face.</p>
<p begin="13967703749t" end="14012328329t" region="bottomCenter" style="s1" xml:id="subtitle232">Preserving life, then.<br/>My husband's life, my son's life.</p>
<p begin="14013169169t" end="14059044999t" region="bottomCenter" style="s1" xml:id="subtitle233">My war is with South China,<br/>not with my wife and Empress.</p>
<p begin="14059875829t" end="14097002919t" region="bottomCenter" style="s1" xml:id="subtitle234">You know I heed your wisdom,<br/>but there's no more waiting!</p>
<p begin="14097833749t" end="14143299169t" region="bottomCenter" style="s1" xml:id="subtitle235">This wall must break before me<br/>or I die trying!</p>
<p begin="14144129999t" end="14162067919t" region="bottomCenter" style="s1" xml:id="subtitle236">There's nothing else!</p>
<p begin="14519925419t" end="14532017499t" region="bottomCenter" style="s1" xml:id="subtitle237">[beads clattering]</p>
<p begin="14640045419t" end="14657562919t" region="bottomCenter" style="s1" xml:id="subtitle238">[drums beating]</p>
<p begin="14682587919t" end="14693428749t" region="bottomCenter" style="s1" xml:id="subtitle239">Hyah!</p>
<p begin="14776842079t" end="14793949169t" region="bottomCenter" style="s1" xml:id="subtitle240">[crickets chirping]</p>
<p begin="14944509579t" end="14960365419t" region="bottomCenter" style="s1" xml:id="subtitle241">[chirping stops]</p>
<p begin="15110094999t" end="15130945829t" region="bottomCenter" style="s1" xml:id="subtitle242">[men speaking Mandarin]</p>
<p begin="15271085829t" end="15286941669t" region="bottomCenter" style="s1" xml:id="subtitle243">[throat singing]</p>
<p begin="15455019579t" end="15466280829t" region="bottomCenter" style="s1" xml:id="subtitle244">Have you lit a fire?</p>
<p begin="15467121669t" end="15496310829t" region="bottomCenter" style="s1" xml:id="subtitle245">-I have.<br/>-Light four more.</p>
<p begin="15497151669t" end="15530935419t" region="bottomCenter" style="s1" xml:id="subtitle246">Each of us ignites five fires,<br/>every one man becomes many.</p>
<p begin="15545950419t" end="15570554999t" region="bottomCenter" style="s1" xml:id="subtitle247">An art of my great-grandfather's.</p>
<p begin="15571385829t" end="15596831249t" region="bottomCenter" style="s1" xml:id="subtitle248">War against the enemy's mind.</p>
<p begin="15620184579t" end="15661065419t" region="bottomCenter" style="s1" xml:id="subtitle249">I fear my father is desperate to believe<br/>in your European war machines.</p>
<p begin="15661896249t" end="15675239579t" region="bottomCenter" style="s1" xml:id="subtitle250">As am I.</p>
<p begin="15685669999t" end="15710274579t" region="bottomCenter" style="s1" xml:id="subtitle251">-Will they work?<br/>-They must.</p>
<p begin="15719874169t" end="15744899169t" region="bottomCenter" style="s1" xml:id="subtitle252">Is that how life works?</p>
<p begin="15802456669t" end="15827061249t" region="bottomCenter" style="s1" xml:id="subtitle253">Kaidu did not ride with the Khan.</p>
<p begin="15851665829t" end="15887121249t" region="bottomCenter" style="s1" xml:id="subtitle254">If we lose tomorrow,<br/>he will become Khan.</p>
<p begin="15887952079t" end="15898382499t" region="bottomCenter" style="s1" xml:id="subtitle255">Of what?</p>
<p begin="15899213329t" end="15941345419t" region="bottomCenter" style="s1" xml:id="subtitle256">There will be nothing left to rule<br/>when Chinese loyalty returns to Jia Sidao.</p>
<p begin="15956770829t" end="15991805829t" region="bottomCenter" style="s1" xml:id="subtitle257">In truth, I fear what may happen<br/>should we win.</p>
<p begin="16209943749t" end="16225379169t" region="bottomCenter" style="s1" xml:id="subtitle258">[singing stops]</p>
<p begin="16248732499t" end="16271675419t" region="bottomCenter" style="s1" xml:id="subtitle259">Please, sit.</p>
<p begin="16382195829t" end="16398462079t" region="bottomCenter" style="s1" xml:id="subtitle260">[singing resumes]</p>
<p begin="16600333749t" end="16652055419t" region="bottomCenter" style="s1" xml:id="subtitle261">What you did... defending me<br/>in front of your father and brother...</p>
<p begin="16667480829t" end="16685839169t" region="bottomCenter" style="s1" xml:id="subtitle262">I can never repay you.</p>
<p begin="16686669999t" end="16703356669t" region="bottomCenter" style="s1" xml:id="subtitle263">I simply spoke the truth.</p>
<p begin="16704187499t" end="16740473749t" region="bottomCenter" style="s1" xml:id="subtitle264">The man you must truly repay<br/>can never collect his debt.</p>
<p begin="16769252499t" end="16788021249t" region="bottomCenter" style="s1" xml:id="subtitle265">I must light my fires.</p>
<p begin="16836819999t" end="16856419579t" region="bottomCenter" style="s1" xml:id="subtitle266">Set my trebuchets.</p>
<p begin="16857260419t" end="16890623749t" region="bottomCenter" style="s1" xml:id="subtitle267">And test the Song wall.</p>
<p begin="17482885420t" end="17518751250t" region="bottomCenter" style="s1" xml:id="subtitle268">[Jia Sidao] Catapults.<br/>Tried and failed.</p>
<p begin="17525007500t" end="17546278750t" region="bottomCenter" style="s1" xml:id="subtitle269">[Red Brow] No, it's something else.</p>
<p begin="17547109580t" end="17574226670t" region="bottomCenter" style="s1" xml:id="subtitle270">-Are the men prepared?<br/>-They are.</p>
<p begin="17591744170t" end="17610512920t" region="bottomCenter" style="s1" xml:id="subtitle271">[Jia Sidao] Then let the war begin.</p>
<p begin="17660142500t" end="17676829170t" region="bottomCenter" style="s1" xml:id="subtitle272">[man shouting commands in Mandarin]</p>
<p begin="18121433330t" end="18140622500t" region="bottomCenter" style="s1" xml:id="subtitle273">Do you wish to give the order, Sire?</p>
<p begin="18393795420t" end="18407559170t" region="bottomCenter" style="s1" xml:id="subtitle274">Fire!</p>
<p begin="18508069580t" end="18525176670t" region="bottomCenter" style="s1" xml:id="subtitle275">[horse whinnying]</p>
<p begin="18604836250t" end="18619430830t" region="bottomCenter" style="s1" xml:id="subtitle276">More counterweight, Talib.</p>
<p begin="18620271670t" end="18641953330t" region="bottomCenter" style="s1" xml:id="subtitle277">-Any more weight, the axle will--<br/>-More counterweight!</p>
<p begin="18650301670t" end="18672403750t" region="bottomCenter" style="s1" xml:id="subtitle278">[Talib shouting orders]</p>
<p begin="18814625830t" end="18824635830t" region="bottomCenter" style="s1" xml:id="subtitle279">[Talib] Enough!</p>
<p begin="19283013750t" end="19305956670t" region="bottomCenter" style="s1" xml:id="subtitle280">-Again!<br/>-Again!</p>
<p begin="19328479170t" end="19342653330t" region="bottomCenter" style="s1" xml:id="subtitle281">[men screaming]</p>
<p begin="19577057500t" end="19601251670t" region="bottomCenter" style="s1" xml:id="subtitle282">[Jia Sidao] Take him to the tunnels.<br/>Wait for me there.</p>
<p begin="19653383750t" end="19670070420t" region="bottomCenter" style="s1" xml:id="subtitle283">Teacher, I'm scared.</p>
<p begin="19696757080t" end="19720951250t" region="bottomCenter" style="s1" xml:id="subtitle284">Do not fear the wolves of the steppe.</p>
<p begin="19721782080t" end="19759740000t" region="bottomCenter" style="s1" xml:id="subtitle285">They are but wind<br/>howling in the night, rattling doors.</p>
<p begin="19760570830t" end="19783093330t" region="bottomCenter" style="s1" xml:id="subtitle286">An emperor does not fear the thunder.</p>
<p begin="19783934170t" end="19801031250t" region="bottomCenter" style="s1" xml:id="subtitle287">All you need is this.</p>
<p begin="19814374580t" end="19841902080t" region="bottomCenter" style="s1" xml:id="subtitle288">I will come for you very soon.</p>
<p begin="20036266250t" end="20049199170t" region="bottomCenter" style="s1" xml:id="subtitle289">[Kublai grunting]</p>
<p begin="20190170000t" end="20203102920t" region="bottomCenter" style="s1" xml:id="subtitle290">Speak, boy.</p>
<p begin="20203933750t" end="20241471250t" region="bottomCenter" style="s1" xml:id="subtitle291">It is going to be a long night.<br/>A long day will follow.</p>
<p begin="20242302080t" end="20268167920t" region="bottomCenter" style="s1" xml:id="subtitle292">But it will be well worth it in the end.</p>
<p begin="20291521250t" end="20310290000t" region="bottomCenter" style="s1" xml:id="subtitle293">It doesn't feel as it should.</p>
<p begin="20319469170t" end="20331140830t" region="bottomCenter" style="s1" xml:id="subtitle294">Sire?</p>
<p begin="20331981670t" end="20355335000t" region="bottomCenter" style="s1" xml:id="subtitle295">I should feel more joy.</p>
<p begin="20356165830t" end="20399959580t" region="bottomCenter" style="s1" xml:id="subtitle296">When you are triumphant,<br/>happiness will come.</p>
<p begin="20407887500t" end="20423733330t" region="bottomCenter" style="s1" xml:id="subtitle297">You're certain?</p>
<p begin="20424574170t" end="20437497080t" region="bottomCenter" style="s1" xml:id="subtitle298">I am.</p>
<p begin="20452932500t" end="20487967500t" region="bottomCenter" style="s1" xml:id="subtitle299">You will take the wall<br/>and open the gate to all China.</p>
<p begin="20503813330t" end="20527176670t" region="bottomCenter" style="s1" xml:id="subtitle300">The dreams of your fathers<br/>will be realized.</p>
<p begin="20547196670t" end="20574303750t" region="bottomCenter" style="s1" xml:id="subtitle301">As will your own.</p>
<p begin="20581811250t" end="20607667080t" region="bottomCenter" style="s1" xml:id="subtitle302">I must return to the line.</p>
<p begin="20658968330t" end="20668978330t" region="bottomCenter" style="s1" xml:id="subtitle303">[Kublai winces]</p>
<p begin="20823302500t" end="20837066250t" region="bottomCenter" style="s1" xml:id="subtitle304">-Right, ready?<br/>-[men respond in native language]</p>
<p begin="20858757920t" end="20869178330t" region="bottomCenter" style="s1" xml:id="subtitle305">Left, ready?</p>
<p begin="20870019170t" end="20888787920t" region="bottomCenter" style="s1" xml:id="subtitle306">[men respond in native language]</p>
<p begin="20979288330t" end="20989298330t" region="bottomCenter" style="s1" xml:id="subtitle307">Fire.</p>
<p begin="21094403330t" end="21109418330t" region="bottomCenter" style="s1" xml:id="subtitle308">[whooshing]</p>
<p begin="21212441250t" end="21228287080t" region="bottomCenter" style="s1" xml:id="subtitle309">[soldiers cheering]</p>
<p begin="21276255000t" end="21305454170t" region="bottomCenter" style="s1" xml:id="subtitle310">They've broken through, Chancellor.</p>
<p begin="21346745420t" end="21389287920t" region="bottomCenter" style="s1" xml:id="subtitle311">All walls are built by men's hands<br/>and they crumble by them as well.</p>
<p begin="21409307920t" end="21448507080t" region="bottomCenter" style="s1" xml:id="subtitle312">I will commend the Khan<br/>just prior to taking his head.</p>
<p begin="21463942500t" end="21492300830t" region="bottomCenter" style="s1" xml:id="subtitle313">-Where is the breach?<br/>-East of the gate tower.</p>
<p begin="21522330830t" end="21564462920t" region="bottomCenter" style="s1" xml:id="subtitle314">They will charge in their<br/>Mongol formations by units of 10.</p>
<p begin="21565293750t" end="21600328750t" region="bottomCenter" style="s1" xml:id="subtitle315">Six of every 10 will be light archers.</p>
<p begin="21601159580t" end="21627025420t" region="bottomCenter" style="s1" xml:id="subtitle316">The remaining four<br/>will be heavy lancers.</p>
<p begin="21637035420t" end="21657055420t" region="bottomCenter" style="s1" xml:id="subtitle317">Are the fire lancers ready?</p>
<p begin="21657886250t" end="21686665000t" region="bottomCenter" style="s1" xml:id="subtitle318">At your word, I give the command.</p>
<p begin="21744642920t" end="21767165420t" region="bottomCenter" style="s1" xml:id="subtitle319">All horses to the breach.</p>
<p begin="21767996250t" end="21778426670t" region="bottomCenter" style="s1" xml:id="subtitle320">[responds in native language]</p>
<p begin="21779257500t" end="21792190420t" region="bottomCenter" style="s1" xml:id="subtitle321">[shouts command]</p>
<p begin="22068716670t" end="22078726670t" region="bottomCenter" style="s1" xml:id="subtitle322">Hyah!</p>
<p begin="22169227080t" end="22183411250t" region="bottomCenter" style="s1" xml:id="subtitle323">[all shouting]</p>
<p begin="22184242080t" end="22198005830t" region="bottomCenter" style="s1" xml:id="subtitle324">[man shouting commands in Mandarin]</p>
<p begin="22252230000t" end="22271419170t" region="bottomCenter" style="s1" xml:id="subtitle325">[shouting commands]</p>
<p begin="22286844580t" end="22303531250t" region="bottomCenter" style="s1" xml:id="subtitle326">[shouting commands]</p>
<p begin="22776924170t" end="22797775000t" region="bottomCenter" style="s1" xml:id="subtitle327">[shouting in distance]</p>
<p begin="22935412500t" end="22946673750t" region="bottomCenter" style="s1" xml:id="subtitle328">Now.</p>
<p begin="23063870830t" end="23086813750t" region="bottomCenter" style="s1" xml:id="subtitle329">[men shouting]</p>
<p begin="23168975830t" end="23181908750t" region="bottomCenter" style="s1" xml:id="subtitle330">[man shouting commands in Mandarin]</p>
<p begin="23230707500t" end="23251147920t" region="bottomCenter" style="s1" xml:id="subtitle331">[men grunting]</p>
<p begin="23285762500t" end="23306202920t" region="bottomCenter" style="s1" xml:id="subtitle332">[shouting]</p>
<p begin="23307033750t" end="23322048750t" region="bottomCenter" style="s1" xml:id="subtitle333">-[gunshots]<br/>-[men grunting]</p>
<p begin="23363760420t" end="23401297920t" region="bottomCenter" style="s1" xml:id="subtitle334">[shouting]</p>
<p begin="23518915420t" end="23534761250t" region="bottomCenter" style="s1" xml:id="subtitle335">[screaming]</p>
<p begin="23787934170t" end="23817123330t" region="bottomCenter" style="s1" xml:id="subtitle336">Black powder!<br/>Sidao has black powder!</p>
<p begin="23827133330t" end="23855501670t" region="bottomCenter" style="s1" xml:id="subtitle337">They've blocked the breach<br/>with spears of fire.</p>
<p begin="23856332500t" end="23872178330t" region="bottomCenter" style="s1" xml:id="subtitle338">They're slaughtering our men!</p>
<p begin="23873019170t" end="23884690830t" region="bottomCenter" style="s1" xml:id="subtitle339">Push through.</p>
<p begin="23900126250t" end="23930987080t" region="bottomCenter" style="s1" xml:id="subtitle340">Prince Jingim has fallen, Great Khan.</p>
<p begin="24096152080t" end="24107002920t" region="bottomCenter" style="s1" xml:id="subtitle341">[yells]</p>
<p begin="24151627500t" end="24173319170t" region="bottomCenter" style="s1" xml:id="subtitle342">[gunshots in distance]</p>
<p begin="24454850420t" end="24466111670t" region="bottomCenter" style="s1" xml:id="subtitle343">[groans]</p>
<p begin="24565370830t" end="24576632080t" region="bottomCenter" style="s1" xml:id="subtitle344">[panting]</p>
<p begin="24594570000t" end="24609585000t" region="bottomCenter" style="s1" xml:id="subtitle345">Surround the Prince!</p>
<p begin="24740135420t" end="24756401670t" region="bottomCenter" style="s1" xml:id="subtitle346">[gunshots]</p>
<p begin="24924900000t" end="24944499580t" region="bottomCenter" style="s1" xml:id="subtitle347">-[man shouts command in Mandarin]<br/>-[soldiers respond]</p>
<p begin="24945340420t" end="24957012080t" region="bottomCenter" style="s1" xml:id="subtitle348">[shouting]</p>
<p begin="25469193750t" end="25489213750t" region="bottomCenter" style="s1" xml:id="subtitle349">[men shouting]</p>
<p begin="25937992080t" end="25963017080t" region="bottomCenter" style="s1" xml:id="subtitle350">[Jia Sidao] A round-eye?</p>
<p begin="25979283330t" end="26015569580t" region="bottomCenter" style="s1" xml:id="subtitle351">What stake do you have in this fight?</p>
<p begin="26061865830t" end="26094818750t" region="bottomCenter" style="s1" xml:id="subtitle352">Come down and surrender to your Khan.</p>
<p begin="26138192080t" end="26159052920t" region="bottomCenter" style="s1" xml:id="subtitle353">Surrender the Song dynasty...</p>
<p begin="26175319170t" end="26189082920t" region="bottomCenter" style="s1" xml:id="subtitle354">to a Mongol...</p>
<p begin="26223277080t" end="26262065830t" region="bottomCenter" style="s1" xml:id="subtitle355">by order of a European.</p>
<p begin="26290844580t" end="26302946670t" region="bottomCenter" style="s1" xml:id="subtitle356">[grunts]</p>
<p begin="26401795420t" end="26411805420t" region="bottomCenter" style="s1" xml:id="subtitle357">Hmm.</p>
<p begin="26426820420t" end="26437661250t" region="bottomCenter" style="s1" xml:id="subtitle358">[bone breaking]</p>
<p begin="26508151670t" end="26519823330t" region="bottomCenter" style="s1" xml:id="subtitle359">[bone breaking]</p>
<p begin="26562365830t" end="26576129580t" region="bottomCenter" style="s1" xml:id="subtitle360">[Marco whimpering]</p>
<p begin="26599072500t" end="26632025420t" region="bottomCenter" style="s1" xml:id="subtitle361">You white devils...<br/>on the Silk Road...</p>
<p begin="26641615000t" end="26675398750t" region="bottomCenter" style="s1" xml:id="subtitle362">grovel for the Khan's favor.</p>
<p begin="26676229580t" end="26692085420t" region="bottomCenter" style="s1" xml:id="subtitle363">You have much to learn.</p>
<p begin="26692916250t" end="26713767080t" region="bottomCenter" style="s1" xml:id="subtitle364">[Hundred Eyes] Chancellor.</p>
<p begin="26714607920t" end="26756309580t" region="bottomCenter" style="s1" xml:id="subtitle365">Even a blind man can see that it is over.</p>
<p begin="27007810829t" end="27019072079t" region="bottomCenter" style="s1" xml:id="subtitle366">[bone breaking]</p>
<p begin="27189662499t" end="27209262079t" region="bottomCenter" style="s1" xml:id="subtitle367">[bones cracking]</p>
<p begin="27210102919t" end="27220943749t" region="bottomCenter" style="s1" xml:id="subtitle368">[grunts]</p>
<p begin="27563365829t" end="27578380829t" region="bottomCenter" style="s1" xml:id="subtitle369">[bones cracking]</p>
<p begin="27681824169t" end="27709762079t" region="bottomCenter" style="s1" xml:id="subtitle370">[grunting]</p>
<p begin="27887029169t" end="27927899999t" region="bottomCenter" style="s1" xml:id="subtitle371">[whispering] May Song dynasty<br/>endure 10,000 more years.</p>
<p begin="28104746669t" end="28114756669t" region="bottomCenter" style="s1" xml:id="subtitle372">[bones cracking]</p>
<p begin="28493044579t" end="28512654169t" region="bottomCenter" style="s1" xml:id="subtitle373">Where's the boy?</p>
<p begin="28543935419t" end="28561032499t" region="bottomCenter" style="s1" xml:id="subtitle374">-Find him.<br/>-[soldiers respond]</p>
<p begin="29066537499t" end="29099069999t" region="bottomCenter" style="s1" xml:id="subtitle375">[soldiers chanting]</p>
<p begin="29478619169t" end="29524915419t" region="bottomCenter" style="s1" xml:id="subtitle376">Auspicious that I didn't defeat you<br/>with my sword back in Cambulac.</p>
<p begin="29525746249t" end="29541592079t" region="bottomCenter" style="s1" xml:id="subtitle377">Prince.</p>
<p begin="29580380829t" end="29610000419t" region="bottomCenter" style="s1" xml:id="subtitle378">Our Khan will want to<br/>hear your account, Polo.</p>
<p begin="29624594999t" end="29666717079t" region="bottomCenter" style="s1" xml:id="subtitle379">Then he will hear that his son fought<br/>like his great-grandfather, Genghis.</p>
<p begin="29673814169t" end="29691331669t" region="bottomCenter" style="s1" xml:id="subtitle380">A Khan worthy of the throne.</p>
<p begin="29729699999t" end="29741792079t" region="bottomCenter" style="s1" xml:id="subtitle381">[grunts]</p>
<p begin="29810610829t" end="29829379579t" region="bottomCenter" style="s1" xml:id="subtitle382">Peace to you...</p>
<p begin="29830220419t" end="29843984169t" region="bottomCenter" style="s1" xml:id="subtitle383">brother.</p>
<p begin="30632271669t" end="30672722079t" region="bottomCenter" style="s1" xml:id="subtitle384">[men shouting]</p>
<p begin="30814113329t" end="30830799999t" region="bottomCenter" style="s1" xml:id="subtitle385">Kokachin.</p>
<p begin="31111079999t" end="31123172079t" region="bottomCenter" style="s1" xml:id="subtitle386">[man speaking native language]</p>
<p begin="31232451249t" end="31244963749t" region="bottomCenter" style="s1" xml:id="subtitle387">[grunts]</p>
<p begin="32029497499t" end="32046184169t" region="bottomCenter" style="s1" xml:id="subtitle388">-Do you like it?<br/>-[gasps]</p>
<p begin="32083721669t" end="32119587499t" region="bottomCenter" style="s1" xml:id="subtitle389">Liu Guandao,<br/>esteemed Song dynasty painter.</p>
<p begin="32134602499t" end="32169217079t" region="bottomCenter" style="s1" xml:id="subtitle390">If you do not like it,<br/>you do not have to say so.</p>
<p begin="32187154999t" end="32210097919t" region="bottomCenter" style="s1" xml:id="subtitle391">I find it...</p>
<p begin="32239707499t" end="32258476249t" region="bottomCenter" style="s1" xml:id="subtitle392">exquisite.</p>
</div>
</body>
</tt>
