﻿DE	EN	LENGTH	TAGS	TIME
	So that's our offer.	04	vtt	00:00:08
	We think it's a fair one, with advantages for both sides.	11	vtt	00:00:13
	Yes, well, we're prepared to consider your offer Ms Chan, if you can accept some conditions.	16	vtt	00:00:18
	And subject to consideration by the board.	07	vtt	00:00:21
	What are the conditions?	04	vtt	00:00:23
	Well, firstly the price you're proposing.	06	vtt	00:00:23
	Would that be variable depending on currency fluctuations?	08	vtt	00:00:29
	The issue is that we're in an unstable environment at the moment - the exchange rate could affect us negatively.	20	vtt	00:00:36
	Us too!	02	vtt	00:00:37
	True, but the problem is that we're tied to the U.S. dollar.	12	vtt	00:00:40
	We could consider hedging against currency in both directions.	09	vtt	00:00:44
	That would be acceptable.	04	vtt	00:00:47
	Another problem we may have is that of supply.	09	vtt	00:00:47
	Our customers often need supply at short notice.	08	vtt	00:00:53
	If we do get large orders, we need to guarantee delivery, so we need to stockpile.	16	vtt	00:00:53
	The difficulty there is the capital outlay.	07	vtt	00:00:58
	How would you feel about a partial offset against our sales?	11	vtt	00:01:04
	You mean a loan.	04	vtt	00:01:06
	I suppose so.	03	vtt	00:01:07
	Would you be agreeable to a deferred payment?	08	vtt	00:01:07
	We can provide security of course.	06	vtt	00:01:12
	I think that would be acceptable.	06	vtt	00:01:12
	Unfortunately, I would need to get Board approval for it.	10	vtt	00:01:19
	Of course.	02	vtt	00:01:20
	Then I think we might have a deal!	08	vtt	00:01:22
	In principle.	02	vtt	00:01:22
	Time to celebrate!	03	vtt	00:01:33
	In negotiations, it's usual for each side to have conditions that make the deal better, or safer for them.	19	vtt	00:01:38
	A condition is a change in the terms of a deal which is necessary before one side or the other agrees.	21	vtt	00:01:45
	Notice that Victor uses language carefully.	06	vtt	00:01:59
	He doesn't say we agree to your offer, he says we're prepared to consider your offer.	16	vtt	00:02:06
	He is signalling to the other side that there is a chance for agreement by using the word consider, which means think about .	24	vtt	00:02:14
	He then makes this conditional by saying, if you can accept some conditions.	13	vtt	00:02:14
	In English, using the word 'if' in this way is called a conditional.	13	vtt	00:02:26
	Victor is saying, We can consider your offer if you can accept some conditions.	14	vtt	00:02:26
	One part of the sentence is conditional on, or depending on the other.	13	vtt	00:02:37
	The negative is also true.	05	vtt	00:02:37
	If they can't accept the conditions, Victor can't consider the offer.	11	vtt	00:02:45
	Notice that Sue adds: subject to consideration by the board.	10	vtt	00:02:45
	'Subject to' is another type of conditional phrase.	08	vtt	00:02:52
	She means, We can agree if the board agrees.	09	vtt	00:03:00
	'Subject to' is a legal phrase meaning 'only if', or 'only after'.	12	vtt	00:03:00
	There are a number of expressions you can use when giving a condition.	13	vtt	00:03:06
	Try them after me: subject to the board's agreement.	09	vtt	00:03:17
	conditional on the board's agreement.	05	vtt	00:03:22
	providing that the board agrees.	05	vtt	00:03:26
	as long as the board agrees.	06	vtt	00:03:31
	on condition that the board agrees.	06	vtt	00:03:31
	Let's look now at Victor's first condition.	07	vtt	00:03:41
	Firstly the price you're proposing.	05	vtt	00:03:41
	When Victor is talking about conditions - he is exploring various scenarios - or things that could happen.	18	vtt	00:04:01
	Notice that he explains what the problem is.	08	vtt	00:04:01
	He says, The issue is that we're in an unstable environment.	11	vtt	00:04:10
	'The issue' means the problem, or the thing that needs discussing.	11	vtt	00:04:15
	Practise with Victor some ways of introducing a problem.	09	vtt	00:04:19
	The issue is the exchange rate.	06	vtt	00:04:24
	The problem is the exchange rate.	06	vtt	00:04:29
	The difficulty we have is with the exchange rate.	09	vtt	00:04:35
	One thing that could happen is that the exchange rate, the amount of money you can exchange in one currency for another, may change.	24	vtt	00:04:40
	Notice that Victor uses the words 'would' and 'could'.	09	vtt	00:04:48
	'Would' is like a conditional.	05	vtt	00:04:48
	One thing might result in another thing happening.	08	vtt	00:04:54
	The exchange rate might change.	05	vtt	00:04:58
	Victor is talking about the price for their product.	09	vtt	00:04:58
	He asks, Would that be variable depending on currency fluctuations?'Fluctuations are changes.	12	vtt	00:05:03
	We can express this another way: If the currency changes, will the price change?	14	vtt	00:05:13
	'Could' is used to express a possibility - something that might happen.	12	vtt	00:05:24
	Victor says, the exchange rate could affect us negatively.	09	vtt	00:05:24
	Notice that you can say something will affect you negatively - it will have a negative, or bad effect, or positively - it will have a positive, or good effect.	30	vtt	00:05:41
	What is Lin's response to this first condition, or concern of Victor's?	12	vtt	00:05:45
	Like Victor, Lin is being careful.	06	vtt	00:05:50
	She uses the word 'consider' rather than just agreeing.	09	vtt	00:05:56
	She's waiting until the whole deal is clear.	08	vtt	00:06:04
	We can give both questions and answers using these 'could' and 'would' phrases.	13	vtt	00:06:04
	Practise them after Lin and Victor.	06	vtt	00:06:10
	Would you consider hedging against currency?	06	vtt	00:06:15
	Would you agree to hedging against currency?	07	vtt	00:06:25
	We could consider hedging against currency.	06	vtt	00:06:31
	We could agree to hedging against currency.	07	vtt	00:06:31
	Sue comments: That would be acceptable.	06	vtt	00:06:31
	'Acceptable' simply means able to be accepted.	07	vtt	00:06:40
	They can agree to this solution.	06	vtt	00:06:40
	Practise with Sue some phrases you can use to agree, and disagree, to conditions.	14	vtt	00:06:54
	We can agree to that.	05	vtt	00:06:59
	We would be agreeable to that.	06	vtt	00:07:03
	That wouldn't be acceptable I'm afraid.	06	vtt	00:07:10
	I'm afraid we can't agree to that.	07	vtt	00:07:15
	We wouldn't be agreeable to that.	06	vtt	00:07:15
	Notice that to 'agree with' someone, is to think they are right.	12	vtt	00:07:22
	To 'agree to' something, is to accept a proposal.	09	vtt	00:07:28
	What is Victor's second condition?	05	vtt	00:07:28
	Let's see.	02	vtt	00:07:28
	If we do get large orders, we need to guarantee delivery - so we need to stockpile.	17	vtt	00:07:34
	You might use the phrase 'how would you feel about' something if you think it may be a difficult condition for the other side to accept.	26	vtt	00:07:51
	Sue puts this proposal a different way.	07	vtt	00:07:57
	Sue uses the phrase would you be agreeable Would you be agreeable to a deferred payment?	16	vtt	00:08:15
	A deferred payment is when you pay later for something you buy.	12	vtt	00:08:15
	Lin thinks this condition is acceptable, but she makes it conditional on Board approval by saying, I would need to get Board approval.	23	vtt	00:08:27
	Notice the stress on would .	06	vtt	00:08:27
	Practise some phrases you can use for this type of condition.	11	vtt	00:08:35
	That would have to have Board approval.	07	vtt	00:08:43
	The Board would need to approve that.	07	vtt	00:08:48
	That would be subject to Board approval.	07	vtt	00:08:48
	Sometimes conditions depend on other conditions.	06	vtt	00:08:58
	One side might say, We agree to your condition if So it's very important when negotiating to listen for words that signal a condition: words like if, could, would, provided or providing, as long as and subject to.	38	vtt	00:09:18
	And words that might signal a problem, such as problem, unfortunately, and however .	14	vtt	00:09:27
	Notice that even at the end, they are being careful about what they say.	14	vtt	00:09:32
	Lin agrees in principle.	04	vtt	00:09:34
	This means they have agreed on terms among themselves, but as she needs Board approval, she can't authorise the agreement right now.	22	vtt	00:09:48
	And right now we've reached the end of today's program.	10	vtt	00:09:48
	See you next time on the Business of English.	09	vtt	00:09:53
